cell_id,predictor,risk_policy,target_style,ego_init_id,footprint_margin_m_per_actor,primary_margin,ego_route_completion_duration_s,post_clearance_completion_lag_s,minimum_footprint_separation_m,footprint_collision,native_collision_any,fixed_geometry_yield_failure,completion_failure,continuous_outcome_missing_reasons,rollout_receipt_sha256,geometry_sources_json,dimensions_m_json,bbox_pose_offsets_rhs_json
B1_fixed_aggressive_assertive,B1,fixed_aggressive,assertive,101,0.0,0,10.75,8.649999968707561,1.6493955901576787,0,0,0,0,,dbe1eda2b01f44b202eb7042c454a2ecb17a35c306c91f816f328acf93619647,"[""scenario_result_carla_bounding_box"", ""scenario_result_carla_bounding_box""]","[4.673638820648193, 1.8118125200271606, 4.673638820648193, 1.8118125200271606]","[-0.002593994140625, -0.0, -0.0, -0.0025927722454071045, -9.272478895816505e-10, -0.0]"
B1_fixed_aggressive_assertive,B1,fixed_aggressive,assertive,101,0.25,1,10.75,8.649999968707561,1.0589627767685792,0,0,0,0,,dbe1eda2b01f44b202eb7042c454a2ecb17a35c306c91f816f328acf93619647,"[""scenario_result_carla_bounding_box"", ""scenario_result_carla_bounding_box""]","[4.673638820648193, 1.8118125200271606, 4.673638820648193, 1.8118125200271606]","[-0.002593994140625, -0.0, -0.0, -0.0025927722454071045, -9.272478895816505e-10, -0.0]"
B1_fixed_aggressive_assertive,B1,fixed_aggressive,assertive,101,0.35,0,10.75,8.649999968707561,0.8227896514129385,0,0,0,0,,dbe1eda2b01f44b202eb7042c454a2ecb17a35c306c91f816f328acf93619647,"[""scenario_result_carla_bounding_box"", ""scenario_result_carla_bounding_box""]","[4.673638820648193, 1.8118125200271606, 4.673638820648193, 1.8118125200271606]","[-0.002593994140625, -0.0, -0.0, -0.0025927722454071045, -9.272478895816505e-10, -0.0]"
B1_fixed_aggressive_assertive,B1,fixed_aggressive,assertive,101,0.5,0,10.75,8.649999968707561,0.4685299633794788,0,0,0,0,,dbe1eda2b01f44b202eb7042c454a2ecb17a35c306c91f816f328acf93619647,"[""scenario_result_carla_bounding_box"", ""scenario_result_carla_bounding_box""]","[4.673638820648193, 1.8118125200271606, 4.673638820648193, 1.8118125200271606]","[-0.002593994140625, -0.0, -0.0, -0.0025927722454071045, -9.272478895816505e-10, -0.0]"
B1_fixed_aggressive_assertive,B1,fixed_aggressive,assertive,102,0.0,0,9.5,7.3999999687075615,2.0518731083413124,0,0,0,0,,a02d9cf29a79ae6c3f4e83bf9b1d7d719fb0c9f2c4bb5a4e8a706112e59a3560,"[""scenario_result_carla_bounding_box"", ""scenario_result_carla_bounding_box""]","[4.673638820648193, 1.8118125200271606, 4.673638820648193, 1.8118125200271606]","[-0.002593994140625, -0.0, -0.0, -0.0025927722454071045, -9.272478895816505e-10, -0.0]"
B1_fixed_aggressive_assertive,B1,fixed_aggressive,assertive,102,0.25,1,9.5,7.3999999687075615,1.4656983874216671,0,0,0,0,,a02d9cf29a79ae6c3f4e83bf9b1d7d719fb0c9f2c4bb5a4e8a706112e59a3560,"[""scenario_result_carla_bounding_box"", ""scenario_result_carla_bounding_box""]","[4.673638820648193, 1.8118125200271606, 4.673638820648193, 1.8118125200271606]","[-0.002593994140625, -0.0, -0.0, -0.0025927722454071045, -9.272478895816505e-10, -0.0]"
B1_fixed_aggressive_assertive,B1,fixed_aggressive,assertive,102,0.35,0,9.5,7.3999999687075615,1.226440706353348,0,0,0,0,,a02d9cf29a79ae6c3f4e83bf9b1d7d719fb0c9f2c4bb5a4e8a706112e59a3560,"[""scenario_result_carla_bounding_box"", ""scenario_result_carla_bounding_box""]","[4.673638820648193, 1.8118125200271606, 4.673638820648193, 1.8118125200271606]","[-0.002593994140625, -0.0, -0.0, -0.0025927722454071045, -9.272478895816505e-10, -0.0]"
B1_fixed_aggressive_assertive,B1,fixed_aggressive,assertive,102,0.5,0,9.5,7.3999999687075615,0.8655210888044216,0,0,0,0,,a02d9cf29a79ae6c3f4e83bf9b1d7d719fb0c9f2c4bb5a4e8a706112e59a3560,"[""scenario_result_carla_bounding_box"", ""scenario_result_carla_bounding_box""]","[4.673638820648193, 1.8118125200271606, 4.673638820648193, 1.8118125200271606]","[-0.002593994140625, -0.0, -0.0, -0.0025927722454071045, -9.272478895816505e-10, -0.0]"
B1_fixed_aggressive_assertive,B1,fixed_aggressive,assertive,103,0.0,0,9.95,7.849999968707607,1.5301437677459522,0,0,0,0,,5ea829a9295b9ba122c298b72cee19ba688294903760adcb29a1986e208e3c96,"[""scenario_result_carla_bounding_box"", ""scenario_result_carla_bounding_box""]","[4.673638820648193, 1.8118125200271606, 4.673638820648193, 1.8118125200271606]","[-0.002593994140625, -0.0, -0.0, -0.0025927722454071045, -9.272478895816505e-10, -0.0]"
B1_fixed_aggressive_assertive,B1,fixed_aggressive,assertive,103,0.25,1,9.95,7.849999968707607,0.9391797335998439,0,0,0,0,,5ea829a9295b9ba122c298b72cee19ba688294903760adcb29a1986e208e3c96,"[""scenario_result_carla_bounding_box"", ""scenario_result_carla_bounding_box""]","[4.673638820648193, 1.8118125200271606, 4.673638820648193, 1.8118125200271606]","[-0.002593994140625, -0.0, -0.0, -0.0025927722454071045, -9.272478895816505e-10, -0.0]"
B1_fixed_aggressive_assertive,B1,fixed_aggressive,assertive,103,0.35,0,9.95,7.849999968707607,0.7027941199414003,0,0,0,0,,5ea829a9295b9ba122c298b72cee19ba688294903760adcb29a1986e208e3c96,"[""scenario_result_carla_bounding_box"", ""scenario_result_carla_bounding_box""]","[4.673638820648193, 1.8118125200271606, 4.673638820648193, 1.8118125200271606]","[-0.002593994140625, -0.0, -0.0, -0.0025927722454071045, -9.272478895816505e-10, -0.0]"
B1_fixed_aggressive_assertive,B1,fixed_aggressive,assertive,103,0.5,0,9.95,7.849999968707607,0.34814413552664203,0,0,0,0,,5ea829a9295b9ba122c298b72cee19ba688294903760adcb29a1986e208e3c96,"[""scenario_result_carla_bounding_box"", ""scenario_result_carla_bounding_box""]","[4.673638820648193, 1.8118125200271606, 4.673638820648193, 1.8118125200271606]","[-0.002593994140625, -0.0, -0.0, -0.0025927722454071045, -9.272478895816505e-10, -0.0]"
B1_fixed_aggressive_assertive,B1,fixed_aggressive,assertive,104,0.0,0,9.55,7.449999968707743,1.7129274993132075,0,0,0,0,,502ffad79a00342d1266ab046ee79db3f2b60326304fb3e0d3157c9e330b4430,"[""scenario_result_carla_bounding_box"", ""scenario_result_carla_bounding_box""]","[4.673638820648193, 1.8118125200271606, 4.673638820648193, 1.8118125200271606]","[-0.002593994140625, -0.0, -0.0, -0.0025927722454071045, -9.272478895816505e-10, -0.0]"
B1_fixed_aggressive_assertive,B1,fixed_aggressive,assertive,104,0.25,1,9.55,7.449999968707743,1.1147829227729373,0,0,0,0,,502ffad79a00342d1266ab046ee79db3f2b60326304fb3e0d3157c9e330b4430,"[""scenario_result_carla_bounding_box"", ""scenario_result_carla_bounding_box""]","[4.673638820648193, 1.8118125200271606, 4.673638820648193, 1.8118125200271606]","[-0.002593994140625, -0.0, -0.0, -0.0025927722454071045, -9.272478895816505e-10, -0.0]"
B1_fixed_aggressive_assertive,B1,fixed_aggressive,assertive,104,0.35,0,9.55,7.449999968707743,0.8787429891062392,0,0,0,0,,502ffad79a00342d1266ab046ee79db3f2b60326304fb3e0d3157c9e330b4430,"[""scenario_result_carla_bounding_box"", ""scenario_result_carla_bounding_box""]","[4.673638820648193, 1.8118125200271606, 4.673638820648193, 1.8118125200271606]","[-0.002593994140625, -0.0, -0.0, -0.0025927722454071045, -9.272478895816505e-10, -0.0]"
B1_fixed_aggressive_assertive,B1,fixed_aggressive,assertive,104,0.5,0,9.55,7.449999968707743,0.524998683380253,0,0,0,0,,502ffad79a00342d1266ab046ee79db3f2b60326304fb3e0d3157c9e330b4430,"[""scenario_result_carla_bounding_box"", ""scenario_result_carla_bounding_box""]","[4.673638820648193, 1.8118125200271606, 4.673638820648193, 1.8118125200271606]","[-0.002593994140625, -0.0, -0.0, -0.0025927722454071045, -9.272478895816505e-10, -0.0]"
B1_fixed_aggressive_assertive,B1,fixed_aggressive,assertive,105,0.0,0,10.3,8.199999968707573,2.081292659975264,0,0,0,0,,c96cc4a0c1eb6bbc868dd4daf2f7aa08ea0a1e1d3da72f00d7ce7a340950d35b,"[""scenario_result_carla_bounding_box"", ""scenario_result_carla_bounding_box""]","[4.673638820648193, 1.8118125200271606, 4.673638820648193, 1.8118125200271606]","[-0.002593994140625, -0.0, -0.0, -0.0025927722454071045, -9.272478895816505e-10, -0.0]"
B1_fixed_aggressive_assertive,B1,fixed_aggressive,assertive,105,0.25,1,10.3,8.199999968707573,1.494803720594744,0,0,0,0,,c96cc4a0c1eb6bbc868dd4daf2f7aa08ea0a1e1d3da72f00d7ce7a340950d35b,"[""scenario_result_carla_bounding_box"", ""scenario_result_carla_bounding_box""]","[4.673638820648193, 1.8118125200271606, 4.673638820648193, 1.8118125200271606]","[-0.002593994140625, -0.0, -0.0, -0.0025927722454071045, -9.272478895816505e-10, -0.0]"
B1_fixed_aggressive_assertive,B1,fixed_aggressive,assertive,105,0.35,0,10.3,8.199999968707573,1.2610084472854273,0,0,0,0,,c96cc4a0c1eb6bbc868dd4daf2f7aa08ea0a1e1d3da72f00d7ce7a340950d35b,"[""scenario_result_carla_bounding_box"", ""scenario_result_carla_bounding_box""]","[4.673638820648193, 1.8118125200271606, 4.673638820648193, 1.8118125200271606]","[-0.002593994140625, -0.0, -0.0, -0.0025927722454071045, -9.272478895816505e-10, -0.0]"
B1_fixed_aggressive_assertive,B1,fixed_aggressive,assertive,105,0.5,0,10.3,8.199999968707573,0.9103155373214517,0,0,0,0,,c96cc4a0c1eb6bbc868dd4daf2f7aa08ea0a1e1d3da72f00d7ce7a340950d35b,"[""scenario_result_carla_bounding_box"", ""scenario_result_carla_bounding_box""]","[4.673638820648193, 1.8118125200271606, 4.673638820648193, 1.8118125200271606]","[-0.002593994140625, -0.0, -0.0, -0.0025927722454071045, -9.272478895816505e-10, -0.0]"
B1_fixed_aggressive_reactive,B1,fixed_aggressive,reactive,101,0.0,0,11.4,8.799999961257072,1.649132593331003,0,0,0,0,,f83b05a2a29bd6dd8b89d83dc97f3f31c755634592de219c90e74a61f4db46f5,"[""scenario_result_carla_bounding_box"", ""scenario_result_carla_bounding_box""]","[4.673638820648193, 1.8118125200271606, 4.673638820648193, 1.8118125200271606]","[-0.002593994140625, -0.0, -0.0, -0.0025927722454071045, -9.272478895816505e-10, -0.0]"
B1_fixed_aggressive_reactive,B1,fixed_aggressive,reactive,101,0.25,1,11.4,8.799999961257072,1.058610443586742,0,0,0,0,,f83b05a2a29bd6dd8b89d83dc97f3f31c755634592de219c90e74a61f4db46f5,"[""scenario_result_carla_bounding_box"", ""scenario_result_carla_bounding_box""]","[4.673638820648193, 1.8118125200271606, 4.673638820648193, 1.8118125200271606]","[-0.002593994140625, -0.0, -0.0, -0.0025927722454071045, -9.272478895816505e-10, -0.0]"
B1_fixed_aggressive_reactive,B1,fixed_aggressive,reactive,101,0.35,0,11.4,8.799999961257072,0.8224232095700316,0,0,0,0,,f83b05a2a29bd6dd8b89d83dc97f3f31c755634592de219c90e74a61f4db46f5,"[""scenario_result_carla_bounding_box"", ""scenario_result_carla_bounding_box""]","[4.673638820648193, 1.8118125200271606, 4.673638820648193, 1.8118125200271606]","[-0.002593994140625, -0.0, -0.0, -0.0025927722454071045, -9.272478895816505e-10, -0.0]"
B1_fixed_aggressive_reactive,B1,fixed_aggressive,reactive,101,0.5,0,11.4,8.799999961257072,0.46814235854496705,0,0,0,0,,f83b05a2a29bd6dd8b89d83dc97f3f31c755634592de219c90e74a61f4db46f5,"[""scenario_result_carla_bounding_box"", ""scenario_result_carla_bounding_box""]","[4.673638820648193, 1.8118125200271606, 4.673638820648193, 1.8118125200271606]","[-0.002593994140625, -0.0, -0.0, -0.0025927722454071045, -9.272478895816505e-10, -0.0]"
B1_fixed_aggressive_reactive,B1,fixed_aggressive,reactive,102,0.0,0,11.45,8.849999961257026,1.975863961170575,0,0,0,0,,58f0f080a6cf573496d780464c364473ca016461cddf3f70a3d35bc099b49a6b,"[""scenario_result_carla_bounding_box"", ""scenario_result_carla_bounding_box""]","[4.673638820648193, 1.8118125200271606, 4.673638820648193, 1.8118125200271606]","[-0.002593994140625, -0.0, -0.0, -0.0025927722454071045, -9.272478895816505e-10, -0.0]"
B1_fixed_aggressive_reactive,B1,fixed_aggressive,reactive,102,0.25,1,11.45,8.849999961257026,1.3887785086152737,0,0,0,0,,58f0f080a6cf573496d780464c364473ca016461cddf3f70a3d35bc099b49a6b,"[""scenario_result_carla_bounding_box"", ""scenario_result_carla_bounding_box""]","[4.673638820648193, 1.8118125200271606, 4.673638820648193, 1.8118125200271606]","[-0.002593994140625, -0.0, -0.0, -0.0025927722454071045, -9.272478895816505e-10, -0.0]"
B1_fixed_aggressive_reactive,B1,fixed_aggressive,reactive,102,0.35,0,11.45,8.849999961257026,1.1539443275931531,0,0,0,0,,58f0f080a6cf573496d780464c364473ca016461cddf3f70a3d35bc099b49a6b,"[""scenario_result_carla_bounding_box"", ""scenario_result_carla_bounding_box""]","[4.673638820648193, 1.8118125200271606, 4.673638820648193, 1.8118125200271606]","[-0.002593994140625, -0.0, -0.0, -0.0025927722454071045, -9.272478895816505e-10, -0.0]"
B1_fixed_aggressive_reactive,B1,fixed_aggressive,reactive,102,0.5,0,11.45,8.849999961257026,0.8016930560599725,0,0,0,0,,58f0f080a6cf573496d780464c364473ca016461cddf3f70a3d35bc099b49a6b,"[""scenario_result_carla_bounding_box"", ""scenario_result_carla_bounding_box""]","[4.673638820648193, 1.8118125200271606, 4.673638820648193, 1.8118125200271606]","[-0.002593994140625, -0.0, -0.0, -0.0025927722454071045, -9.272478895816505e-10, -0.0]"
B1_fixed_aggressive_reactive,B1,fixed_aggressive,reactive,103,0.0,0,11.1,8.399999959766774,1.526732402176207,0,0,0,0,,71dd20aac900b2faef1dfa4efc3074cf696cb2e28168a806d736524f7113d637,"[""scenario_result_carla_bounding_box"", ""scenario_result_carla_bounding_box""]","[4.673638820648193, 1.8118125200271606, 4.673638820648193, 1.8118125200271606]","[-0.002593994140625, -0.0, -0.0, -0.0025927722454071045, -9.272478895816505e-10, -0.0]"
B1_fixed_aggressive_reactive,B1,fixed_aggressive,reactive,103,0.25,1,11.1,8.399999959766774,0.935701787420272,0,0,0,0,,71dd20aac900b2faef1dfa4efc3074cf696cb2e28168a806d736524f7113d637,"[""scenario_result_carla_bounding_box"", ""scenario_result_carla_bounding_box""]","[4.673638820648193, 1.8118125200271606, 4.673638820648193, 1.8118125200271606]","[-0.002593994140625, -0.0, -0.0, -0.0025927722454071045, -9.272478895816505e-10, -0.0]"
B1_fixed_aggressive_reactive,B1,fixed_aggressive,reactive,103,0.35,0,11.1,8.399999959766774,0.6992570709032774,0,0,0,0,,71dd20aac900b2faef1dfa4efc3074cf696cb2e28168a806d736524f7113d637,"[""scenario_result_carla_bounding_box"", ""scenario_result_carla_bounding_box""]","[4.673638820648193, 1.8118125200271606, 4.673638820648193, 1.8118125200271606]","[-0.002593994140625, -0.0, -0.0, -0.0025927722454071045, -9.272478895816505e-10, -0.0]"
B1_fixed_aggressive_reactive,B1,fixed_aggressive,reactive,103,0.5,0,11.1,8.399999959766774,0.3446774962344107,0,0,0,0,,71dd20aac900b2faef1dfa4efc3074cf696cb2e28168a806d736524f7113d637,"[""scenario_result_carla_bounding_box"", ""scenario_result_carla_bounding_box""]","[4.673638820648193, 1.8118125200271606, 4.673638820648193, 1.8118125200271606]","[-0.002593994140625, -0.0, -0.0, -0.0025927722454071045, -9.272478895816505e-10, -0.0]"
B1_fixed_aggressive_reactive,B1,fixed_aggressive,reactive,104,0.0,0,10.1,7.49999996125689,1.584338346504891,0,0,0,0,,ac168ef900641a336c2776a083e2af33052f8f2cc0d41b4ad79fb24b8d8f543b,"[""scenario_result_carla_bounding_box"", ""scenario_result_carla_bounding_box""]","[4.673638820648193, 1.8118125200271606, 4.673638820648193, 1.8118125200271606]","[-0.002593994140625, -0.0, -0.0, -0.0025927722454071045, -9.272478895816505e-10, -0.0]"
B1_fixed_aggressive_reactive,B1,fixed_aggressive,reactive,104,0.25,1,10.1,7.49999996125689,0.9937182135446642,0,0,0,0,,ac168ef900641a336c2776a083e2af33052f8f2cc0d41b4ad79fb24b8d8f543b,"[""scenario_result_carla_bounding_box"", ""scenario_result_carla_bounding_box""]","[4.673638820648193, 1.8118125200271606, 4.673638820648193, 1.8118125200271606]","[-0.002593994140625, -0.0, -0.0, -0.0025927722454071045, -9.272478895816505e-10, -0.0]"
B1_fixed_aggressive_reactive,B1,fixed_aggressive,reactive,104,0.35,0,10.1,7.49999996125689,0.7574391212345142,0,0,0,0,,ac168ef900641a336c2776a083e2af33052f8f2cc0d41b4ad79fb24b8d8f543b,"[""scenario_result_carla_bounding_box"", ""scenario_result_carla_bounding_box""]","[4.673638820648193, 1.8118125200271606, 4.673638820648193, 1.8118125200271606]","[-0.002593994140625, -0.0, -0.0, -0.0025927722454071045, -9.272478895816505e-10, -0.0]"
B1_fixed_aggressive_reactive,B1,fixed_aggressive,reactive,104,0.5,0,10.1,7.49999996125689,0.4030699676040967,0,0,0,0,,ac168ef900641a336c2776a083e2af33052f8f2cc0d41b4ad79fb24b8d8f543b,"[""scenario_result_carla_bounding_box"", ""scenario_result_carla_bounding_box""]","[4.673638820648193, 1.8118125200271606, 4.673638820648193, 1.8118125200271606]","[-0.002593994140625, -0.0, -0.0, -0.0025927722454071045, -9.272478895816505e-10, -0.0]"
B1_fixed_aggressive_reactive,B1,fixed_aggressive,reactive,105,0.0,0,10.95,8.34999996125697,1.8698031159993098,0,0,0,0,,831cfccff41e5dd7fc668c69e55692489c7b6bd90276a935e9fa9526e63766af,"[""scenario_result_carla_bounding_box"", ""scenario_result_carla_bounding_box""]","[4.673638820648193, 1.8118125200271606, 4.673638820648193, 1.8118125200271606]","[-0.002593994140625, -0.0, -0.0, -0.0025927722454071045, -9.272478895816505e-10, -0.0]"
B1_fixed_aggressive_reactive,B1,fixed_aggressive,reactive,105,0.25,1,10.95,8.34999996125697,1.2832253252090595,0,0,0,0,,831cfccff41e5dd7fc668c69e55692489c7b6bd90276a935e9fa9526e63766af,"[""scenario_result_carla_bounding_box"", ""scenario_result_carla_bounding_box""]","[4.673638820648193, 1.8118125200271606, 4.673638820648193, 1.8118125200271606]","[-0.002593994140625, -0.0, -0.0, -0.0025927722454071045, -9.272478895816505e-10, -0.0]"
B1_fixed_aggressive_reactive,B1,fixed_aggressive,reactive,105,0.35,0,10.95,8.34999996125697,1.0485942088929594,0,0,0,0,,831cfccff41e5dd7fc668c69e55692489c7b6bd90276a935e9fa9526e63766af,"[""scenario_result_carla_bounding_box"", ""scenario_result_carla_bounding_box""]","[4.673638820648193, 1.8118125200271606, 4.673638820648193, 1.8118125200271606]","[-0.002593994140625, -0.0, -0.0, -0.0025927722454071045, -9.272478895816505e-10, -0.0]"
B1_fixed_aggressive_reactive,B1,fixed_aggressive,reactive,105,0.5,0,10.95,8.34999996125697,0.6964430157405505,0,0,0,0,,831cfccff41e5dd7fc668c69e55692489c7b6bd90276a935e9fa9526e63766af,"[""scenario_result_carla_bounding_box"", ""scenario_result_carla_bounding_box""]","[4.673638820648193, 1.8118125200271606, 4.673638820648193, 1.8118125200271606]","[-0.002593994140625, -0.0, -0.0, -0.0025927722454071045, -9.272478895816505e-10, -0.0]"
B1_fixed_medium_assertive,B1,fixed_medium,assertive,101,0.0,0,12.05,9.949999968707516,1.6674086650207998,0,0,0,0,,e123660d9e65af9e396a56d453b9a6394435442ec74fd1212a648202ddb1fc75,"[""scenario_result_carla_bounding_box"", ""scenario_result_carla_bounding_box""]","[4.673638820648193, 1.8118125200271606, 4.673638820648193, 1.8118125200271606]","[-0.002593994140625, -0.0, -0.0, -0.0025927722454071045, -9.272478895816505e-10, -0.0]"
B1_fixed_medium_assertive,B1,fixed_medium,assertive,101,0.25,1,12.05,9.949999968707516,1.0771747083579302,0,0,0,0,,e123660d9e65af9e396a56d453b9a6394435442ec74fd1212a648202ddb1fc75,"[""scenario_result_carla_bounding_box"", ""scenario_result_carla_bounding_box""]","[4.673638820648193, 1.8118125200271606, 4.673638820648193, 1.8118125200271606]","[-0.002593994140625, -0.0, -0.0, -0.0025927722454071045, -9.272478895816505e-10, -0.0]"
B1_fixed_medium_assertive,B1,fixed_medium,assertive,101,0.35,0,12.05,9.949999968707516,0.841081125692782,0,0,0,0,,e123660d9e65af9e396a56d453b9a6394435442ec74fd1212a648202ddb1fc75,"[""scenario_result_carla_bounding_box"", ""scenario_result_carla_bounding_box""]","[4.673638820648193, 1.8118125200271606, 4.673638820648193, 1.8118125200271606]","[-0.002593994140625, -0.0, -0.0, -0.0025927722454071045, -9.272478895816505e-10, -0.0]"
B1_fixed_medium_assertive,B1,fixed_medium,assertive,101,0.5,0,12.05,9.949999968707516,0.48694075169506,0,0,0,0,,e123660d9e65af9e396a56d453b9a6394435442ec74fd1212a648202ddb1fc75,"[""scenario_result_carla_bounding_box"", ""scenario_result_carla_bounding_box""]","[4.673638820648193, 1.8118125200271606, 4.673638820648193, 1.8118125200271606]","[-0.002593994140625, -0.0, -0.0, -0.0025927722454071045, -9.272478895816505e-10, -0.0]"
B1_fixed_medium_assertive,B1,fixed_medium,assertive,102,0.0,0,11.1,8.99999996870747,2.0517369509408874,0,0,0,0,,bf4d7f97f50230fc0156b8f8c87e2356f959c8e6d463330959e36fe5054ce724,"[""scenario_result_carla_bounding_box"", ""scenario_result_carla_bounding_box""]","[4.673638820648193, 1.8118125200271606, 4.673638820648193, 1.8118125200271606]","[-0.002593994140625, -0.0, -0.0, -0.0025927722454071045, -9.272478895816505e-10, -0.0]"
B1_fixed_medium_assertive,B1,fixed_medium,assertive,102,0.25,1,11.1,8.99999996870747,1.465618346859131,0,0,0,0,,bf4d7f97f50230fc0156b8f8c87e2356f959c8e6d463330959e36fe5054ce724,"[""scenario_result_carla_bounding_box"", ""scenario_result_carla_bounding_box""]","[4.673638820648193, 1.8118125200271606, 4.673638820648193, 1.8118125200271606]","[-0.002593994140625, -0.0, -0.0, -0.0025927722454071045, -9.272478895816505e-10, -0.0]"
B1_fixed_medium_assertive,B1,fixed_medium,assertive,102,0.35,0,11.1,8.99999996870747,1.2268210239668396,0,0,0,0,,bf4d7f97f50230fc0156b8f8c87e2356f959c8e6d463330959e36fe5054ce724,"[""scenario_result_carla_bounding_box"", ""scenario_result_carla_bounding_box""]","[4.673638820648193, 1.8118125200271606, 4.673638820648193, 1.8118125200271606]","[-0.002593994140625, -0.0, -0.0, -0.0025927722454071045, -9.272478895816505e-10, -0.0]"
B1_fixed_medium_assertive,B1,fixed_medium,assertive,102,0.5,0,11.1,8.99999996870747,0.8658509599026916,0,0,0,0,,bf4d7f97f50230fc0156b8f8c87e2356f959c8e6d463330959e36fe5054ce724,"[""scenario_result_carla_bounding_box"", ""scenario_result_carla_bounding_box""]","[4.673638820648193, 1.8118125200271606, 4.673638820648193, 1.8118125200271606]","[-0.002593994140625, -0.0, -0.0, -0.0025927722454071045, -9.272478895816505e-10, -0.0]"
B1_fixed_medium_assertive,B1,fixed_medium,assertive,103,0.0,0,11.8,9.699999968707516,1.5302166903654013,0,0,0,0,,87f444cb9a02d456b938182962e7818be899d7516cacce8f9413f11e22122289,"[""scenario_result_carla_bounding_box"", ""scenario_result_carla_bounding_box""]","[4.673638820648193, 1.8118125200271606, 4.673638820648193, 1.8118125200271606]","[-0.002593994140625, -0.0, -0.0, -0.0025927722454071045, -9.272478895816505e-10, -0.0]"
B1_fixed_medium_assertive,B1,fixed_medium,assertive,103,0.25,1,11.8,9.699999968707516,0.9392529083570217,0,0,0,0,,87f444cb9a02d456b938182962e7818be899d7516cacce8f9413f11e22122289,"[""scenario_result_carla_bounding_box"", ""scenario_result_carla_bounding_box""]","[4.673638820648193, 1.8118125200271606, 4.673638820648193, 1.8118125200271606]","[-0.002593994140625, -0.0, -0.0, -0.0025927722454071045, -9.272478895816505e-10, -0.0]"
B1_fixed_medium_assertive,B1,fixed_medium,assertive,103,0.35,0,11.8,9.699999968707516,0.70286739555367,0,0,0,0,,87f444cb9a02d456b938182962e7818be899d7516cacce8f9413f11e22122289,"[""scenario_result_carla_bounding_box"", ""scenario_result_carla_bounding_box""]","[4.673638820648193, 1.8118125200271606, 4.673638820648193, 1.8118125200271606]","[-0.002593994140625, -0.0, -0.0, -0.0025927722454071045, -9.272478895816505e-10, -0.0]"
B1_fixed_medium_assertive,B1,fixed_medium,assertive,103,0.5,0,11.8,9.699999968707516,0.3482187627393987,0,0,0,0,,87f444cb9a02d456b938182962e7818be899d7516cacce8f9413f11e22122289,"[""scenario_result_carla_bounding_box"", ""scenario_result_carla_bounding_box""]","[4.673638820648193, 1.8118125200271606, 4.673638820648193, 1.8118125200271606]","[-0.002593994140625, -0.0, -0.0, -0.0025927722454071045, -9.272478895816505e-10, -0.0]"
B1_fixed_medium_assertive,B1,fixed_medium,assertive,104,0.0,0,9.5,7.3999999687075615,1.6726085384386329,0,0,0,0,,e5d6c09518d6edc1c28b5fafd5cfd9019122f075a59a4db07d7f2cf2adb6bebe,"[""scenario_result_carla_bounding_box"", ""scenario_result_carla_bounding_box""]","[4.673638820648193, 1.8118125200271606, 4.673638820648193, 1.8118125200271606]","[-0.002593994140625, -0.0, -0.0, -0.0025927722454071045, -9.272478895816505e-10, -0.0]"
B1_fixed_medium_assertive,B1,fixed_medium,assertive,104,0.25,1,9.5,7.3999999687075615,1.0763115691365257,0,0,0,0,,e5d6c09518d6edc1c28b5fafd5cfd9019122f075a59a4db07d7f2cf2adb6bebe,"[""scenario_result_carla_bounding_box"", ""scenario_result_carla_bounding_box""]","[4.673638820648193, 1.8118125200271606, 4.673638820648193, 1.8118125200271606]","[-0.002593994140625, -0.0, -0.0, -0.0025927722454071045, -9.272478895816505e-10, -0.0]"
B1_fixed_medium_assertive,B1,fixed_medium,assertive,104,0.35,0,9.5,7.3999999687075615,0.8403529639670165,0,0,0,0,,e5d6c09518d6edc1c28b5fafd5cfd9019122f075a59a4db07d7f2cf2adb6bebe,"[""scenario_result_carla_bounding_box"", ""scenario_result_carla_bounding_box""]","[4.673638820648193, 1.8118125200271606, 4.673638820648193, 1.8118125200271606]","[-0.002593994140625, -0.0, -0.0, -0.0025927722454071045, -9.272478895816505e-10, -0.0]"
B1_fixed_medium_assertive,B1,fixed_medium,assertive,104,0.5,0,9.5,7.3999999687075615,0.48641505621275327,0,0,0,0,,e5d6c09518d6edc1c28b5fafd5cfd9019122f075a59a4db07d7f2cf2adb6bebe,"[""scenario_result_carla_bounding_box"", ""scenario_result_carla_bounding_box""]","[4.673638820648193, 1.8118125200271606, 4.673638820648193, 1.8118125200271606]","[-0.002593994140625, -0.0, -0.0, -0.0025927722454071045, -9.272478895816505e-10, -0.0]"
B1_fixed_medium_assertive,B1,fixed_medium,assertive,105,0.0,0,10.45,8.349999968707607,2.027342359882465,0,0,0,0,,ed2234c8d1438426ae5739c0ddc12ea22bd6e03e7b5acbe89e5486618baf14c3,"[""scenario_result_carla_bounding_box"", ""scenario_result_carla_bounding_box""]","[4.673638820648193, 1.8118125200271606, 4.673638820648193, 1.8118125200271606]","[-0.002593994140625, -0.0, -0.0, -0.0025927722454071045, -9.272478895816505e-10, -0.0]"
B1_fixed_medium_assertive,B1,fixed_medium,assertive,105,0.25,1,10.45,8.349999968707607,1.4411214627375482,0,0,0,0,,ed2234c8d1438426ae5739c0ddc12ea22bd6e03e7b5acbe89e5486618baf14c3,"[""scenario_result_carla_bounding_box"", ""scenario_result_carla_bounding_box""]","[4.673638820648193, 1.8118125200271606, 4.673638820648193, 1.8118125200271606]","[-0.002593994140625, -0.0, -0.0, -0.0025927722454071045, -9.272478895816505e-10, -0.0]"
B1_fixed_medium_assertive,B1,fixed_medium,assertive,105,0.35,0,10.45,8.349999968707607,1.2072075488576413,0,0,0,0,,ed2234c8d1438426ae5739c0ddc12ea22bd6e03e7b5acbe89e5486618baf14c3,"[""scenario_result_carla_bounding_box"", ""scenario_result_carla_bounding_box""]","[4.673638820648193, 1.8118125200271606, 4.673638820648193, 1.8118125200271606]","[-0.002593994140625, -0.0, -0.0, -0.0025927722454071045, -9.272478895816505e-10, -0.0]"
B1_fixed_medium_assertive,B1,fixed_medium,assertive,105,0.5,0,10.45,8.349999968707607,0.856336678037781,0,0,0,0,,ed2234c8d1438426ae5739c0ddc12ea22bd6e03e7b5acbe89e5486618baf14c3,"[""scenario_result_carla_bounding_box"", ""scenario_result_carla_bounding_box""]","[4.673638820648193, 1.8118125200271606, 4.673638820648193, 1.8118125200271606]","[-0.002593994140625, -0.0, -0.0, -0.0025927722454071045, -9.272478895816505e-10, -0.0]"
B1_fixed_medium_reactive,B1,fixed_medium,reactive,101,0.0,0,11.4,8.799999961257072,1.649689102866936,0,0,0,0,,7b5f4e03d4dbb6e9b725bce0fd4a03aa577eb1814699e8f49c525257942757d6,"[""scenario_result_carla_bounding_box"", ""scenario_result_carla_bounding_box""]","[4.673638820648193, 1.8118125200271606, 4.673638820648193, 1.8118125200271606]","[-0.002593994140625, -0.0, -0.0, -0.0025927722454071045, -9.272478895816505e-10, -0.0]"
B1_fixed_medium_reactive,B1,fixed_medium,reactive,101,0.25,1,11.4,8.799999961257072,1.0591749273676274,0,0,0,0,,7b5f4e03d4dbb6e9b725bce0fd4a03aa577eb1814699e8f49c525257942757d6,"[""scenario_result_carla_bounding_box"", ""scenario_result_carla_bounding_box""]","[4.673638820648193, 1.8118125200271606, 4.673638820648193, 1.8118125200271606]","[-0.002593994140625, -0.0, -0.0, -0.0025927722454071045, -9.272478895816505e-10, -0.0]"
B1_fixed_medium_reactive,B1,fixed_medium,reactive,101,0.35,0,11.4,8.799999961257072,0.8229903331013955,0,0,0,0,,7b5f4e03d4dbb6e9b725bce0fd4a03aa577eb1814699e8f49c525257942757d6,"[""scenario_result_carla_bounding_box"", ""scenario_result_carla_bounding_box""]","[4.673638820648193, 1.8118125200271606, 4.673638820648193, 1.8118125200271606]","[-0.002593994140625, -0.0, -0.0, -0.0025927722454071045, -9.272478895816505e-10, -0.0]"
B1_fixed_medium_reactive,B1,fixed_medium,reactive,101,0.5,0,11.4,8.799999961257072,0.46871344170204915,0,0,0,0,,7b5f4e03d4dbb6e9b725bce0fd4a03aa577eb1814699e8f49c525257942757d6,"[""scenario_result_carla_bounding_box"", ""scenario_result_carla_bounding_box""]","[4.673638820648193, 1.8118125200271606, 4.673638820648193, 1.8118125200271606]","[-0.002593994140625, -0.0, -0.0, -0.0025927722454071045, -9.272478895816505e-10, -0.0]"
B1_fixed_medium_reactive,B1,fixed_medium,reactive,102,0.0,0,11.4,8.799999961257072,1.9750087733743886,0,0,0,0,,4b0d15e9dc987c5ee7843aaa8dc4417c03b2bc002db997be6aad2e700f8023cc,"[""scenario_result_carla_bounding_box"", ""scenario_result_carla_bounding_box""]","[4.673638820648193, 1.8118125200271606, 4.673638820648193, 1.8118125200271606]","[-0.002593994140625, -0.0, -0.0, -0.0025927722454071045, -9.272478895816505e-10, -0.0]"
B1_fixed_medium_reactive,B1,fixed_medium,reactive,102,0.25,1,11.4,8.799999961257072,1.387876490752546,0,0,0,0,,4b0d15e9dc987c5ee7843aaa8dc4417c03b2bc002db997be6aad2e700f8023cc,"[""scenario_result_carla_bounding_box"", ""scenario_result_carla_bounding_box""]","[4.673638820648193, 1.8118125200271606, 4.673638820648193, 1.8118125200271606]","[-0.002593994140625, -0.0, -0.0, -0.0025927722454071045, -9.272478895816505e-10, -0.0]"
B1_fixed_medium_reactive,B1,fixed_medium,reactive,102,0.35,0,11.4,8.799999961257072,1.1530235777038091,0,0,0,0,,4b0d15e9dc987c5ee7843aaa8dc4417c03b2bc002db997be6aad2e700f8023cc,"[""scenario_result_carla_bounding_box"", ""scenario_result_carla_bounding_box""]","[4.673638820648193, 1.8118125200271606, 4.673638820648193, 1.8118125200271606]","[-0.002593994140625, -0.0, -0.0, -0.0025927722454071045, -9.272478895816505e-10, -0.0]"
B1_fixed_medium_reactive,B1,fixed_medium,reactive,102,0.5,0,11.4,8.799999961257072,0.8007442081307043,0,0,0,0,,4b0d15e9dc987c5ee7843aaa8dc4417c03b2bc002db997be6aad2e700f8023cc,"[""scenario_result_carla_bounding_box"", ""scenario_result_carla_bounding_box""]","[4.673638820648193, 1.8118125200271606, 4.673638820648193, 1.8118125200271606]","[-0.002593994140625, -0.0, -0.0, -0.0025927722454071045, -9.272478895816505e-10, -0.0]"
B1_fixed_medium_reactive,B1,fixed_medium,reactive,103,0.0,0,11.15,8.449999959766956,1.5267702750440006,0,0,0,0,,cd9c93b6329b4a0d24c1f2d88768e502c6bcec09996f84608c2cfa9c9ef2dd69,"[""scenario_result_carla_bounding_box"", ""scenario_result_carla_bounding_box""]","[4.673638820648193, 1.8118125200271606, 4.673638820648193, 1.8118125200271606]","[-0.002593994140625, -0.0, -0.0, -0.0025927722454071045, -9.272478895816505e-10, -0.0]"
B1_fixed_medium_reactive,B1,fixed_medium,reactive,103,0.25,1,11.15,8.449999959766956,0.9357392046620323,0,0,0,0,,cd9c93b6329b4a0d24c1f2d88768e502c6bcec09996f84608c2cfa9c9ef2dd69,"[""scenario_result_carla_bounding_box"", ""scenario_result_carla_bounding_box""]","[4.673638820648193, 1.8118125200271606, 4.673638820648193, 1.8118125200271606]","[-0.002593994140625, -0.0, -0.0, -0.0025927722454071045, -9.272478895816505e-10, -0.0]"
B1_fixed_medium_reactive,B1,fixed_medium,reactive,103,0.35,0,11.15,8.449999959766956,0.6992934877824686,0,0,0,0,,cd9c93b6329b4a0d24c1f2d88768e502c6bcec09996f84608c2cfa9c9ef2dd69,"[""scenario_result_carla_bounding_box"", ""scenario_result_carla_bounding_box""]","[4.673638820648193, 1.8118125200271606, 4.673638820648193, 1.8118125200271606]","[-0.002593994140625, -0.0, -0.0, -0.0025927722454071045, -9.272478895816505e-10, -0.0]"
B1_fixed_medium_reactive,B1,fixed_medium,reactive,103,0.5,0,11.15,8.449999959766956,0.3447139541995299,0,0,0,0,,cd9c93b6329b4a0d24c1f2d88768e502c6bcec09996f84608c2cfa9c9ef2dd69,"[""scenario_result_carla_bounding_box"", ""scenario_result_carla_bounding_box""]","[4.673638820648193, 1.8118125200271606, 4.673638820648193, 1.8118125200271606]","[-0.002593994140625, -0.0, -0.0, -0.0025927722454071045, -9.272478895816505e-10, -0.0]"
B1_fixed_medium_reactive,B1,fixed_medium,reactive,104,0.0,0,10.05,7.449999961257163,1.5844465201712128,0,0,0,0,,a27af54b145eaaeab9fe3ce63239e2cba513a4edcd0576f9c49604049c7a41d4,"[""scenario_result_carla_bounding_box"", ""scenario_result_carla_bounding_box""]","[4.673638820648193, 1.8118125200271606, 4.673638820648193, 1.8118125200271606]","[-0.002593994140625, -0.0, -0.0, -0.0025927722454071045, -9.272478895816505e-10, -0.0]"
B1_fixed_medium_reactive,B1,fixed_medium,reactive,104,0.25,1,10.05,7.449999961257163,0.9938269991418124,0,0,0,0,,a27af54b145eaaeab9fe3ce63239e2cba513a4edcd0576f9c49604049c7a41d4,"[""scenario_result_carla_bounding_box"", ""scenario_result_carla_bounding_box""]","[4.673638820648193, 1.8118125200271606, 4.673638820648193, 1.8118125200271606]","[-0.002593994140625, -0.0, -0.0, -0.0025927722454071045, -9.272478895816505e-10, -0.0]"
B1_fixed_medium_reactive,B1,fixed_medium,reactive,104,0.35,0,10.05,7.449999961257163,0.757562996306906,0,0,0,0,,a27af54b145eaaeab9fe3ce63239e2cba513a4edcd0576f9c49604049c7a41d4,"[""scenario_result_carla_bounding_box"", ""scenario_result_carla_bounding_box""]","[4.673638820648193, 1.8118125200271606, 4.673638820648193, 1.8118125200271606]","[-0.002593994140625, -0.0, -0.0, -0.0025927722454071045, -9.272478895816505e-10, -0.0]"
B1_fixed_medium_reactive,B1,fixed_medium,reactive,104,0.5,0,10.05,7.449999961257163,0.40319459606772623,0,0,0,0,,a27af54b145eaaeab9fe3ce63239e2cba513a4edcd0576f9c49604049c7a41d4,"[""scenario_result_carla_bounding_box"", ""scenario_result_carla_bounding_box""]","[4.673638820648193, 1.8118125200271606, 4.673638820648193, 1.8118125200271606]","[-0.002593994140625, -0.0, -0.0, -0.0025927722454071045, -9.272478895816505e-10, -0.0]"
B1_fixed_medium_reactive,B1,fixed_medium,reactive,105,0.0,0,11.0,8.399999961256981,1.8696079340509337,0,0,0,0,,8b16e7b74940dffe964640db37970d066f99bd4538c2f0ed1aba38ac450c5a32,"[""scenario_result_carla_bounding_box"", ""scenario_result_carla_bounding_box""]","[4.673638820648193, 1.8118125200271606, 4.673638820648193, 1.8118125200271606]","[-0.002593994140625, -0.0, -0.0, -0.0025927722454071045, -9.272478895816505e-10, -0.0]"
B1_fixed_medium_reactive,B1,fixed_medium,reactive,105,0.25,1,11.0,8.399999961256981,1.283027606715174,0,0,0,0,,8b16e7b74940dffe964640db37970d066f99bd4538c2f0ed1aba38ac450c5a32,"[""scenario_result_carla_bounding_box"", ""scenario_result_carla_bounding_box""]","[4.673638820648193, 1.8118125200271606, 4.673638820648193, 1.8118125200271606]","[-0.002593994140625, -0.0, -0.0, -0.0025927722454071045, -9.272478895816505e-10, -0.0]"
B1_fixed_medium_reactive,B1,fixed_medium,reactive,105,0.35,0,11.0,8.399999961256981,1.0483954757808702,0,0,0,0,,8b16e7b74940dffe964640db37970d066f99bd4538c2f0ed1aba38ac450c5a32,"[""scenario_result_carla_bounding_box"", ""scenario_result_carla_bounding_box""]","[4.673638820648193, 1.8118125200271606, 4.673638820648193, 1.8118125200271606]","[-0.002593994140625, -0.0, -0.0, -0.0025927722454071045, -9.272478895816505e-10, -0.0]"
B1_fixed_medium_reactive,B1,fixed_medium,reactive,105,0.5,0,11.0,8.399999961256981,0.6962425066002657,0,0,0,0,,8b16e7b74940dffe964640db37970d066f99bd4538c2f0ed1aba38ac450c5a32,"[""scenario_result_carla_bounding_box"", ""scenario_result_carla_bounding_box""]","[4.673638820648193, 1.8118125200271606, 4.673638820648193, 1.8118125200271606]","[-0.002593994140625, -0.0, -0.0, -0.0025927722454071045, -9.272478895816505e-10, -0.0]"
B1_fixed_conservative_assertive,B1,fixed_conservative,assertive,101,0.0,0,10.35,8.249999968707584,1.6857237616645624,0,0,0,0,,6d025a22592970a0d517be573422a0158aaeb0e1c33b56c4690a754d122f1306,"[""scenario_result_carla_bounding_box"", ""scenario_result_carla_bounding_box""]","[4.673638820648193, 1.8118125200271606, 4.673638820648193, 1.8118125200271606]","[-0.002593994140625, -0.0, -0.0, -0.0025927722454071045, -9.272478895816505e-10, -0.0]"
B1_fixed_conservative_assertive,B1,fixed_conservative,assertive,101,0.25,1,10.35,8.249999968707584,1.0954970766015988,0,0,0,0,,6d025a22592970a0d517be573422a0158aaeb0e1c33b56c4690a754d122f1306,"[""scenario_result_carla_bounding_box"", ""scenario_result_carla_bounding_box""]","[4.673638820648193, 1.8118125200271606, 4.673638820648193, 1.8118125200271606]","[-0.002593994140625, -0.0, -0.0, -0.0025927722454071045, -9.272478895816505e-10, -0.0]"
B1_fixed_conservative_assertive,B1,fixed_conservative,assertive,101,0.35,0,10.35,8.249999968707584,0.8594064025764129,0,0,0,0,,6d025a22592970a0d517be573422a0158aaeb0e1c33b56c4690a754d122f1306,"[""scenario_result_carla_bounding_box"", ""scenario_result_carla_bounding_box""]","[4.673638820648193, 1.8118125200271606, 4.673638820648193, 1.8118125200271606]","[-0.002593994140625, -0.0, -0.0, -0.0025927722454071045, -9.272478895816505e-10, -0.0]"
B1_fixed_conservative_assertive,B1,fixed_conservative,assertive,101,0.5,0,10.35,8.249999968707584,0.5052703915386353,0,0,0,0,,6d025a22592970a0d517be573422a0158aaeb0e1c33b56c4690a754d122f1306,"[""scenario_result_carla_bounding_box"", ""scenario_result_carla_bounding_box""]","[4.673638820648193, 1.8118125200271606, 4.673638820648193, 1.8118125200271606]","[-0.002593994140625, -0.0, -0.0, -0.0025927722454071045, -9.272478895816505e-10, -0.0]"
B1_fixed_conservative_assertive,B1,fixed_conservative,assertive,102,0.0,0,10.2,8.099999968707607,2.0519910418463088,0,0,0,0,,1d978043799ed9b7823968f78036433f9f6735e488b0ce7f126a8cc05339ad14,"[""scenario_result_carla_bounding_box"", ""scenario_result_carla_bounding_box""]","[4.673638820648193, 1.8118125200271606, 4.673638820648193, 1.8118125200271606]","[-0.002593994140625, -0.0, -0.0, -0.0025927722454071045, -9.272478895816505e-10, -0.0]"
B1_fixed_conservative_assertive,B1,fixed_conservative,assertive,102,0.25,1,10.2,8.099999968707607,1.4658180740418263,0,0,0,0,,1d978043799ed9b7823968f78036433f9f6735e488b0ce7f126a8cc05339ad14,"[""scenario_result_carla_bounding_box"", ""scenario_result_carla_bounding_box""]","[4.673638820648193, 1.8118125200271606, 4.673638820648193, 1.8118125200271606]","[-0.002593994140625, -0.0, -0.0, -0.0025927722454071045, -9.272478895816505e-10, -0.0]"
B1_fixed_conservative_assertive,B1,fixed_conservative,assertive,102,0.35,0,10.2,8.099999968707607,1.2265349405696644,0,0,0,0,,1d978043799ed9b7823968f78036433f9f6735e488b0ce7f126a8cc05339ad14,"[""scenario_result_carla_bounding_box"", ""scenario_result_carla_bounding_box""]","[4.673638820648193, 1.8118125200271606, 4.673638820648193, 1.8118125200271606]","[-0.002593994140625, -0.0, -0.0, -0.0025927722454071045, -9.272478895816505e-10, -0.0]"
B1_fixed_conservative_assertive,B1,fixed_conservative,assertive,102,0.5,0,10.2,8.099999968707607,0.8656138203625124,0,0,0,0,,1d978043799ed9b7823968f78036433f9f6735e488b0ce7f126a8cc05339ad14,"[""scenario_result_carla_bounding_box"", ""scenario_result_carla_bounding_box""]","[4.673638820648193, 1.8118125200271606, 4.673638820648193, 1.8118125200271606]","[-0.002593994140625, -0.0, -0.0, -0.0025927722454071045, -9.272478895816505e-10, -0.0]"
B1_fixed_conservative_assertive,B1,fixed_conservative,assertive,103,0.0,0,10.05,7.949999968707516,1.514675765777207,0,0,0,0,,6217a258cf894dad7e40a4ea5777ec651717f7458c06a6228f461c734431a1c9,"[""scenario_result_carla_bounding_box"", ""scenario_result_carla_bounding_box""]","[4.673638820648193, 1.8118125200271606, 4.673638820648193, 1.8118125200271606]","[-0.002593994140625, -0.0, -0.0, -0.0025927722454071045, -9.272478895816505e-10, -0.0]"
B1_fixed_conservative_assertive,B1,fixed_conservative,assertive,103,0.25,1,10.05,7.949999968707516,0.923569289487086,0,0,0,0,,6217a258cf894dad7e40a4ea5777ec651717f7458c06a6228f461c734431a1c9,"[""scenario_result_carla_bounding_box"", ""scenario_result_carla_bounding_box""]","[4.673638820648193, 1.8118125200271606, 4.673638820648193, 1.8118125200271606]","[-0.002593994140625, -0.0, -0.0, -0.0025927722454071045, -9.272478895816505e-10, -0.0]"
B1_fixed_conservative_assertive,B1,fixed_conservative,assertive,103,0.35,0,10.05,7.949999968707516,0.6871266989710377,0,0,0,0,,6217a258cf894dad7e40a4ea5777ec651717f7458c06a6228f461c734431a1c9,"[""scenario_result_carla_bounding_box"", ""scenario_result_carla_bounding_box""]","[4.673638820648193, 1.8118125200271606, 4.673638820648193, 1.8118125200271606]","[-0.002593994140625, -0.0, -0.0, -0.0025927722454071045, -9.272478895816505e-10, -0.0]"
B1_fixed_conservative_assertive,B1,fixed_conservative,assertive,103,0.5,0,10.05,7.949999968707516,0.3324628131969658,0,0,0,0,,6217a258cf894dad7e40a4ea5777ec651717f7458c06a6228f461c734431a1c9,"[""scenario_result_carla_bounding_box"", ""scenario_result_carla_bounding_box""]","[4.673638820648193, 1.8118125200271606, 4.673638820648193, 1.8118125200271606]","[-0.002593994140625, -0.0, -0.0, -0.0025927722454071045, -9.272478895816505e-10, -0.0]"
B1_fixed_conservative_assertive,B1,fixed_conservative,assertive,104,0.0,0,9.5,7.3999999687075615,1.6729116677736517,0,0,0,0,,1b28095b96d194db0b2f6b7ae4ba04a9ebed5ae956313b1f26c1b4b024c5ef77,"[""scenario_result_carla_bounding_box"", ""scenario_result_carla_bounding_box""]","[4.673638820648193, 1.8118125200271606, 4.673638820648193, 1.8118125200271606]","[-0.002593994140625, -0.0, -0.0, -0.0025927722454071045, -9.272478895816505e-10, -0.0]"
B1_fixed_conservative_assertive,B1,fixed_conservative,assertive,104,0.25,1,9.5,7.3999999687075615,1.0765946062269929,0,0,0,0,,1b28095b96d194db0b2f6b7ae4ba04a9ebed5ae956313b1f26c1b4b024c5ef77,"[""scenario_result_carla_bounding_box"", ""scenario_result_carla_bounding_box""]","[4.673638820648193, 1.8118125200271606, 4.673638820648193, 1.8118125200271606]","[-0.002593994140625, -0.0, -0.0, -0.0025927722454071045, -9.272478895816505e-10, -0.0]"
B1_fixed_conservative_assertive,B1,fixed_conservative,assertive,104,0.35,0,9.5,7.3999999687075615,0.840636769515895,0,0,0,0,,1b28095b96d194db0b2f6b7ae4ba04a9ebed5ae956313b1f26c1b4b024c5ef77,"[""scenario_result_carla_bounding_box"", ""scenario_result_carla_bounding_box""]","[4.673638820648193, 1.8118125200271606, 4.673638820648193, 1.8118125200271606]","[-0.002593994140625, -0.0, -0.0, -0.0025927722454071045, -9.272478895816505e-10, -0.0]"
B1_fixed_conservative_assertive,B1,fixed_conservative,assertive,104,0.5,0,9.5,7.3999999687075615,0.48670001444924843,0,0,0,0,,1b28095b96d194db0b2f6b7ae4ba04a9ebed5ae956313b1f26c1b4b024c5ef77,"[""scenario_result_carla_bounding_box"", ""scenario_result_carla_bounding_box""]","[4.673638820648193, 1.8118125200271606, 4.673638820648193, 1.8118125200271606]","[-0.002593994140625, -0.0, -0.0, -0.0025927722454071045, -9.272478895816505e-10, -0.0]"
B1_fixed_conservative_assertive,B1,fixed_conservative,assertive,105,0.0,0,10.4,8.299999968707567,2.038945564341255,0,0,0,0,,8c975fd0d1b9693e5eff863e2090550908bab5e6562956add01f6a3f7e54640c,"[""scenario_result_carla_bounding_box"", ""scenario_result_carla_bounding_box""]","[4.673638820648193, 1.8118125200271606, 4.673638820648193, 1.8118125200271606]","[-0.002593994140625, -0.0, -0.0, -0.0025927722454071045, -9.272478895816505e-10, -0.0]"
B1_fixed_conservative_assertive,B1,fixed_conservative,assertive,105,0.25,1,10.4,8.299999968707567,1.4528595318400852,0,0,0,0,,8c975fd0d1b9693e5eff863e2090550908bab5e6562956add01f6a3f7e54640c,"[""scenario_result_carla_bounding_box"", ""scenario_result_carla_bounding_box""]","[4.673638820648193, 1.8118125200271606, 4.673638820648193, 1.8118125200271606]","[-0.002593994140625, -0.0, -0.0, -0.0025927722454071045, -9.272478895816505e-10, -0.0]"
B1_fixed_conservative_assertive,B1,fixed_conservative,assertive,105,0.35,0,10.4,8.299999968707567,1.218987256048916,0,0,0,0,,8c975fd0d1b9693e5eff863e2090550908bab5e6562956add01f6a3f7e54640c,"[""scenario_result_carla_bounding_box"", ""scenario_result_carla_bounding_box""]","[4.673638820648193, 1.8118125200271606, 4.673638820648193, 1.8118125200271606]","[-0.002593994140625, -0.0, -0.0, -0.0025927722454071045, -9.272478895816505e-10, -0.0]"
B1_fixed_conservative_assertive,B1,fixed_conservative,assertive,105,0.5,0,10.4,8.299999968707567,0.8681788423621607,0,0,0,0,,8c975fd0d1b9693e5eff863e2090550908bab5e6562956add01f6a3f7e54640c,"[""scenario_result_carla_bounding_box"", ""scenario_result_carla_bounding_box""]","[4.673638820648193, 1.8118125200271606, 4.673638820648193, 1.8118125200271606]","[-0.002593994140625, -0.0, -0.0, -0.0025927722454071045, -9.272478895816505e-10, -0.0]"
B1_fixed_conservative_reactive,B1,fixed_conservative,reactive,101,0.0,0,12.5,9.899999961256981,1.6496747156622766,0,0,0,0,,a28696954c54db2772183156e58abccc0c216bd775fef7fd91db21d0ea997dff,"[""scenario_result_carla_bounding_box"", ""scenario_result_carla_bounding_box""]","[4.673638820648193, 1.8118125200271606, 4.673638820648193, 1.8118125200271606]","[-0.002593994140625, -0.0, -0.0, -0.0025927722454071045, -9.272478895816505e-10, -0.0]"
B1_fixed_conservative_reactive,B1,fixed_conservative,reactive,101,0.25,1,12.5,9.899999961256981,1.0591596726315995,0,0,0,0,,a28696954c54db2772183156e58abccc0c216bd775fef7fd91db21d0ea997dff,"[""scenario_result_carla_bounding_box"", ""scenario_result_carla_bounding_box""]","[4.673638820648193, 1.8118125200271606, 4.673638820648193, 1.8118125200271606]","[-0.002593994140625, -0.0, -0.0, -0.0025927722454071045, -9.272478895816505e-10, -0.0]"
B1_fixed_conservative_reactive,B1,fixed_conservative,reactive,101,0.35,0,12.5,9.899999961256981,0.8229750085558839,0,0,0,0,,a28696954c54db2772183156e58abccc0c216bd775fef7fd91db21d0ea997dff,"[""scenario_result_carla_bounding_box"", ""scenario_result_carla_bounding_box""]","[4.673638820648193, 1.8118125200271606, 4.673638820648193, 1.8118125200271606]","[-0.002593994140625, -0.0, -0.0, -0.0025927722454071045, -9.272478895816505e-10, -0.0]"
B1_fixed_conservative_reactive,B1,fixed_conservative,reactive,101,0.5,0,12.5,9.899999961256981,0.4686980124423107,0,0,0,0,,a28696954c54db2772183156e58abccc0c216bd775fef7fd91db21d0ea997dff,"[""scenario_result_carla_bounding_box"", ""scenario_result_carla_bounding_box""]","[4.673638820648193, 1.8118125200271606, 4.673638820648193, 1.8118125200271606]","[-0.002593994140625, -0.0, -0.0, -0.0025927722454071045, -9.272478895816505e-10, -0.0]"
B1_fixed_conservative_reactive,B1,fixed_conservative,reactive,102,0.0,0,11.25,8.649999961256981,1.9574785472282208,0,0,0,0,,328935e9b3fd7fa9a9208f0d91b78137b43e308a2f8cac7f69f9ea01ce2ba4ba,"[""scenario_result_carla_bounding_box"", ""scenario_result_carla_bounding_box""]","[4.673638820648193, 1.8118125200271606, 4.673638820648193, 1.8118125200271606]","[-0.002593994140625, -0.0, -0.0, -0.0025927722454071045, -9.272478895816505e-10, -0.0]"
B1_fixed_conservative_reactive,B1,fixed_conservative,reactive,102,0.25,1,11.25,8.649999961256981,1.3703676280711703,0,0,0,0,,328935e9b3fd7fa9a9208f0d91b78137b43e308a2f8cac7f69f9ea01ce2ba4ba,"[""scenario_result_carla_bounding_box"", ""scenario_result_carla_bounding_box""]","[4.673638820648193, 1.8118125200271606, 4.673638820648193, 1.8118125200271606]","[-0.002593994140625, -0.0, -0.0, -0.0025927722454071045, -9.272478895816505e-10, -0.0]"
B1_fixed_conservative_reactive,B1,fixed_conservative,reactive,102,0.35,0,11.25,8.649999961256981,1.13552326040835,0,0,0,0,,328935e9b3fd7fa9a9208f0d91b78137b43e308a2f8cac7f69f9ea01ce2ba4ba,"[""scenario_result_carla_bounding_box"", ""scenario_result_carla_bounding_box""]","[4.673638820648193, 1.8118125200271606, 4.673638820648193, 1.8118125200271606]","[-0.002593994140625, -0.0, -0.0, -0.0025927722454071045, -9.272478895816505e-10, -0.0]"
B1_fixed_conservative_reactive,B1,fixed_conservative,reactive,102,0.5,0,11.25,8.649999961256981,0.78325670891412,0,0,0,0,,328935e9b3fd7fa9a9208f0d91b78137b43e308a2f8cac7f69f9ea01ce2ba4ba,"[""scenario_result_carla_bounding_box"", ""scenario_result_carla_bounding_box""]","[4.673638820648193, 1.8118125200271606, 4.673638820648193, 1.8118125200271606]","[-0.002593994140625, -0.0, -0.0, -0.0025927722454071045, -9.272478895816505e-10, -0.0]"
B1_fixed_conservative_reactive,B1,fixed_conservative,reactive,103,0.0,0,11.05,8.34999995976682,1.540218146133571,0,0,0,0,,27b6847d32521c27d9efdc7f95774eb2b7d1ff9f2ef22d609bef4cdbc29a35fe,"[""scenario_result_carla_bounding_box"", ""scenario_result_carla_bounding_box""]","[4.673638820648193, 1.8118125200271606, 4.673638820648193, 1.8118125200271606]","[-0.002593994140625, -0.0, -0.0, -0.0025927722454071045, -9.272478895816505e-10, -0.0]"
B1_fixed_conservative_reactive,B1,fixed_conservative,reactive,103,0.25,1,11.05,8.34999995976682,0.9493650294162448,0,0,0,0,,27b6847d32521c27d9efdc7f95774eb2b7d1ff9f2ef22d609bef4cdbc29a35fe,"[""scenario_result_carla_bounding_box"", ""scenario_result_carla_bounding_box""]","[4.673638820648193, 1.8118125200271606, 4.673638820648193, 1.8118125200271606]","[-0.002593994140625, -0.0, -0.0, -0.0025927722454071045, -9.272478895816505e-10, -0.0]"
B1_fixed_conservative_reactive,B1,fixed_conservative,reactive,103,0.35,0,11.05,8.34999995976682,0.7128938009124033,0,0,0,0,,27b6847d32521c27d9efdc7f95774eb2b7d1ff9f2ef22d609bef4cdbc29a35fe,"[""scenario_result_carla_bounding_box"", ""scenario_result_carla_bounding_box""]","[4.673638820648193, 1.8118125200271606, 4.673638820648193, 1.8118125200271606]","[-0.002593994140625, -0.0, -0.0, -0.0025927722454071045, -9.272478895816505e-10, -0.0]"
B1_fixed_conservative_reactive,B1,fixed_conservative,reactive,103,0.5,0,11.05,8.34999995976682,0.35837969516378587,0,0,0,0,,27b6847d32521c27d9efdc7f95774eb2b7d1ff9f2ef22d609bef4cdbc29a35fe,"[""scenario_result_carla_bounding_box"", ""scenario_result_carla_bounding_box""]","[4.673638820648193, 1.8118125200271606, 4.673638820648193, 1.8118125200271606]","[-0.002593994140625, -0.0, -0.0, -0.0025927722454071045, -9.272478895816505e-10, -0.0]"
B1_fixed_conservative_reactive,B1,fixed_conservative,reactive,104,0.0,0,10.1,7.499999961256975,1.602868090285015,0,0,0,0,,add1163f279958f5d53273dd0b007a892b2f3058ca9cd2d04f030b0e0e9329c3,"[""scenario_result_carla_bounding_box"", ""scenario_result_carla_bounding_box""]","[4.673638820648193, 1.8118125200271606, 4.673638820648193, 1.8118125200271606]","[-0.002593994140625, -0.0, -0.0, -0.0025927722454071045, -9.272478895816505e-10, -0.0]"
B1_fixed_conservative_reactive,B1,fixed_conservative,reactive,104,0.25,1,10.1,7.499999961256975,1.012346382513035,0,0,0,0,,add1163f279958f5d53273dd0b007a892b2f3058ca9cd2d04f030b0e0e9329c3,"[""scenario_result_carla_bounding_box"", ""scenario_result_carla_bounding_box""]","[4.673638820648193, 1.8118125200271606, 4.673638820648193, 1.8118125200271606]","[-0.002593994140625, -0.0, -0.0, -0.0025927722454071045, -9.272478895816505e-10, -0.0]"
B1_fixed_conservative_reactive,B1,fixed_conservative,reactive,104,0.35,0,10.1,7.499999961256975,0.7761376994042425,0,0,0,0,,add1163f279958f5d53273dd0b007a892b2f3058ca9cd2d04f030b0e0e9329c3,"[""scenario_result_carla_bounding_box"", ""scenario_result_carla_bounding_box""]","[4.673638820648193, 1.8118125200271606, 4.673638820648193, 1.8118125200271606]","[-0.002593994140625, -0.0, -0.0, -0.0025927722454071045, -9.272478895816505e-10, -0.0]"
B1_fixed_conservative_reactive,B1,fixed_conservative,reactive,104,0.5,0,10.1,7.499999961256975,0.4218039751193517,0,0,0,0,,add1163f279958f5d53273dd0b007a892b2f3058ca9cd2d04f030b0e0e9329c3,"[""scenario_result_carla_bounding_box"", ""scenario_result_carla_bounding_box""]","[4.673638820648193, 1.8118125200271606, 4.673638820648193, 1.8118125200271606]","[-0.002593994140625, -0.0, -0.0, -0.0025927722454071045, -9.272478895816505e-10, -0.0]"
B1_fixed_conservative_reactive,B1,fixed_conservative,reactive,105,0.0,0,11.5,8.899999961256981,1.8672794874115244,0,0,0,0,,6ba51e5f1dd55a6f5da929518bc017ee254dadc42a85ac56d737d8af88dfbe6f,"[""scenario_result_carla_bounding_box"", ""scenario_result_carla_bounding_box""]","[4.673638820648193, 1.8118125200271606, 4.673638820648193, 1.8118125200271606]","[-0.002593994140625, -0.0, -0.0, -0.0025927722454071045, -9.272478895816505e-10, -0.0]"
B1_fixed_conservative_reactive,B1,fixed_conservative,reactive,105,0.25,1,11.5,8.899999961256981,1.2806742692279822,0,0,0,0,,6ba51e5f1dd55a6f5da929518bc017ee254dadc42a85ac56d737d8af88dfbe6f,"[""scenario_result_carla_bounding_box"", ""scenario_result_carla_bounding_box""]","[4.673638820648193, 1.8118125200271606, 4.673638820648193, 1.8118125200271606]","[-0.002593994140625, -0.0, -0.0, -0.0025927722454071045, -9.272478895816505e-10, -0.0]"
B1_fixed_conservative_reactive,B1,fixed_conservative,reactive,105,0.35,0,11.5,8.899999961256981,1.0460321819545653,0,0,0,0,,6ba51e5f1dd55a6f5da929518bc017ee254dadc42a85ac56d737d8af88dfbe6f,"[""scenario_result_carla_bounding_box"", ""scenario_result_carla_bounding_box""]","[4.673638820648193, 1.8118125200271606, 4.673638820648193, 1.8118125200271606]","[-0.002593994140625, -0.0, -0.0, -0.0025927722454071045, -9.272478895816505e-10, -0.0]"
B1_fixed_conservative_reactive,B1,fixed_conservative,reactive,105,0.5,0,11.5,8.899999961256981,0.6938645315286569,0,0,0,0,,6ba51e5f1dd55a6f5da929518bc017ee254dadc42a85ac56d737d8af88dfbe6f,"[""scenario_result_carla_bounding_box"", ""scenario_result_carla_bounding_box""]","[4.673638820648193, 1.8118125200271606, 4.673638820648193, 1.8118125200271606]","[-0.002593994140625, -0.0, -0.0, -0.0025927722454071045, -9.272478895816505e-10, -0.0]"
B1_adaptive_assertive,B1,adaptive,assertive,101,0.0,0,11.65,9.549999968707539,1.6796708721732403,0,0,0,0,,9040490026c70f169c34cbf281db93f300f97af4d29e40e1c998a5de37c37dbe,"[""scenario_result_carla_bounding_box"", ""scenario_result_carla_bounding_box""]","[4.673638820648193, 1.8118125200271606, 4.673638820648193, 1.8118125200271606]","[-0.002593994140625, -0.0, -0.0, -0.0025927722454071045, -9.272478895816505e-10, -0.0]"
B1_adaptive_assertive,B1,adaptive,assertive,101,0.25,1,11.65,9.549999968707539,1.0895559372353625,0,0,0,0,,9040490026c70f169c34cbf281db93f300f97af4d29e40e1c998a5de37c37dbe,"[""scenario_result_carla_bounding_box"", ""scenario_result_carla_bounding_box""]","[4.673638820648193, 1.8118125200271606, 4.673638820648193, 1.8118125200271606]","[-0.002593994140625, -0.0, -0.0, -0.0025927722454071045, -9.272478895816505e-10, -0.0]"
B1_adaptive_assertive,B1,adaptive,assertive,101,0.35,0,11.65,9.549999968707539,0.853509963260212,0,0,0,0,,9040490026c70f169c34cbf281db93f300f97af4d29e40e1c998a5de37c37dbe,"[""scenario_result_carla_bounding_box"", ""scenario_result_carla_bounding_box""]","[4.673638820648193, 1.8118125200271606, 4.673638820648193, 1.8118125200271606]","[-0.002593994140625, -0.0, -0.0, -0.0025927722454071045, -9.272478895816505e-10, -0.0]"
B1_adaptive_assertive,B1,adaptive,assertive,101,0.5,0,11.65,9.549999968707539,0.49944100229748556,0,0,0,0,,9040490026c70f169c34cbf281db93f300f97af4d29e40e1c998a5de37c37dbe,"[""scenario_result_carla_bounding_box"", ""scenario_result_carla_bounding_box""]","[4.673638820648193, 1.8118125200271606, 4.673638820648193, 1.8118125200271606]","[-0.002593994140625, -0.0, -0.0, -0.0025927722454071045, -9.272478895816505e-10, -0.0]"
B1_adaptive_assertive,B1,adaptive,assertive,102,0.0,0,11.2,9.099999968707607,2.025045370278466,0,0,0,0,,9faad5de277c3e002408fe0d48d95f6d7f373fb036f0a018ab418acdb4aaeecb,"[""scenario_result_carla_bounding_box"", ""scenario_result_carla_bounding_box""]","[4.673638820648193, 1.8118125200271606, 4.673638820648193, 1.8118125200271606]","[-0.002593994140625, -0.0, -0.0, -0.0025927722454071045, -9.272478895816505e-10, -0.0]"
B1_adaptive_assertive,B1,adaptive,assertive,102,0.25,1,11.2,9.099999968707607,1.438140410591842,0,0,0,0,,9faad5de277c3e002408fe0d48d95f6d7f373fb036f0a018ab418acdb4aaeecb,"[""scenario_result_carla_bounding_box"", ""scenario_result_carla_bounding_box""]","[4.673638820648193, 1.8118125200271606, 4.673638820648193, 1.8118125200271606]","[-0.002593994140625, -0.0, -0.0, -0.0025927722454071045, -9.272478895816505e-10, -0.0]"
B1_adaptive_assertive,B1,adaptive,assertive,102,0.35,0,11.2,9.099999968707607,1.2033784267171934,0,0,0,0,,9faad5de277c3e002408fe0d48d95f6d7f373fb036f0a018ab418acdb4aaeecb,"[""scenario_result_carla_bounding_box"", ""scenario_result_carla_bounding_box""]","[4.673638820648193, 1.8118125200271606, 4.673638820648193, 1.8118125200271606]","[-0.002593994140625, -0.0, -0.0, -0.0025927722454071045, -9.272478895816505e-10, -0.0]"
B1_adaptive_assertive,B1,adaptive,assertive,102,0.5,0,11.2,9.099999968707607,0.8512354509052191,0,0,0,0,,9faad5de277c3e002408fe0d48d95f6d7f373fb036f0a018ab418acdb4aaeecb,"[""scenario_result_carla_bounding_box"", ""scenario_result_carla_bounding_box""]","[4.673638820648193, 1.8118125200271606, 4.673638820648193, 1.8118125200271606]","[-0.002593994140625, -0.0, -0.0, -0.0025927722454071045, -9.272478895816505e-10, -0.0]"
B1_adaptive_assertive,B1,adaptive,assertive,103,0.0,0,9.95,7.849999968707607,1.5301931677059601,0,0,0,0,,8f857a27e5c93331b6456980083d3f3fcbe20a8f9d2e4c90520ededbb25f9a9b,"[""scenario_result_carla_bounding_box"", ""scenario_result_carla_bounding_box""]","[4.673638820648193, 1.8118125200271606, 4.673638820648193, 1.8118125200271606]","[-0.002593994140625, -0.0, -0.0, -0.0025927722454071045, -9.272478895816505e-10, -0.0]"
B1_adaptive_assertive,B1,adaptive,assertive,103,0.25,1,9.95,7.849999968707607,0.9392305343567177,0,0,0,0,,8f857a27e5c93331b6456980083d3f3fcbe20a8f9d2e4c90520ededbb25f9a9b,"[""scenario_result_carla_bounding_box"", ""scenario_result_carla_bounding_box""]","[4.673638820648193, 1.8118125200271606, 4.673638820648193, 1.8118125200271606]","[-0.002593994140625, -0.0, -0.0, -0.0025927722454071045, -9.272478895816505e-10, -0.0]"
B1_adaptive_assertive,B1,adaptive,assertive,103,0.35,0,9.95,7.849999968707607,0.7028454810170197,0,0,0,0,,8f857a27e5c93331b6456980083d3f3fcbe20a8f9d2e4c90520ededbb25f9a9b,"[""scenario_result_carla_bounding_box"", ""scenario_result_carla_bounding_box""]","[4.673638820648193, 1.8118125200271606, 4.673638820648193, 1.8118125200271606]","[-0.002593994140625, -0.0, -0.0, -0.0025927722454071045, -9.272478895816505e-10, -0.0]"
B1_adaptive_assertive,B1,adaptive,assertive,103,0.5,0,9.95,7.849999968707607,0.34819686831057656,0,0,0,0,,8f857a27e5c93331b6456980083d3f3fcbe20a8f9d2e4c90520ededbb25f9a9b,"[""scenario_result_carla_bounding_box"", ""scenario_result_carla_bounding_box""]","[4.673638820648193, 1.8118125200271606, 4.673638820648193, 1.8118125200271606]","[-0.002593994140625, -0.0, -0.0, -0.0025927722454071045, -9.272478895816505e-10, -0.0]"
B1_adaptive_assertive,B1,adaptive,assertive,104,0.0,0,9.55,7.449999968707743,1.6725346487829515,0,0,0,0,,98b76c63f834ea2d1e03a2b5099b0c4c5e60dab26381f98b214192bc09b27cac,"[""scenario_result_carla_bounding_box"", ""scenario_result_carla_bounding_box""]","[4.673638820648193, 1.8118125200271606, 4.673638820648193, 1.8118125200271606]","[-0.002593994140625, -0.0, -0.0, -0.0025927722454071045, -9.272478895816505e-10, -0.0]"
B1_adaptive_assertive,B1,adaptive,assertive,104,0.25,1,9.55,7.449999968707743,1.076234765836552,0,0,0,0,,98b76c63f834ea2d1e03a2b5099b0c4c5e60dab26381f98b214192bc09b27cac,"[""scenario_result_carla_bounding_box"", ""scenario_result_carla_bounding_box""]","[4.673638820648193, 1.8118125200271606, 4.673638820648193, 1.8118125200271606]","[-0.002593994140625, -0.0, -0.0, -0.0025927722454071045, -9.272478895816505e-10, -0.0]"
B1_adaptive_assertive,B1,adaptive,assertive,104,0.35,0,9.55,7.449999968707743,0.8402762254591395,0,0,0,0,,98b76c63f834ea2d1e03a2b5099b0c4c5e60dab26381f98b214192bc09b27cac,"[""scenario_result_carla_bounding_box"", ""scenario_result_carla_bounding_box""]","[4.673638820648193, 1.8118125200271606, 4.673638820648193, 1.8118125200271606]","[-0.002593994140625, -0.0, -0.0, -0.0025927722454071045, -9.272478895816505e-10, -0.0]"
B1_adaptive_assertive,B1,adaptive,assertive,104,0.5,0,9.55,7.449999968707743,0.4863384148930216,0,0,0,0,,98b76c63f834ea2d1e03a2b5099b0c4c5e60dab26381f98b214192bc09b27cac,"[""scenario_result_carla_bounding_box"", ""scenario_result_carla_bounding_box""]","[4.673638820648193, 1.8118125200271606, 4.673638820648193, 1.8118125200271606]","[-0.002593994140625, -0.0, -0.0, -0.0025927722454071045, -9.272478895816505e-10, -0.0]"
B1_adaptive_assertive,B1,adaptive,assertive,105,0.0,0,10.35,8.249999968707584,2.0409339970517397,0,0,0,0,,d90db9b62a5b6720c181516ddd494f0e43d0f83eb605596d626c2d906c61cc2c,"[""scenario_result_carla_bounding_box"", ""scenario_result_carla_bounding_box""]","[4.673638820648193, 1.8118125200271606, 4.673638820648193, 1.8118125200271606]","[-0.002593994140625, -0.0, -0.0, -0.0025927722454071045, -9.272478895816505e-10, -0.0]"
B1_adaptive_assertive,B1,adaptive,assertive,105,0.25,1,10.35,8.249999968707584,1.4548344351792313,0,0,0,0,,d90db9b62a5b6720c181516ddd494f0e43d0f83eb605596d626c2d906c61cc2c,"[""scenario_result_carla_bounding_box"", ""scenario_result_carla_bounding_box""]","[4.673638820648193, 1.8118125200271606, 4.673638820648193, 1.8118125200271606]","[-0.002593994140625, -0.0, -0.0, -0.0025927722454071045, -9.272478895816505e-10, -0.0]"
B1_adaptive_assertive,B1,adaptive,assertive,105,0.35,0,10.35,8.249999968707584,1.2209679637115636,0,0,0,0,,d90db9b62a5b6720c181516ddd494f0e43d0f83eb605596d626c2d906c61cc2c,"[""scenario_result_carla_bounding_box"", ""scenario_result_carla_bounding_box""]","[4.673638820648193, 1.8118125200271606, 4.673638820648193, 1.8118125200271606]","[-0.002593994140625, -0.0, -0.0, -0.0025927722454071045, -9.272478895816505e-10, -0.0]"
B1_adaptive_assertive,B1,adaptive,assertive,105,0.5,0,10.35,8.249999968707584,0.8701682565100631,0,0,0,0,,d90db9b62a5b6720c181516ddd494f0e43d0f83eb605596d626c2d906c61cc2c,"[""scenario_result_carla_bounding_box"", ""scenario_result_carla_bounding_box""]","[4.673638820648193, 1.8118125200271606, 4.673638820648193, 1.8118125200271606]","[-0.002593994140625, -0.0, -0.0, -0.0025927722454071045, -9.272478895816505e-10, -0.0]"
B1_adaptive_reactive,B1,adaptive,reactive,101,0.0,0,11.35,8.749999961257004,1.6488468308293605,0,0,0,0,,b6157cde4aec87bd5004bbc7c37145c33680d115da2842b823f8e42ac7230b74,"[""scenario_result_carla_bounding_box"", ""scenario_result_carla_bounding_box""]","[4.673638820648193, 1.8118125200271606, 4.673638820648193, 1.8118125200271606]","[-0.002593994140625, -0.0, -0.0, -0.0025927722454071045, -9.272478895816505e-10, -0.0]"
B1_adaptive_reactive,B1,adaptive,reactive,101,0.25,1,11.35,8.749999961257004,1.0583218569746329,0,0,0,0,,b6157cde4aec87bd5004bbc7c37145c33680d115da2842b823f8e42ac7230b74,"[""scenario_result_carla_bounding_box"", ""scenario_result_carla_bounding_box""]","[4.673638820648193, 1.8118125200271606, 4.673638820648193, 1.8118125200271606]","[-0.002593994140625, -0.0, -0.0, -0.0025927722454071045, -9.272478895816505e-10, -0.0]"
B1_adaptive_reactive,B1,adaptive,reactive,101,0.35,0,11.35,8.749999961257004,0.8221338298912546,0,0,0,0,,b6157cde4aec87bd5004bbc7c37145c33680d115da2842b823f8e42ac7230b74,"[""scenario_result_carla_bounding_box"", ""scenario_result_carla_bounding_box""]","[4.673638820648193, 1.8118125200271606, 4.673638820648193, 1.8118125200271606]","[-0.002593994140625, -0.0, -0.0, -0.0025927722454071045, -9.272478895816505e-10, -0.0]"
B1_adaptive_reactive,B1,adaptive,reactive,101,0.5,0,11.35,8.749999961257004,0.4678517892661871,0,0,0,0,,b6157cde4aec87bd5004bbc7c37145c33680d115da2842b823f8e42ac7230b74,"[""scenario_result_carla_bounding_box"", ""scenario_result_carla_bounding_box""]","[4.673638820648193, 1.8118125200271606, 4.673638820648193, 1.8118125200271606]","[-0.002593994140625, -0.0, -0.0, -0.0025927722454071045, -9.272478895816505e-10, -0.0]"
B1_adaptive_reactive,B1,adaptive,reactive,102,0.0,0,11.65,9.049999961257072,1.9774509770609294,0,0,0,0,,fc27266eeb1ae991f1446edf8d2eed90ce8bbaafae82898e827d949530bb8ea6,"[""scenario_result_carla_bounding_box"", ""scenario_result_carla_bounding_box""]","[4.673638820648193, 1.8118125200271606, 4.673638820648193, 1.8118125200271606]","[-0.002593994140625, -0.0, -0.0, -0.0025927722454071045, -9.272478895816505e-10, -0.0]"
B1_adaptive_reactive,B1,adaptive,reactive,102,0.25,1,11.65,9.049999961257072,1.390668590201789,0,0,0,0,,fc27266eeb1ae991f1446edf8d2eed90ce8bbaafae82898e827d949530bb8ea6,"[""scenario_result_carla_bounding_box"", ""scenario_result_carla_bounding_box""]","[4.673638820648193, 1.8118125200271606, 4.673638820648193, 1.8118125200271606]","[-0.002593994140625, -0.0, -0.0, -0.0025927722454071045, -9.272478895816505e-10, -0.0]"
B1_adaptive_reactive,B1,adaptive,reactive,102,0.35,0,11.65,9.049999961257072,1.1559556354581324,0,0,0,0,,fc27266eeb1ae991f1446edf8d2eed90ce8bbaafae82898e827d949530bb8ea6,"[""scenario_result_carla_bounding_box"", ""scenario_result_carla_bounding_box""]","[4.673638820648193, 1.8118125200271606, 4.673638820648193, 1.8118125200271606]","[-0.002593994140625, -0.0, -0.0, -0.0025927722454071045, -9.272478895816505e-10, -0.0]"
B1_adaptive_reactive,B1,adaptive,reactive,102,0.5,0,11.65,9.049999961257072,0.8038862033426479,0,0,0,0,,fc27266eeb1ae991f1446edf8d2eed90ce8bbaafae82898e827d949530bb8ea6,"[""scenario_result_carla_bounding_box"", ""scenario_result_carla_bounding_box""]","[4.673638820648193, 1.8118125200271606, 4.673638820648193, 1.8118125200271606]","[-0.002593994140625, -0.0, -0.0, -0.0025927722454071045, -9.272478895816505e-10, -0.0]"
B1_adaptive_reactive,B1,adaptive,reactive,103,0.0,0,10.3,7.599999959767047,1.526395222170258,0,0,0,0,,dc340bee1003f5b8ba7d336a38d8fa8c950cc2c60698f2ce32c24d7d15cdea23,"[""scenario_result_carla_bounding_box"", ""scenario_result_carla_bounding_box""]","[4.673638820648193, 1.8118125200271606, 4.673638820648193, 1.8118125200271606]","[-0.002593994140625, -0.0, -0.0, -0.0025927722454071045, -9.272478895816505e-10, -0.0]"
B1_adaptive_reactive,B1,adaptive,reactive,103,0.25,1,10.3,7.599999959767047,0.9353615953693959,0,0,0,0,,dc340bee1003f5b8ba7d336a38d8fa8c950cc2c60698f2ce32c24d7d15cdea23,"[""scenario_result_carla_bounding_box"", ""scenario_result_carla_bounding_box""]","[4.673638820648193, 1.8118125200271606, 4.673638820648193, 1.8118125200271606]","[-0.002593994140625, -0.0, -0.0, -0.0025927722454071045, -9.272478895816505e-10, -0.0]"
B1_adaptive_reactive,B1,adaptive,reactive,103,0.35,0,10.3,7.599999959767047,0.6989183224107312,0,0,0,0,,dc340bee1003f5b8ba7d336a38d8fa8c950cc2c60698f2ce32c24d7d15cdea23,"[""scenario_result_carla_bounding_box"", ""scenario_result_carla_bounding_box""]","[4.673638820648193, 1.8118125200271606, 4.673638820648193, 1.8118125200271606]","[-0.002593994140625, -0.0, -0.0, -0.0025927722454071045, -9.272478895816505e-10, -0.0]"
B1_adaptive_reactive,B1,adaptive,reactive,103,0.5,0,10.3,7.599999959767047,0.34433809224997985,0,0,0,0,,dc340bee1003f5b8ba7d336a38d8fa8c950cc2c60698f2ce32c24d7d15cdea23,"[""scenario_result_carla_bounding_box"", ""scenario_result_carla_bounding_box""]","[4.673638820648193, 1.8118125200271606, 4.673638820648193, 1.8118125200271606]","[-0.002593994140625, -0.0, -0.0, -0.0025927722454071045, -9.272478895816505e-10, -0.0]"
B1_adaptive_reactive,B1,adaptive,reactive,104,0.0,0,10.0,7.399999961256981,1.5840798679626926,0,0,0,0,,ea6567ada9686423339cdf2e497c23ca738ac8ab90aa4da81902328ceae1020a,"[""scenario_result_carla_bounding_box"", ""scenario_result_carla_bounding_box""]","[4.673638820648193, 1.8118125200271606, 4.673638820648193, 1.8118125200271606]","[-0.002593994140625, -0.0, -0.0, -0.0025927722454071045, -9.272478895816505e-10, -0.0]"
B1_adaptive_reactive,B1,adaptive,reactive,104,0.25,1,10.0,7.399999961256981,0.9934583219388524,0,0,0,0,,ea6567ada9686423339cdf2e497c23ca738ac8ab90aa4da81902328ceae1020a,"[""scenario_result_carla_bounding_box"", ""scenario_result_carla_bounding_box""]","[4.673638820648193, 1.8118125200271606, 4.673638820648193, 1.8118125200271606]","[-0.002593994140625, -0.0, -0.0, -0.0025927722454071045, -9.272478895816505e-10, -0.0]"
B1_adaptive_reactive,B1,adaptive,reactive,104,0.35,0,10.0,7.399999961256981,0.7572097035293164,0,0,0,0,,ea6567ada9686423339cdf2e497c23ca738ac8ab90aa4da81902328ceae1020a,"[""scenario_result_carla_bounding_box"", ""scenario_result_carla_bounding_box""]","[4.673638820648193, 1.8118125200271606, 4.673638820648193, 1.8118125200271606]","[-0.002593994140625, -0.0, -0.0, -0.0025927722454071045, -9.272478895816505e-10, -0.0]"
B1_adaptive_reactive,B1,adaptive,reactive,104,0.5,0,10.0,7.399999961256981,0.40283677591501227,0,0,0,0,,ea6567ada9686423339cdf2e497c23ca738ac8ab90aa4da81902328ceae1020a,"[""scenario_result_carla_bounding_box"", ""scenario_result_carla_bounding_box""]","[4.673638820648193, 1.8118125200271606, 4.673638820648193, 1.8118125200271606]","[-0.002593994140625, -0.0, -0.0, -0.0025927722454071045, -9.272478895816505e-10, -0.0]"
B1_adaptive_reactive,B1,adaptive,reactive,105,0.0,0,11.0,8.399999961256981,1.8713909148375787,0,0,0,0,,3f6efefa2307b8b79ef44b1d4a975555acd0df1055b095a2c5b138fda63e4cc6,"[""scenario_result_carla_bounding_box"", ""scenario_result_carla_bounding_box""]","[4.673638820648193, 1.8118125200271606, 4.673638820648193, 1.8118125200271606]","[-0.002593994140625, -0.0, -0.0, -0.0025927722454071045, -9.272478895816505e-10, -0.0]"
B1_adaptive_reactive,B1,adaptive,reactive,105,0.25,1,11.0,8.399999961256981,1.2848230738463107,0,0,0,0,,3f6efefa2307b8b79ef44b1d4a975555acd0df1055b095a2c5b138fda63e4cc6,"[""scenario_result_carla_bounding_box"", ""scenario_result_carla_bounding_box""]","[4.673638820648193, 1.8118125200271606, 4.673638820648193, 1.8118125200271606]","[-0.002593994140625, -0.0, -0.0, -0.0025927722454071045, -9.272478895816505e-10, -0.0]"
B1_adaptive_reactive,B1,adaptive,reactive,105,0.35,0,11.0,8.399999961256981,1.0501959374498038,0,0,0,0,,3f6efefa2307b8b79ef44b1d4a975555acd0df1055b095a2c5b138fda63e4cc6,"[""scenario_result_carla_bounding_box"", ""scenario_result_carla_bounding_box""]","[4.673638820648193, 1.8118125200271606, 4.673638820648193, 1.8118125200271606]","[-0.002593994140625, -0.0, -0.0, -0.0025927722454071045, -9.272478895816505e-10, -0.0]"
B1_adaptive_reactive,B1,adaptive,reactive,105,0.5,0,11.0,8.399999961256981,0.6980515410488951,0,0,0,0,,3f6efefa2307b8b79ef44b1d4a975555acd0df1055b095a2c5b138fda63e4cc6,"[""scenario_result_carla_bounding_box"", ""scenario_result_carla_bounding_box""]","[4.673638820648193, 1.8118125200271606, 4.673638820648193, 1.8118125200271606]","[-0.002593994140625, -0.0, -0.0, -0.0025927722454071045, -9.272478895816505e-10, -0.0]"
B0_fixed_aggressive_assertive,B0,fixed_aggressive,assertive,101,0.0,0,11.45,9.349999968707607,1.6493431356081096,0,0,0,0,,f4c30be831cc36ee50892bae4183c10c05f8f308bc153420bdc450d2135f1c06,"[""scenario_result_carla_bounding_box"", ""scenario_result_carla_bounding_box""]","[4.673638820648193, 1.8118125200271606, 4.673638820648193, 1.8118125200271606]","[-0.002593994140625, -0.0, -0.0, -0.0025927722454071045, -9.272478895816505e-10, -0.0]"
B0_fixed_aggressive_assertive,B0,fixed_aggressive,assertive,101,0.25,1,11.45,9.349999968707607,1.0589098393836616,0,0,0,0,,f4c30be831cc36ee50892bae4183c10c05f8f308bc153420bdc450d2135f1c06,"[""scenario_result_carla_bounding_box"", ""scenario_result_carla_bounding_box""]","[4.673638820648193, 1.8118125200271606, 4.673638820648193, 1.8118125200271606]","[-0.002593994140625, -0.0, -0.0, -0.0025927722454071045, -9.272478895816505e-10, -0.0]"
B0_fixed_aggressive_assertive,B0,fixed_aggressive,assertive,101,0.35,0,11.45,9.349999968707607,0.8227365208938823,0,0,0,0,,f4c30be831cc36ee50892bae4183c10c05f8f308bc153420bdc450d2135f1c06,"[""scenario_result_carla_bounding_box"", ""scenario_result_carla_bounding_box""]","[4.673638820648193, 1.8118125200271606, 4.673638820648193, 1.8118125200271606]","[-0.002593994140625, -0.0, -0.0, -0.0025927722454071045, -9.272478895816505e-10, -0.0]"
B0_fixed_aggressive_assertive,B0,fixed_aggressive,assertive,101,0.5,0,11.45,9.349999968707607,0.46847654315921355,0,0,0,0,,f4c30be831cc36ee50892bae4183c10c05f8f308bc153420bdc450d2135f1c06,"[""scenario_result_carla_bounding_box"", ""scenario_result_carla_bounding_box""]","[4.673638820648193, 1.8118125200271606, 4.673638820648193, 1.8118125200271606]","[-0.002593994140625, -0.0, -0.0, -0.0025927722454071045, -9.272478895816505e-10, -0.0]"
B0_fixed_aggressive_assertive,B0,fixed_aggressive,assertive,102,0.0,0,10.75,8.649999968707561,2.0714315190103068,0,0,0,0,,a4955d0f58b856061ef0a4ab21a8898b7c35a7cf3cc7c46476a36f055f014814,"[""scenario_result_carla_bounding_box"", ""scenario_result_carla_bounding_box""]","[4.673638820648193, 1.8118125200271606, 4.673638820648193, 1.8118125200271606]","[-0.002593994140625, -0.0, -0.0, -0.0025927722454071045, -9.272478895816505e-10, -0.0]"
B0_fixed_aggressive_assertive,B0,fixed_aggressive,assertive,102,0.25,1,10.75,8.649999968707561,1.4852721379756382,0,0,0,0,,a4955d0f58b856061ef0a4ab21a8898b7c35a7cf3cc7c46476a36f055f014814,"[""scenario_result_carla_bounding_box"", ""scenario_result_carla_bounding_box""]","[4.673638820648193, 1.8118125200271606, 4.673638820648193, 1.8118125200271606]","[-0.002593994140625, -0.0, -0.0, -0.0025927722454071045, -9.272478895816505e-10, -0.0]"
B0_fixed_aggressive_assertive,B0,fixed_aggressive,assertive,102,0.35,0,10.75,8.649999968707561,1.2508083855617707,0,0,0,0,,a4955d0f58b856061ef0a4ab21a8898b7c35a7cf3cc7c46476a36f055f014814,"[""scenario_result_carla_bounding_box"", ""scenario_result_carla_bounding_box""]","[4.673638820648193, 1.8118125200271606, 4.673638820648193, 1.8118125200271606]","[-0.002593994140625, -0.0, -0.0, -0.0025927722454071045, -9.272478895816505e-10, -0.0]"
B0_fixed_aggressive_assertive,B0,fixed_aggressive,assertive,102,0.5,0,10.75,8.649999968707561,0.8991127569409695,0,0,0,0,,a4955d0f58b856061ef0a4ab21a8898b7c35a7cf3cc7c46476a36f055f014814,"[""scenario_result_carla_bounding_box"", ""scenario_result_carla_bounding_box""]","[4.673638820648193, 1.8118125200271606, 4.673638820648193, 1.8118125200271606]","[-0.002593994140625, -0.0, -0.0, -0.0025927722454071045, -9.272478895816505e-10, -0.0]"
B0_fixed_aggressive_assertive,B0,fixed_aggressive,assertive,103,0.0,0,11.85,9.74999996870747,1.5302266053670843,0,0,0,0,,c685f26e30f46e49bc1d46b3874bd068234f0221b07630ee779e5a514cbfe2c6,"[""scenario_result_carla_bounding_box"", ""scenario_result_carla_bounding_box""]","[4.673638820648193, 1.8118125200271606, 4.673638820648193, 1.8118125200271606]","[-0.002593994140625, -0.0, -0.0, -0.0025927722454071045, -9.272478895816505e-10, -0.0]"
B0_fixed_aggressive_assertive,B0,fixed_aggressive,assertive,103,0.25,1,11.85,9.74999996870747,0.9392626739434746,0,0,0,0,,c685f26e30f46e49bc1d46b3874bd068234f0221b07630ee779e5a514cbfe2c6,"[""scenario_result_carla_bounding_box"", ""scenario_result_carla_bounding_box""]","[4.673638820648193, 1.8118125200271606, 4.673638820648193, 1.8118125200271606]","[-0.002593994140625, -0.0, -0.0, -0.0025927722454071045, -9.272478895816505e-10, -0.0]"
B0_fixed_aggressive_assertive,B0,fixed_aggressive,assertive,103,0.35,0,11.85,9.74999996870747,0.7028771013740306,0,0,0,0,,c685f26e30f46e49bc1d46b3874bd068234f0221b07630ee779e5a514cbfe2c6,"[""scenario_result_carla_bounding_box"", ""scenario_result_carla_bounding_box""]","[4.673638820648193, 1.8118125200271606, 4.673638820648193, 1.8118125200271606]","[-0.002593994140625, -0.0, -0.0, -0.0025927722454071045, -9.272478895816505e-10, -0.0]"
B0_fixed_aggressive_assertive,B0,fixed_aggressive,assertive,103,0.5,0,11.85,9.74999996870747,0.34823064255543096,0,0,0,0,,c685f26e30f46e49bc1d46b3874bd068234f0221b07630ee779e5a514cbfe2c6,"[""scenario_result_carla_bounding_box"", ""scenario_result_carla_bounding_box""]","[4.673638820648193, 1.8118125200271606, 4.673638820648193, 1.8118125200271606]","[-0.002593994140625, -0.0, -0.0, -0.0025927722454071045, -9.272478895816505e-10, -0.0]"
B0_fixed_aggressive_assertive,B0,fixed_aggressive,assertive,104,0.0,0,9.55,7.449999968707743,1.7082087115644822,0,0,0,0,,ba156fbb365d56c09aa46e9f44e1b47a6fcce755afe30e12c2e70dd21989ac50,"[""scenario_result_carla_bounding_box"", ""scenario_result_carla_bounding_box""]","[4.673638820648193, 1.8118125200271606, 4.673638820648193, 1.8118125200271606]","[-0.002593994140625, -0.0, -0.0, -0.0025927722454071045, -9.272478895816505e-10, -0.0]"
B0_fixed_aggressive_assertive,B0,fixed_aggressive,assertive,104,0.25,1,9.55,7.449999968707743,1.110567951938544,0,0,0,0,,ba156fbb365d56c09aa46e9f44e1b47a6fcce755afe30e12c2e70dd21989ac50,"[""scenario_result_carla_bounding_box"", ""scenario_result_carla_bounding_box""]","[4.673638820648193, 1.8118125200271606, 4.673638820648193, 1.8118125200271606]","[-0.002593994140625, -0.0, -0.0, -0.0025927722454071045, -9.272478895816505e-10, -0.0]"
B0_fixed_aggressive_assertive,B0,fixed_aggressive,assertive,104,0.35,0,9.55,7.449999968707743,0.8746324555098284,0,0,0,0,,ba156fbb365d56c09aa46e9f44e1b47a6fcce755afe30e12c2e70dd21989ac50,"[""scenario_result_carla_bounding_box"", ""scenario_result_carla_bounding_box""]","[4.673638820648193, 1.8118125200271606, 4.673638820648193, 1.8118125200271606]","[-0.002593994140625, -0.0, -0.0, -0.0025927722454071045, -9.272478895816505e-10, -0.0]"
B0_fixed_aggressive_assertive,B0,fixed_aggressive,assertive,104,0.5,0,9.55,7.449999968707743,0.5208878135788713,0,0,0,0,,ba156fbb365d56c09aa46e9f44e1b47a6fcce755afe30e12c2e70dd21989ac50,"[""scenario_result_carla_bounding_box"", ""scenario_result_carla_bounding_box""]","[4.673638820648193, 1.8118125200271606, 4.673638820648193, 1.8118125200271606]","[-0.002593994140625, -0.0, -0.0, -0.0025927722454071045, -9.272478895816505e-10, -0.0]"
B0_fixed_aggressive_assertive,B0,fixed_aggressive,assertive,105,0.0,0,10.4,8.299999968707539,2.0391495533366837,0,0,0,0,,b9d7c7c27afb6ec34b99fa1c2131380d62bc150cd69f4729fa1dee5d437d58e9,"[""scenario_result_carla_bounding_box"", ""scenario_result_carla_bounding_box""]","[4.673638820648193, 1.8118125200271606, 4.673638820648193, 1.8118125200271606]","[-0.002593994140625, -0.0, -0.0, -0.0025927722454071045, -9.272478895816505e-10, -0.0]"
B0_fixed_aggressive_assertive,B0,fixed_aggressive,assertive,105,0.25,1,10.4,8.299999968707539,1.4530598027295798,0,0,0,0,,b9d7c7c27afb6ec34b99fa1c2131380d62bc150cd69f4729fa1dee5d437d58e9,"[""scenario_result_carla_bounding_box"", ""scenario_result_carla_bounding_box""]","[4.673638820648193, 1.8118125200271606, 4.673638820648193, 1.8118125200271606]","[-0.002593994140625, -0.0, -0.0, -0.0025927722454071045, -9.272478895816505e-10, -0.0]"
B0_fixed_aggressive_assertive,B0,fixed_aggressive,assertive,105,0.35,0,10.4,8.299999968707539,1.219188399573393,0,0,0,0,,b9d7c7c27afb6ec34b99fa1c2131380d62bc150cd69f4729fa1dee5d437d58e9,"[""scenario_result_carla_bounding_box"", ""scenario_result_carla_bounding_box""]","[4.673638820648193, 1.8118125200271606, 4.673638820648193, 1.8118125200271606]","[-0.002593994140625, -0.0, -0.0, -0.0025927722454071045, -9.272478895816505e-10, -0.0]"
B0_fixed_aggressive_assertive,B0,fixed_aggressive,assertive,105,0.5,0,10.4,8.299999968707539,0.8683812948391141,0,0,0,0,,b9d7c7c27afb6ec34b99fa1c2131380d62bc150cd69f4729fa1dee5d437d58e9,"[""scenario_result_carla_bounding_box"", ""scenario_result_carla_bounding_box""]","[4.673638820648193, 1.8118125200271606, 4.673638820648193, 1.8118125200271606]","[-0.002593994140625, -0.0, -0.0, -0.0025927722454071045, -9.272478895816505e-10, -0.0]"
B0_fixed_aggressive_reactive,B0,fixed_aggressive,reactive,101,0.0,0,11.5,8.899999961256981,1.650848956705217,0,0,0,0,,427e6c5d0e10d69335324440d5e3c89b71d412705f4d0e1d2fe6630ee65d3fc0,"[""scenario_result_carla_bounding_box"", ""scenario_result_carla_bounding_box""]","[4.673638820648193, 1.8118125200271606, 4.673638820648193, 1.8118125200271606]","[-0.002593994140625, -0.0, -0.0, -0.0025927722454071045, -9.272478895816505e-10, -0.0]"
B0_fixed_aggressive_reactive,B0,fixed_aggressive,reactive,101,0.25,1,11.5,8.899999961256981,1.0603437311107076,0,0,0,0,,427e6c5d0e10d69335324440d5e3c89b71d412705f4d0e1d2fe6630ee65d3fc0,"[""scenario_result_carla_bounding_box"", ""scenario_result_carla_bounding_box""]","[4.673638820648193, 1.8118125200271606, 4.673638820648193, 1.8118125200271606]","[-0.002593994140625, -0.0, -0.0, -0.0025927722454071045, -9.272478895816505e-10, -0.0]"
B0_fixed_aggressive_reactive,B0,fixed_aggressive,reactive,101,0.35,0,11.5,8.899999961256981,0.8241624488777208,0,0,0,0,,427e6c5d0e10d69335324440d5e3c89b71d412705f4d0e1d2fe6630ee65d3fc0,"[""scenario_result_carla_bounding_box"", ""scenario_result_carla_bounding_box""]","[4.673638820648193, 1.8118125200271606, 4.673638820648193, 1.8118125200271606]","[-0.002593994140625, -0.0, -0.0, -0.0025927722454071045, -9.272478895816505e-10, -0.0]"
B0_fixed_aggressive_reactive,B0,fixed_aggressive,reactive,101,0.5,0,11.5,8.899999961256981,0.4698905255282414,0,0,0,0,,427e6c5d0e10d69335324440d5e3c89b71d412705f4d0e1d2fe6630ee65d3fc0,"[""scenario_result_carla_bounding_box"", ""scenario_result_carla_bounding_box""]","[4.673638820648193, 1.8118125200271606, 4.673638820648193, 1.8118125200271606]","[-0.002593994140625, -0.0, -0.0, -0.0025927722454071045, -9.272478895816505e-10, -0.0]"
B0_fixed_aggressive_reactive,B0,fixed_aggressive,reactive,102,0.0,0,11.2,8.599999961257026,2.027036700124853,0,0,0,0,,f89f18cc1430f98d62d1a050b16d76d50d6c1fb9978f1b824c264e813d5fb604,"[""scenario_result_carla_bounding_box"", ""scenario_result_carla_bounding_box""]","[4.673638820648193, 1.8118125200271606, 4.673638820648193, 1.8118125200271606]","[-0.002593994140625, -0.0, -0.0, -0.0025927722454071045, -9.272478895816505e-10, -0.0]"
B0_fixed_aggressive_reactive,B0,fixed_aggressive,reactive,102,0.25,1,11.2,8.599999961257026,1.4401012059313532,0,0,0,0,,f89f18cc1430f98d62d1a050b16d76d50d6c1fb9978f1b824c264e813d5fb604,"[""scenario_result_carla_bounding_box"", ""scenario_result_carla_bounding_box""]","[4.673638820648193, 1.8118125200271606, 4.673638820648193, 1.8118125200271606]","[-0.002593994140625, -0.0, -0.0, -0.0025927722454071045, -9.272478895816505e-10, -0.0]"
B0_fixed_aggressive_reactive,B0,fixed_aggressive,reactive,102,0.35,0,11.2,8.599999961257026,1.2053270082539538,0,0,0,0,,f89f18cc1430f98d62d1a050b16d76d50d6c1fb9978f1b824c264e813d5fb604,"[""scenario_result_carla_bounding_box"", ""scenario_result_carla_bounding_box""]","[4.673638820648193, 1.8118125200271606, 4.673638820648193, 1.8118125200271606]","[-0.002593994140625, -0.0, -0.0, -0.0025927722454071045, -9.272478895816505e-10, -0.0]"
B0_fixed_aggressive_reactive,B0,fixed_aggressive,reactive,102,0.5,0,11.2,8.599999961257026,0.8531657117378547,0,0,0,0,,f89f18cc1430f98d62d1a050b16d76d50d6c1fb9978f1b824c264e813d5fb604,"[""scenario_result_carla_bounding_box"", ""scenario_result_carla_bounding_box""]","[4.673638820648193, 1.8118125200271606, 4.673638820648193, 1.8118125200271606]","[-0.002593994140625, -0.0, -0.0, -0.0025927722454071045, -9.272478895816505e-10, -0.0]"
B0_fixed_aggressive_reactive,B0,fixed_aggressive,reactive,103,0.0,0,11.2,8.49999995976691,1.526639634567272,0,0,0,0,,2e1f1b77d1dc926fe7f3999ef8bbceeca23de747498bbb861779e0cf461164fd,"[""scenario_result_carla_bounding_box"", ""scenario_result_carla_bounding_box""]","[4.673638820648193, 1.8118125200271606, 4.673638820648193, 1.8118125200271606]","[-0.002593994140625, -0.0, -0.0, -0.0025927722454071045, -9.272478895816505e-10, -0.0]"
B0_fixed_aggressive_reactive,B0,fixed_aggressive,reactive,103,0.25,1,11.2,8.49999995976691,0.9356089765936154,0,0,0,0,,2e1f1b77d1dc926fe7f3999ef8bbceeca23de747498bbb861779e0cf461164fd,"[""scenario_result_carla_bounding_box"", ""scenario_result_carla_bounding_box""]","[4.673638820648193, 1.8118125200271606, 4.673638820648193, 1.8118125200271606]","[-0.002593994140625, -0.0, -0.0, -0.0025927722454071045, -9.272478895816505e-10, -0.0]"
B0_fixed_aggressive_reactive,B0,fixed_aggressive,reactive,103,0.35,0,11.2,8.49999995976691,0.6991632874878003,0,0,0,0,,2e1f1b77d1dc926fe7f3999ef8bbceeca23de747498bbb861779e0cf461164fd,"[""scenario_result_carla_bounding_box"", ""scenario_result_carla_bounding_box""]","[4.673638820648193, 1.8118125200271606, 4.673638820648193, 1.8118125200271606]","[-0.002593994140625, -0.0, -0.0, -0.0025927722454071045, -9.272478895816505e-10, -0.0]"
B0_fixed_aggressive_reactive,B0,fixed_aggressive,reactive,103,0.5,0,11.2,8.49999995976691,0.3445833094360061,0,0,0,0,,2e1f1b77d1dc926fe7f3999ef8bbceeca23de747498bbb861779e0cf461164fd,"[""scenario_result_carla_bounding_box"", ""scenario_result_carla_bounding_box""]","[4.673638820648193, 1.8118125200271606, 4.673638820648193, 1.8118125200271606]","[-0.002593994140625, -0.0, -0.0, -0.0025927722454071045, -9.272478895816505e-10, -0.0]"
B0_fixed_aggressive_reactive,B0,fixed_aggressive,reactive,104,0.0,0,10.15,7.549999961257072,1.5843026379973382,0,0,0,0,,1b9cecfcfb56ecf1c4e647e69baaea98100898ce58e2a0323fcdb93fd5bdff4e,"[""scenario_result_carla_bounding_box"", ""scenario_result_carla_bounding_box""]","[4.673638820648193, 1.8118125200271606, 4.673638820648193, 1.8118125200271606]","[-0.002593994140625, -0.0, -0.0, -0.0025927722454071045, -9.272478895816505e-10, -0.0]"
B0_fixed_aggressive_reactive,B0,fixed_aggressive,reactive,104,0.25,1,10.15,7.549999961257072,0.9936823788677509,0,0,0,0,,1b9cecfcfb56ecf1c4e647e69baaea98100898ce58e2a0323fcdb93fd5bdff4e,"[""scenario_result_carla_bounding_box"", ""scenario_result_carla_bounding_box""]","[4.673638820648193, 1.8118125200271606, 4.673638820648193, 1.8118125200271606]","[-0.002593994140625, -0.0, -0.0, -0.0025927722454071045, -9.272478895816505e-10, -0.0]"
B0_fixed_aggressive_reactive,B0,fixed_aggressive,reactive,104,0.35,0,10.15,7.549999961257072,0.7574168812110771,0,0,0,0,,1b9cecfcfb56ecf1c4e647e69baaea98100898ce58e2a0323fcdb93fd5bdff4e,"[""scenario_result_carla_bounding_box"", ""scenario_result_carla_bounding_box""]","[4.673638820648193, 1.8118125200271606, 4.673638820648193, 1.8118125200271606]","[-0.002593994140625, -0.0, -0.0, -0.0025927722454071045, -9.272478895816505e-10, -0.0]"
B0_fixed_aggressive_reactive,B0,fixed_aggressive,reactive,104,0.5,0,10.15,7.549999961257072,0.4030480039462231,0,0,0,0,,1b9cecfcfb56ecf1c4e647e69baaea98100898ce58e2a0323fcdb93fd5bdff4e,"[""scenario_result_carla_bounding_box"", ""scenario_result_carla_bounding_box""]","[4.673638820648193, 1.8118125200271606, 4.673638820648193, 1.8118125200271606]","[-0.002593994140625, -0.0, -0.0, -0.0025927722454071045, -9.272478895816505e-10, -0.0]"
B0_fixed_aggressive_reactive,B0,fixed_aggressive,reactive,105,0.0,0,11.0,8.399999961256981,1.8698648548622885,0,0,0,0,,e1a339a89a868cb8945233a9d83fea48a953bd59141361e78b2e846b4ba20b5f,"[""scenario_result_carla_bounding_box"", ""scenario_result_carla_bounding_box""]","[4.673638820648193, 1.8118125200271606, 4.673638820648193, 1.8118125200271606]","[-0.002593994140625, -0.0, -0.0, -0.0025927722454071045, -9.272478895816505e-10, -0.0]"
B0_fixed_aggressive_reactive,B0,fixed_aggressive,reactive,105,0.25,1,11.0,8.399999961256981,1.283288739590641,0,0,0,0,,e1a339a89a868cb8945233a9d83fea48a953bd59141361e78b2e846b4ba20b5f,"[""scenario_result_carla_bounding_box"", ""scenario_result_carla_bounding_box""]","[4.673638820648193, 1.8118125200271606, 4.673638820648193, 1.8118125200271606]","[-0.002593994140625, -0.0, -0.0, -0.0025927722454071045, -9.272478895816505e-10, -0.0]"
B0_fixed_aggressive_reactive,B0,fixed_aggressive,reactive,105,0.35,0,11.0,8.399999961256981,1.0486582934819815,0,0,0,0,,e1a339a89a868cb8945233a9d83fea48a953bd59141361e78b2e846b4ba20b5f,"[""scenario_result_carla_bounding_box"", ""scenario_result_carla_bounding_box""]","[4.673638820648193, 1.8118125200271606, 4.673638820648193, 1.8118125200271606]","[-0.002593994140625, -0.0, -0.0, -0.0025927722454071045, -9.272478895816505e-10, -0.0]"
B0_fixed_aggressive_reactive,B0,fixed_aggressive,reactive,105,0.5,0,11.0,8.399999961256981,0.696506504540634,0,0,0,0,,e1a339a89a868cb8945233a9d83fea48a953bd59141361e78b2e846b4ba20b5f,"[""scenario_result_carla_bounding_box"", ""scenario_result_carla_bounding_box""]","[4.673638820648193, 1.8118125200271606, 4.673638820648193, 1.8118125200271606]","[-0.002593994140625, -0.0, -0.0, -0.0025927722454071045, -9.272478895816505e-10, -0.0]"
B0_fixed_medium_assertive,B0,fixed_medium,assertive,101,0.0,0,11.75,9.649999968707561,1.6494209395839812,0,0,0,0,,6258ba1c0f89fa354dce2c1c0f326fb0b96675cc68b6a5ec91839508c283e270,"[""scenario_result_carla_bounding_box"", ""scenario_result_carla_bounding_box""]","[4.673638820648193, 1.8118125200271606, 4.673638820648193, 1.8118125200271606]","[-0.002593994140625, -0.0, -0.0, -0.0025927722454071045, -9.272478895816505e-10, -0.0]"
B0_fixed_medium_assertive,B0,fixed_medium,assertive,101,0.25,1,11.75,9.649999968707561,1.0589882596114186,0,0,0,0,,6258ba1c0f89fa354dce2c1c0f326fb0b96675cc68b6a5ec91839508c283e270,"[""scenario_result_carla_bounding_box"", ""scenario_result_carla_bounding_box""]","[4.673638820648193, 1.8118125200271606, 4.673638820648193, 1.8118125200271606]","[-0.002593994140625, -0.0, -0.0, -0.0025927722454071045, -9.272478895816505e-10, -0.0]"
B0_fixed_medium_assertive,B0,fixed_medium,assertive,101,0.35,0,11.75,9.649999968707561,0.822815187622393,0,0,0,0,,6258ba1c0f89fa354dce2c1c0f326fb0b96675cc68b6a5ec91839508c283e270,"[""scenario_result_carla_bounding_box"", ""scenario_result_carla_bounding_box""]","[4.673638820648193, 1.8118125200271606, 4.673638820648193, 1.8118125200271606]","[-0.002593994140625, -0.0, -0.0, -0.0025927722454071045, -9.272478895816505e-10, -0.0]"
B0_fixed_medium_assertive,B0,fixed_medium,assertive,101,0.5,0,11.75,9.649999968707561,0.46855557963885563,0,0,0,0,,6258ba1c0f89fa354dce2c1c0f326fb0b96675cc68b6a5ec91839508c283e270,"[""scenario_result_carla_bounding_box"", ""scenario_result_carla_bounding_box""]","[4.673638820648193, 1.8118125200271606, 4.673638820648193, 1.8118125200271606]","[-0.002593994140625, -0.0, -0.0, -0.0025927722454071045, -9.272478895816505e-10, -0.0]"
B0_fixed_medium_assertive,B0,fixed_medium,assertive,102,0.0,0,12.25,10.149999968707561,2.0519560006668254,0,0,0,0,,73440c50a21b7cb93c557b3689dd30d83bb3c953a3b93bd4f063da5778a314f8,"[""scenario_result_carla_bounding_box"", ""scenario_result_carla_bounding_box""]","[4.673638820648193, 1.8118125200271606, 4.673638820648193, 1.8118125200271606]","[-0.002593994140625, -0.0, -0.0, -0.0025927722454071045, -9.272478895816505e-10, -0.0]"
B0_fixed_medium_assertive,B0,fixed_medium,assertive,102,0.25,1,12.25,10.149999968707561,1.4657820123273775,0,0,0,0,,73440c50a21b7cb93c557b3689dd30d83bb3c953a3b93bd4f063da5778a314f8,"[""scenario_result_carla_bounding_box"", ""scenario_result_carla_bounding_box""]","[4.673638820648193, 1.8118125200271606, 4.673638820648193, 1.8118125200271606]","[-0.002593994140625, -0.0, -0.0, -0.0025927722454071045, -9.272478895816505e-10, -0.0]"
B0_fixed_medium_assertive,B0,fixed_medium,assertive,102,0.35,0,12.25,10.149999968707561,1.226630277450514,0,0,0,0,,73440c50a21b7cb93c557b3689dd30d83bb3c953a3b93bd4f063da5778a314f8,"[""scenario_result_carla_bounding_box"", ""scenario_result_carla_bounding_box""]","[4.673638820648193, 1.8118125200271606, 4.673638820648193, 1.8118125200271606]","[-0.002593994140625, -0.0, -0.0, -0.0025927722454071045, -9.272478895816505e-10, -0.0]"
B0_fixed_medium_assertive,B0,fixed_medium,assertive,102,0.5,0,12.25,10.149999968707561,0.8657122047489874,0,0,0,0,,73440c50a21b7cb93c557b3689dd30d83bb3c953a3b93bd4f063da5778a314f8,"[""scenario_result_carla_bounding_box"", ""scenario_result_carla_bounding_box""]","[4.673638820648193, 1.8118125200271606, 4.673638820648193, 1.8118125200271606]","[-0.002593994140625, -0.0, -0.0, -0.0025927722454071045, -9.272478895816505e-10, -0.0]"
B0_fixed_medium_assertive,B0,fixed_medium,assertive,103,0.0,0,9.95,7.84999996870738,1.5301911420053629,0,0,0,0,,f1b15b43cd45e0f024e76035a0c103fa96e9a702b9f5b653bfb29dea5f97c4ce,"[""scenario_result_carla_bounding_box"", ""scenario_result_carla_bounding_box""]","[4.673638820648193, 1.8118125200271606, 4.673638820648193, 1.8118125200271606]","[-0.002593994140625, -0.0, -0.0, -0.0025927722454071045, -9.272478895816505e-10, -0.0]"
B0_fixed_medium_assertive,B0,fixed_medium,assertive,103,0.25,1,9.95,7.84999996870738,0.9392275094131833,0,0,0,0,,f1b15b43cd45e0f024e76035a0c103fa96e9a702b9f5b653bfb29dea5f97c4ce,"[""scenario_result_carla_bounding_box"", ""scenario_result_carla_bounding_box""]","[4.673638820648193, 1.8118125200271606, 4.673638820648193, 1.8118125200271606]","[-0.002593994140625, -0.0, -0.0, -0.0025927722454071045, -9.272478895816505e-10, -0.0]"
B0_fixed_medium_assertive,B0,fixed_medium,assertive,103,0.35,0,9.95,7.84999996870738,0.7028420563763116,0,0,0,0,,f1b15b43cd45e0f024e76035a0c103fa96e9a702b9f5b653bfb29dea5f97c4ce,"[""scenario_result_carla_bounding_box"", ""scenario_result_carla_bounding_box""]","[4.673638820648193, 1.8118125200271606, 4.673638820648193, 1.8118125200271606]","[-0.002593994140625, -0.0, -0.0, -0.0025927722454071045, -9.272478895816505e-10, -0.0]"
B0_fixed_medium_assertive,B0,fixed_medium,assertive,103,0.5,0,9.95,7.84999996870738,0.3481926642942978,0,0,0,0,,f1b15b43cd45e0f024e76035a0c103fa96e9a702b9f5b653bfb29dea5f97c4ce,"[""scenario_result_carla_bounding_box"", ""scenario_result_carla_bounding_box""]","[4.673638820648193, 1.8118125200271606, 4.673638820648193, 1.8118125200271606]","[-0.002593994140625, -0.0, -0.0, -0.0025927722454071045, -9.272478895816505e-10, -0.0]"
B0_fixed_medium_assertive,B0,fixed_medium,assertive,104,0.0,0,9.5,7.3999999687075615,1.67285230486335,0,0,0,0,,3fd28857fb0a9a12aa8f4b0e9fb32947c845acc92f803e6afe3ca2850fec70ae,"[""scenario_result_carla_bounding_box"", ""scenario_result_carla_bounding_box""]","[4.673638820648193, 1.8118125200271606, 4.673638820648193, 1.8118125200271606]","[-0.002593994140625, -0.0, -0.0, -0.0025927722454071045, -9.272478895816505e-10, -0.0]"
B0_fixed_medium_assertive,B0,fixed_medium,assertive,104,0.25,1,9.5,7.3999999687075615,1.0765416095269598,0,0,0,0,,3fd28857fb0a9a12aa8f4b0e9fb32947c845acc92f803e6afe3ca2850fec70ae,"[""scenario_result_carla_bounding_box"", ""scenario_result_carla_bounding_box""]","[4.673638820648193, 1.8118125200271606, 4.673638820648193, 1.8118125200271606]","[-0.002593994140625, -0.0, -0.0, -0.0025927722454071045, -9.272478895816505e-10, -0.0]"
B0_fixed_medium_assertive,B0,fixed_medium,assertive,104,0.35,0,9.5,7.3999999687075615,0.8405836030506801,0,0,0,0,,3fd28857fb0a9a12aa8f4b0e9fb32947c845acc92f803e6afe3ca2850fec70ae,"[""scenario_result_carla_bounding_box"", ""scenario_result_carla_bounding_box""]","[4.673638820648193, 1.8118125200271606, 4.673638820648193, 1.8118125200271606]","[-0.002593994140625, -0.0, -0.0, -0.0025927722454071045, -9.272478895816505e-10, -0.0]"
B0_fixed_medium_assertive,B0,fixed_medium,assertive,104,0.5,0,9.5,7.3999999687075615,0.4866465933362614,0,0,0,0,,3fd28857fb0a9a12aa8f4b0e9fb32947c845acc92f803e6afe3ca2850fec70ae,"[""scenario_result_carla_bounding_box"", ""scenario_result_carla_bounding_box""]","[4.673638820648193, 1.8118125200271606, 4.673638820648193, 1.8118125200271606]","[-0.002593994140625, -0.0, -0.0, -0.0025927722454071045, -9.272478895816505e-10, -0.0]"
B0_fixed_medium_assertive,B0,fixed_medium,assertive,105,0.0,0,10.3,8.199999968707573,2.009264536478739,0,0,0,0,,85c7c0ffc445be0661a341edd60d3426a172c77058c458b401efb00c04bae39c,"[""scenario_result_carla_bounding_box"", ""scenario_result_carla_bounding_box""]","[4.673638820648193, 1.8118125200271606, 4.673638820648193, 1.8118125200271606]","[-0.002593994140625, -0.0, -0.0, -0.0025927722454071045, -9.272478895816505e-10, -0.0]"
B0_fixed_medium_assertive,B0,fixed_medium,assertive,105,0.25,1,10.3,8.199999968707573,1.422805175037891,0,0,0,0,,85c7c0ffc445be0661a341edd60d3426a172c77058c458b401efb00c04bae39c,"[""scenario_result_carla_bounding_box"", ""scenario_result_carla_bounding_box""]","[4.673638820648193, 1.8118125200271606, 4.673638820648193, 1.8118125200271606]","[-0.002593994140625, -0.0, -0.0, -0.0025927722454071045, -9.272478895816505e-10, -0.0]"
B0_fixed_medium_assertive,B0,fixed_medium,assertive,105,0.35,0,10.3,8.199999968707573,1.1888934922278058,0,0,0,0,,85c7c0ffc445be0661a341edd60d3426a172c77058c458b401efb00c04bae39c,"[""scenario_result_carla_bounding_box"", ""scenario_result_carla_bounding_box""]","[4.673638820648193, 1.8118125200271606, 4.673638820648193, 1.8118125200271606]","[-0.002593994140625, -0.0, -0.0, -0.0025927722454071045, -9.272478895816505e-10, -0.0]"
B0_fixed_medium_assertive,B0,fixed_medium,assertive,105,0.5,0,10.3,8.199999968707573,0.838025968012678,0,0,0,0,,85c7c0ffc445be0661a341edd60d3426a172c77058c458b401efb00c04bae39c,"[""scenario_result_carla_bounding_box"", ""scenario_result_carla_bounding_box""]","[4.673638820648193, 1.8118125200271606, 4.673638820648193, 1.8118125200271606]","[-0.002593994140625, -0.0, -0.0, -0.0025927722454071045, -9.272478895816505e-10, -0.0]"
B0_fixed_medium_reactive,B0,fixed_medium,reactive,101,0.0,0,11.95,9.349999961257026,1.6857850140791102,0,0,0,0,,2a4735da3d668a0474981c84c3979a3e5f8edbf288c20f196cfd8eb6d2e0ed79,"[""scenario_result_carla_bounding_box"", ""scenario_result_carla_bounding_box""]","[4.673638820648193, 1.8118125200271606, 4.673638820648193, 1.8118125200271606]","[-0.002593994140625, -0.0, -0.0, -0.0025927722454071045, -9.272478895816505e-10, -0.0]"
B0_fixed_medium_reactive,B0,fixed_medium,reactive,101,0.25,1,11.95,9.349999961257026,1.0956823307787336,0,0,0,0,,2a4735da3d668a0474981c84c3979a3e5f8edbf288c20f196cfd8eb6d2e0ed79,"[""scenario_result_carla_bounding_box"", ""scenario_result_carla_bounding_box""]","[4.673638820648193, 1.8118125200271606, 4.673638820648193, 1.8118125200271606]","[-0.002593994140625, -0.0, -0.0, -0.0025927722454071045, -9.272478895816505e-10, -0.0]"
B0_fixed_medium_reactive,B0,fixed_medium,reactive,101,0.35,0,11.95,9.349999961257026,0.8595831971968134,0,0,0,0,,2a4735da3d668a0474981c84c3979a3e5f8edbf288c20f196cfd8eb6d2e0ed79,"[""scenario_result_carla_bounding_box"", ""scenario_result_carla_bounding_box""]","[4.673638820648193, 1.8118125200271606, 4.673638820648193, 1.8118125200271606]","[-0.002593994140625, -0.0, -0.0, -0.0025927722454071045, -9.272478895816505e-10, -0.0]"
B0_fixed_medium_reactive,B0,fixed_medium,reactive,101,0.5,0,11.95,9.349999961257026,0.5055205377019443,0,0,0,0,,2a4735da3d668a0474981c84c3979a3e5f8edbf288c20f196cfd8eb6d2e0ed79,"[""scenario_result_carla_bounding_box"", ""scenario_result_carla_bounding_box""]","[4.673638820648193, 1.8118125200271606, 4.673638820648193, 1.8118125200271606]","[-0.002593994140625, -0.0, -0.0, -0.0025927722454071045, -9.272478895816505e-10, -0.0]"
B0_fixed_medium_reactive,B0,fixed_medium,reactive,102,0.0,0,11.5,8.899999961256981,1.9714989074082112,0,0,0,0,,c1e631d3212ae5b5c2e2262ae64ec154a0cb137edf7b3da4294927f23e7a4140,"[""scenario_result_carla_bounding_box"", ""scenario_result_carla_bounding_box""]","[4.673638820648193, 1.8118125200271606, 4.673638820648193, 1.8118125200271606]","[-0.002593994140625, -0.0, -0.0, -0.0025927722454071045, -9.272478895816505e-10, -0.0]"
B0_fixed_medium_reactive,B0,fixed_medium,reactive,102,0.25,1,11.5,8.899999961256981,1.384392415843489,0,0,0,0,,c1e631d3212ae5b5c2e2262ae64ec154a0cb137edf7b3da4294927f23e7a4140,"[""scenario_result_carla_bounding_box"", ""scenario_result_carla_bounding_box""]","[4.673638820648193, 1.8118125200271606, 4.673638820648193, 1.8118125200271606]","[-0.002593994140625, -0.0, -0.0, -0.0025927722454071045, -9.272478895816505e-10, -0.0]"
B0_fixed_medium_reactive,B0,fixed_medium,reactive,102,0.35,0,11.5,8.899999961256981,1.1495498192176001,0,0,0,0,,c1e631d3212ae5b5c2e2262ae64ec154a0cb137edf7b3da4294927f23e7a4140,"[""scenario_result_carla_bounding_box"", ""scenario_result_carla_bounding_box""]","[4.673638820648193, 1.8118125200271606, 4.673638820648193, 1.8118125200271606]","[-0.002593994140625, -0.0, -0.0, -0.0025927722454071045, -9.272478895816505e-10, -0.0]"
B0_fixed_medium_reactive,B0,fixed_medium,reactive,102,0.5,0,11.5,8.899999961256981,0.7972859242787668,0,0,0,0,,c1e631d3212ae5b5c2e2262ae64ec154a0cb137edf7b3da4294927f23e7a4140,"[""scenario_result_carla_bounding_box"", ""scenario_result_carla_bounding_box""]","[4.673638820648193, 1.8118125200271606, 4.673638820648193, 1.8118125200271606]","[-0.002593994140625, -0.0, -0.0, -0.0025927722454071045, -9.272478895816505e-10, -0.0]"
B0_fixed_medium_reactive,B0,fixed_medium,reactive,103,0.0,0,11.1,8.399999959766774,1.5266566158564716,0,0,0,0,,348fcd8afd9f410b14dc5db768046dcb83238096e4a45707df761b257974e9cc,"[""scenario_result_carla_bounding_box"", ""scenario_result_carla_bounding_box""]","[4.673638820648193, 1.8118125200271606, 4.673638820648193, 1.8118125200271606]","[-0.002593994140625, -0.0, -0.0, -0.0025927722454071045, -9.272478895816505e-10, -0.0]"
B0_fixed_medium_reactive,B0,fixed_medium,reactive,103,0.25,1,11.1,8.399999959766774,0.9356233248510477,0,0,0,0,,348fcd8afd9f410b14dc5db768046dcb83238096e4a45707df761b257974e9cc,"[""scenario_result_carla_bounding_box"", ""scenario_result_carla_bounding_box""]","[4.673638820648193, 1.8118125200271606, 4.673638820648193, 1.8118125200271606]","[-0.002593994140625, -0.0, -0.0, -0.0025927722454071045, -9.272478895816505e-10, -0.0]"
B0_fixed_medium_reactive,B0,fixed_medium,reactive,103,0.35,0,11.1,8.399999959766774,0.6991784906359244,0,0,0,0,,348fcd8afd9f410b14dc5db768046dcb83238096e4a45707df761b257974e9cc,"[""scenario_result_carla_bounding_box"", ""scenario_result_carla_bounding_box""]","[4.673638820648193, 1.8118125200271606, 4.673638820648193, 1.8118125200271606]","[-0.002593994140625, -0.0, -0.0, -0.0025927722454071045, -9.272478895816505e-10, -0.0]"
B0_fixed_medium_reactive,B0,fixed_medium,reactive,103,0.5,0,11.1,8.399999959766774,0.3445985125841639,0,0,0,0,,348fcd8afd9f410b14dc5db768046dcb83238096e4a45707df761b257974e9cc,"[""scenario_result_carla_bounding_box"", ""scenario_result_carla_bounding_box""]","[4.673638820648193, 1.8118125200271606, 4.673638820648193, 1.8118125200271606]","[-0.002593994140625, -0.0, -0.0, -0.0025927722454071045, -9.272478895816505e-10, -0.0]"
B0_fixed_medium_reactive,B0,fixed_medium,reactive,104,0.0,0,10.1,7.49999996125689,1.5933526816248902,0,0,0,0,,2ffeb25ec42db2daabf50d005919320a1364b8db9ea1fd560595df1490591fd0,"[""scenario_result_carla_bounding_box"", ""scenario_result_carla_bounding_box""]","[4.673638820648193, 1.8118125200271606, 4.673638820648193, 1.8118125200271606]","[-0.002593994140625, -0.0, -0.0, -0.0025927722454071045, -9.272478895816505e-10, -0.0]"
B0_fixed_medium_reactive,B0,fixed_medium,reactive,104,0.25,1,10.1,7.49999996125689,1.0027805336334612,0,0,0,0,,2ffeb25ec42db2daabf50d005919320a1364b8db9ea1fd560595df1490591fd0,"[""scenario_result_carla_bounding_box"", ""scenario_result_carla_bounding_box""]","[4.673638820648193, 1.8118125200271606, 4.673638820648193, 1.8118125200271606]","[-0.002593994140625, -0.0, -0.0, -0.0025927722454071045, -9.272478895816505e-10, -0.0]"
B0_fixed_medium_reactive,B0,fixed_medium,reactive,104,0.35,0,10.1,7.49999996125689,0.7665072818641054,0,0,0,0,,2ffeb25ec42db2daabf50d005919320a1364b8db9ea1fd560595df1490591fd0,"[""scenario_result_carla_bounding_box"", ""scenario_result_carla_bounding_box""]","[4.673638820648193, 1.8118125200271606, 4.673638820648193, 1.8118125200271606]","[-0.002593994140625, -0.0, -0.0, -0.0025927722454071045, -9.272478895816505e-10, -0.0]"
B0_fixed_medium_reactive,B0,fixed_medium,reactive,104,0.5,0,10.1,7.49999996125689,0.41216659078419376,0,0,0,0,,2ffeb25ec42db2daabf50d005919320a1364b8db9ea1fd560595df1490591fd0,"[""scenario_result_carla_bounding_box"", ""scenario_result_carla_bounding_box""]","[4.673638820648193, 1.8118125200271606, 4.673638820648193, 1.8118125200271606]","[-0.002593994140625, -0.0, -0.0, -0.0025927722454071045, -9.272478895816505e-10, -0.0]"
B0_fixed_medium_reactive,B0,fixed_medium,reactive,105,0.0,0,11.45,8.84999996125697,1.869755031613109,0,0,0,0,,79581bb78e432b039eb26e319c76e8218b0b7fe9422436391fcd4eed8baa1093,"[""scenario_result_carla_bounding_box"", ""scenario_result_carla_bounding_box""]","[4.673638820648193, 1.8118125200271606, 4.673638820648193, 1.8118125200271606]","[-0.002593994140625, -0.0, -0.0, -0.0025927722454071045, -9.272478895816505e-10, -0.0]"
B0_fixed_medium_reactive,B0,fixed_medium,reactive,105,0.25,1,11.45,8.84999996125697,1.2831767507939384,0,0,0,0,,79581bb78e432b039eb26e319c76e8218b0b7fe9422436391fcd4eed8baa1093,"[""scenario_result_carla_bounding_box"", ""scenario_result_carla_bounding_box""]","[4.673638820648193, 1.8118125200271606, 4.673638820648193, 1.8118125200271606]","[-0.002593994140625, -0.0, -0.0, -0.0025927722454071045, -9.272478895816505e-10, -0.0]"
B0_fixed_medium_reactive,B0,fixed_medium,reactive,105,0.35,0,11.45,8.84999996125697,1.0485454384662705,0,0,0,0,,79581bb78e432b039eb26e319c76e8218b0b7fe9422436391fcd4eed8baa1093,"[""scenario_result_carla_bounding_box"", ""scenario_result_carla_bounding_box""]","[4.673638820648193, 1.8118125200271606, 4.673638820648193, 1.8118125200271606]","[-0.002593994140625, -0.0, -0.0, -0.0025927722454071045, -9.272478895816505e-10, -0.0]"
B0_fixed_medium_reactive,B0,fixed_medium,reactive,105,0.5,0,11.45,8.84999996125697,0.6963923395153053,0,0,0,0,,79581bb78e432b039eb26e319c76e8218b0b7fe9422436391fcd4eed8baa1093,"[""scenario_result_carla_bounding_box"", ""scenario_result_carla_bounding_box""]","[4.673638820648193, 1.8118125200271606, 4.673638820648193, 1.8118125200271606]","[-0.002593994140625, -0.0, -0.0, -0.0025927722454071045, -9.272478895816505e-10, -0.0]"
B0_fixed_conservative_assertive,B0,fixed_conservative,assertive,101,0.0,0,11.15,9.049999968707652,1.8068559921751632,0,0,0,0,,05660983613f521f34ec0c09b2401765009f17fb63e2c8b57cbc75678b4b7c03,"[""scenario_result_carla_bounding_box"", ""scenario_result_carla_bounding_box""]","[4.673638820648193, 1.8118125200271606, 4.673638820648193, 1.8118125200271606]","[-0.002593994140625, -0.0, -0.0, -0.0025927722454071045, -9.272478895816505e-10, -0.0]"
B0_fixed_conservative_assertive,B0,fixed_conservative,assertive,101,0.25,1,11.15,9.049999968707652,1.218095255715237,0,0,0,0,,05660983613f521f34ec0c09b2401765009f17fb63e2c8b57cbc75678b4b7c03,"[""scenario_result_carla_bounding_box"", ""scenario_result_carla_bounding_box""]","[4.673638820648193, 1.8118125200271606, 4.673638820648193, 1.8118125200271606]","[-0.002593994140625, -0.0, -0.0, -0.0025927722454071045, -9.272478895816505e-10, -0.0]"
B0_fixed_conservative_assertive,B0,fixed_conservative,assertive,101,0.35,0,11.15,9.049999968707652,0.9825909611312662,0,0,0,0,,05660983613f521f34ec0c09b2401765009f17fb63e2c8b57cbc75678b4b7c03,"[""scenario_result_carla_bounding_box"", ""scenario_result_carla_bounding_box""]","[4.673638820648193, 1.8118125200271606, 4.673638820648193, 1.8118125200271606]","[-0.002593994140625, -0.0, -0.0, -0.0025927722454071045, -9.272478895816505e-10, -0.0]"
B0_fixed_conservative_assertive,B0,fixed_conservative,assertive,101,0.5,0,11.15,9.049999968707652,0.6293345192553103,0,0,0,0,,05660983613f521f34ec0c09b2401765009f17fb63e2c8b57cbc75678b4b7c03,"[""scenario_result_carla_bounding_box"", ""scenario_result_carla_bounding_box""]","[4.673638820648193, 1.8118125200271606, 4.673638820648193, 1.8118125200271606]","[-0.002593994140625, -0.0, -0.0, -0.0025927722454071045, -9.272478895816505e-10, -0.0]"
B0_fixed_conservative_assertive,B0,fixed_conservative,assertive,102,0.0,0,12.2,10.099999968707607,2.051951293747514,0,0,0,0,,4c5e1747ddaa5b980991214d52611a02e6d542a3b044f4ddf80f6df9cfbfbfa1,"[""scenario_result_carla_bounding_box"", ""scenario_result_carla_bounding_box""]","[4.673638820648193, 1.8118125200271606, 4.673638820648193, 1.8118125200271606]","[-0.002593994140625, -0.0, -0.0, -0.0025927722454071045, -9.272478895816505e-10, -0.0]"
B0_fixed_conservative_assertive,B0,fixed_conservative,assertive,102,0.25,1,12.2,10.099999968707607,1.465777247092736,0,0,0,0,,4c5e1747ddaa5b980991214d52611a02e6d542a3b044f4ddf80f6df9cfbfbfa1,"[""scenario_result_carla_bounding_box"", ""scenario_result_carla_bounding_box""]","[4.673638820648193, 1.8118125200271606, 4.673638820648193, 1.8118125200271606]","[-0.002593994140625, -0.0, -0.0, -0.0025927722454071045, -9.272478895816505e-10, -0.0]"
B0_fixed_conservative_assertive,B0,fixed_conservative,assertive,102,0.35,0,12.2,10.099999968707607,1.2265973805905304,0,0,0,0,,4c5e1747ddaa5b980991214d52611a02e6d542a3b044f4ddf80f6df9cfbfbfa1,"[""scenario_result_carla_bounding_box"", ""scenario_result_carla_bounding_box""]","[4.673638820648193, 1.8118125200271606, 4.673638820648193, 1.8118125200271606]","[-0.002593994140625, -0.0, -0.0, -0.0025927722454071045, -9.272478895816505e-10, -0.0]"
B0_fixed_conservative_assertive,B0,fixed_conservative,assertive,102,0.5,0,12.2,10.099999968707607,0.8656784715558113,0,0,0,0,,4c5e1747ddaa5b980991214d52611a02e6d542a3b044f4ddf80f6df9cfbfbfa1,"[""scenario_result_carla_bounding_box"", ""scenario_result_carla_bounding_box""]","[4.673638820648193, 1.8118125200271606, 4.673638820648193, 1.8118125200271606]","[-0.002593994140625, -0.0, -0.0, -0.0025927722454071045, -9.272478895816505e-10, -0.0]"
B0_fixed_conservative_assertive,B0,fixed_conservative,assertive,103,0.0,0,10.0,7.8999999687075615,1.5233971460702325,0,0,0,0,,2baf32bc592b0ca4ecc24eb664ce63bc336dbd927eec8ba1c3422702a62014f9,"[""scenario_result_carla_bounding_box"", ""scenario_result_carla_bounding_box""]","[4.673638820648193, 1.8118125200271606, 4.673638820648193, 1.8118125200271606]","[-0.002593994140625, -0.0, -0.0, -0.0025927722454071045, -9.272478895816505e-10, -0.0]"
B0_fixed_conservative_assertive,B0,fixed_conservative,assertive,103,0.25,1,10.0,7.8999999687075615,0.9323814201089295,0,0,0,0,,2baf32bc592b0ca4ecc24eb664ce63bc336dbd927eec8ba1c3422702a62014f9,"[""scenario_result_carla_bounding_box"", ""scenario_result_carla_bounding_box""]","[4.673638820648193, 1.8118125200271606, 4.673638820648193, 1.8118125200271606]","[-0.002593994140625, -0.0, -0.0, -0.0025927722454071045, -9.272478895816505e-10, -0.0]"
B0_fixed_conservative_assertive,B0,fixed_conservative,assertive,103,0.35,0,10.0,7.8999999687075615,0.6959751297244084,0,0,0,0,,2baf32bc592b0ca4ecc24eb664ce63bc336dbd927eec8ba1c3422702a62014f9,"[""scenario_result_carla_bounding_box"", ""scenario_result_carla_bounding_box""]","[4.673638820648193, 1.8118125200271606, 4.673638820648193, 1.8118125200271606]","[-0.002593994140625, -0.0, -0.0, -0.0025927722454071045, -9.272478895816505e-10, -0.0]"
B0_fixed_conservative_assertive,B0,fixed_conservative,assertive,103,0.5,0,10.0,7.8999999687075615,0.34136569414762696,0,0,0,0,,2baf32bc592b0ca4ecc24eb664ce63bc336dbd927eec8ba1c3422702a62014f9,"[""scenario_result_carla_bounding_box"", ""scenario_result_carla_bounding_box""]","[4.673638820648193, 1.8118125200271606, 4.673638820648193, 1.8118125200271606]","[-0.002593994140625, -0.0, -0.0, -0.0025927722454071045, -9.272478895816505e-10, -0.0]"
B0_fixed_conservative_assertive,B0,fixed_conservative,assertive,104,0.0,0,9.55,7.449999968707743,1.672545830422824,0,0,0,0,,05782ca63703bcbc0de6e32bc4c65f283f8ef02f0f872ca28b48ca6bfde9a299,"[""scenario_result_carla_bounding_box"", ""scenario_result_carla_bounding_box""]","[4.673638820648193, 1.8118125200271606, 4.673638820648193, 1.8118125200271606]","[-0.002593994140625, -0.0, -0.0, -0.0025927722454071045, -9.272478895816505e-10, -0.0]"
B0_fixed_conservative_assertive,B0,fixed_conservative,assertive,104,0.25,1,9.55,7.449999968707743,1.0762462393557746,0,0,0,0,,05782ca63703bcbc0de6e32bc4c65f283f8ef02f0f872ca28b48ca6bfde9a299,"[""scenario_result_carla_bounding_box"", ""scenario_result_carla_bounding_box""]","[4.673638820648193, 1.8118125200271606, 4.673638820648193, 1.8118125200271606]","[-0.002593994140625, -0.0, -0.0, -0.0025927722454071045, -9.272478895816505e-10, -0.0]"
B0_fixed_conservative_assertive,B0,fixed_conservative,assertive,104,0.35,0,9.55,7.449999968707743,0.8402874281499476,0,0,0,0,,05782ca63703bcbc0de6e32bc4c65f283f8ef02f0f872ca28b48ca6bfde9a299,"[""scenario_result_carla_bounding_box"", ""scenario_result_carla_bounding_box""]","[4.673638820648193, 1.8118125200271606, 4.673638820648193, 1.8118125200271606]","[-0.002593994140625, -0.0, -0.0, -0.0025927722454071045, -9.272478895816505e-10, -0.0]"
B0_fixed_conservative_assertive,B0,fixed_conservative,assertive,104,0.5,0,9.55,7.449999968707743,0.4863492113412085,0,0,0,0,,05782ca63703bcbc0de6e32bc4c65f283f8ef02f0f872ca28b48ca6bfde9a299,"[""scenario_result_carla_bounding_box"", ""scenario_result_carla_bounding_box""]","[4.673638820648193, 1.8118125200271606, 4.673638820648193, 1.8118125200271606]","[-0.002593994140625, -0.0, -0.0, -0.0025927722454071045, -9.272478895816505e-10, -0.0]"
B0_fixed_conservative_assertive,B0,fixed_conservative,assertive,105,0.0,0,10.2,8.099999968707607,2.038924881852442,0,0,0,0,,3d160eb873d4d232e4c22fdc216cf3393a7e8dc473ddf3fb14c57344b94c8110,"[""scenario_result_carla_bounding_box"", ""scenario_result_carla_bounding_box""]","[4.673638820648193, 1.8118125200271606, 4.673638820648193, 1.8118125200271606]","[-0.002593994140625, -0.0, -0.0, -0.0025927722454071045, -9.272478895816505e-10, -0.0]"
B0_fixed_conservative_assertive,B0,fixed_conservative,assertive,105,0.25,1,10.2,8.099999968707607,1.45283701452237,0,0,0,0,,3d160eb873d4d232e4c22fdc216cf3393a7e8dc473ddf3fb14c57344b94c8110,"[""scenario_result_carla_bounding_box"", ""scenario_result_carla_bounding_box""]","[4.673638820648193, 1.8118125200271606, 4.673638820648193, 1.8118125200271606]","[-0.002593994140625, -0.0, -0.0, -0.0025927722454071045, -9.272478895816505e-10, -0.0]"
B0_fixed_conservative_assertive,B0,fixed_conservative,assertive,105,0.35,0,10.2,8.099999968707607,1.2189646188425725,0,0,0,0,,3d160eb873d4d232e4c22fdc216cf3393a7e8dc473ddf3fb14c57344b94c8110,"[""scenario_result_carla_bounding_box"", ""scenario_result_carla_bounding_box""]","[4.673638820648193, 1.8118125200271606, 4.673638820648193, 1.8118125200271606]","[-0.002593994140625, -0.0, -0.0, -0.0025927722454071045, -9.272478895816505e-10, -0.0]"
B0_fixed_conservative_assertive,B0,fixed_conservative,assertive,105,0.5,0,10.2,8.099999968707607,0.8681560253228768,0,0,0,0,,3d160eb873d4d232e4c22fdc216cf3393a7e8dc473ddf3fb14c57344b94c8110,"[""scenario_result_carla_bounding_box"", ""scenario_result_carla_bounding_box""]","[4.673638820648193, 1.8118125200271606, 4.673638820648193, 1.8118125200271606]","[-0.002593994140625, -0.0, -0.0, -0.0025927722454071045, -9.272478895816505e-10, -0.0]"
B0_fixed_conservative_reactive,B0,fixed_conservative,reactive,101,0.0,0,11.2,8.599999961257026,1.6494660401999444,0,0,0,0,,138ad451b45c617d87f37d00a402681bc50c773226ea2f1cc936481790cab44c,"[""scenario_result_carla_bounding_box"", ""scenario_result_carla_bounding_box""]","[4.673638820648193, 1.8118125200271606, 4.673638820648193, 1.8118125200271606]","[-0.002593994140625, -0.0, -0.0, -0.0025927722454071045, -9.272478895816505e-10, -0.0]"
B0_fixed_conservative_reactive,B0,fixed_conservative,reactive,101,0.25,1,11.2,8.599999961257026,1.0589516080341448,0,0,0,0,,138ad451b45c617d87f37d00a402681bc50c773226ea2f1cc936481790cab44c,"[""scenario_result_carla_bounding_box"", ""scenario_result_carla_bounding_box""]","[4.673638820648193, 1.8118125200271606, 4.673638820648193, 1.8118125200271606]","[-0.002593994140625, -0.0, -0.0, -0.0025927722454071045, -9.272478895816505e-10, -0.0]"
B0_fixed_conservative_reactive,B0,fixed_conservative,reactive,101,0.35,0,11.2,8.599999961257026,0.8227659501744822,0,0,0,0,,138ad451b45c617d87f37d00a402681bc50c773226ea2f1cc936481790cab44c,"[""scenario_result_carla_bounding_box"", ""scenario_result_carla_bounding_box""]","[4.673638820648193, 1.8118125200271606, 4.673638820648193, 1.8118125200271606]","[-0.002593994140625, -0.0, -0.0, -0.0025927722454071045, -9.272478895816505e-10, -0.0]"
B0_fixed_conservative_reactive,B0,fixed_conservative,reactive,101,0.5,0,11.2,8.599999961257026,0.46848746338498876,0,0,0,0,,138ad451b45c617d87f37d00a402681bc50c773226ea2f1cc936481790cab44c,"[""scenario_result_carla_bounding_box"", ""scenario_result_carla_bounding_box""]","[4.673638820648193, 1.8118125200271606, 4.673638820648193, 1.8118125200271606]","[-0.002593994140625, -0.0, -0.0, -0.0025927722454071045, -9.272478895816505e-10, -0.0]"
B0_fixed_conservative_reactive,B0,fixed_conservative,reactive,102,0.0,0,11.4,8.799999961257072,1.9768667770386825,0,0,0,0,,ff65a72bb8df0c6b55298664d57adea4870c93f7369745939f4fcd76f366cfd6,"[""scenario_result_carla_bounding_box"", ""scenario_result_carla_bounding_box""]","[4.673638820648193, 1.8118125200271606, 4.673638820648193, 1.8118125200271606]","[-0.002593994140625, -0.0, -0.0, -0.0025927722454071045, -9.272478895816505e-10, -0.0]"
B0_fixed_conservative_reactive,B0,fixed_conservative,reactive,102,0.25,1,11.4,8.799999961257072,1.3898464054492718,0,0,0,0,,ff65a72bb8df0c6b55298664d57adea4870c93f7369745939f4fcd76f366cfd6,"[""scenario_result_carla_bounding_box"", ""scenario_result_carla_bounding_box""]","[4.673638820648193, 1.8118125200271606, 4.673638820648193, 1.8118125200271606]","[-0.002593994140625, -0.0, -0.0, -0.0025927722454071045, -9.272478895816505e-10, -0.0]"
B0_fixed_conservative_reactive,B0,fixed_conservative,reactive,102,0.35,0,11.4,8.799999961257072,1.1550382568135071,0,0,0,0,,ff65a72bb8df0c6b55298664d57adea4870c93f7369745939f4fcd76f366cfd6,"[""scenario_result_carla_bounding_box"", ""scenario_result_carla_bounding_box""]","[4.673638820648193, 1.8118125200271606, 4.673638820648193, 1.8118125200271606]","[-0.002593994140625, -0.0, -0.0, -0.0025927722454071045, -9.272478895816505e-10, -0.0]"
B0_fixed_conservative_reactive,B0,fixed_conservative,reactive,102,0.5,0,11.4,8.799999961257072,0.8028260338598606,0,0,0,0,,ff65a72bb8df0c6b55298664d57adea4870c93f7369745939f4fcd76f366cfd6,"[""scenario_result_carla_bounding_box"", ""scenario_result_carla_bounding_box""]","[4.673638820648193, 1.8118125200271606, 4.673638820648193, 1.8118125200271606]","[-0.002593994140625, -0.0, -0.0, -0.0025927722454071045, -9.272478895816505e-10, -0.0]"
B0_fixed_conservative_reactive,B0,fixed_conservative,reactive,103,0.0,0,10.25,7.549999959766865,1.5266572158706302,0,0,0,0,,6f34f11f48d0e72be3fe3fb2006bd93649cfce2f273f92477273a8ec87010ec7,"[""scenario_result_carla_bounding_box"", ""scenario_result_carla_bounding_box""]","[4.673638820648193, 1.8118125200271606, 4.673638820648193, 1.8118125200271606]","[-0.002593994140625, -0.0, -0.0, -0.0025927722454071045, -9.272478895816505e-10, -0.0]"
B0_fixed_conservative_reactive,B0,fixed_conservative,reactive,103,0.25,1,10.25,7.549999959766865,0.9356249667055797,0,0,0,0,,6f34f11f48d0e72be3fe3fb2006bd93649cfce2f273f92477273a8ec87010ec7,"[""scenario_result_carla_bounding_box"", ""scenario_result_carla_bounding_box""]","[4.673638820648193, 1.8118125200271606, 4.673638820648193, 1.8118125200271606]","[-0.002593994140625, -0.0, -0.0, -0.0025927722454071045, -9.272478895816505e-10, -0.0]"
B0_fixed_conservative_reactive,B0,fixed_conservative,reactive,103,0.35,0,10.25,7.549999959766865,0.6991803141607477,0,0,0,0,,6f34f11f48d0e72be3fe3fb2006bd93649cfce2f273f92477273a8ec87010ec7,"[""scenario_result_carla_bounding_box"", ""scenario_result_carla_bounding_box""]","[4.673638820648193, 1.8118125200271606, 4.673638820648193, 1.8118125200271606]","[-0.002593994140625, -0.0, -0.0, -0.0025927722454071045, -9.272478895816505e-10, -0.0]"
B0_fixed_conservative_reactive,B0,fixed_conservative,reactive,103,0.5,0,10.25,7.549999959766865,0.34460056207682355,0,0,0,0,,6f34f11f48d0e72be3fe3fb2006bd93649cfce2f273f92477273a8ec87010ec7,"[""scenario_result_carla_bounding_box"", ""scenario_result_carla_bounding_box""]","[4.673638820648193, 1.8118125200271606, 4.673638820648193, 1.8118125200271606]","[-0.002593994140625, -0.0, -0.0, -0.0025927722454071045, -9.272478895816505e-10, -0.0]"
B0_fixed_conservative_reactive,B0,fixed_conservative,reactive,104,0.0,0,10.2,7.5999999612569695,1.6229031814651285,0,0,0,0,,80c863356f3357582806ce646cebcd981f94a5ae4a647a2b570f641767223345,"[""scenario_result_carla_bounding_box"", ""scenario_result_carla_bounding_box""]","[4.673638820648193, 1.8118125200271606, 4.673638820648193, 1.8118125200271606]","[-0.002593994140625, -0.0, -0.0, -0.0025927722454071045, -9.272478895816505e-10, -0.0]"
B0_fixed_conservative_reactive,B0,fixed_conservative,reactive,104,0.25,1,10.2,7.5999999612569695,1.0325218367544158,0,0,0,0,,80c863356f3357582806ce646cebcd981f94a5ae4a647a2b570f641767223345,"[""scenario_result_carla_bounding_box"", ""scenario_result_carla_bounding_box""]","[4.673638820648193, 1.8118125200271606, 4.673638820648193, 1.8118125200271606]","[-0.002593994140625, -0.0, -0.0, -0.0025927722454071045, -9.272478895816505e-10, -0.0]"
B0_fixed_conservative_reactive,B0,fixed_conservative,reactive,104,0.35,0,10.2,7.5999999612569695,0.7963692988701306,0,0,0,0,,80c863356f3357582806ce646cebcd981f94a5ae4a647a2b570f641767223345,"[""scenario_result_carla_bounding_box"", ""scenario_result_carla_bounding_box""]","[4.673638820648193, 1.8118125200271606, 4.673638820648193, 1.8118125200271606]","[-0.002593994140625, -0.0, -0.0, -0.0025927722454071045, -9.272478895816505e-10, -0.0]"
B0_fixed_conservative_reactive,B0,fixed_conservative,reactive,104,0.5,0,10.2,7.5999999612569695,0.44214049204370354,0,0,0,0,,80c863356f3357582806ce646cebcd981f94a5ae4a647a2b570f641767223345,"[""scenario_result_carla_bounding_box"", ""scenario_result_carla_bounding_box""]","[4.673638820648193, 1.8118125200271606, 4.673638820648193, 1.8118125200271606]","[-0.002593994140625, -0.0, -0.0, -0.0025927722454071045, -9.272478895816505e-10, -0.0]"
B0_fixed_conservative_reactive,B0,fixed_conservative,reactive,105,0.0,0,10.9,8.299999961256958,1.869531365831861,0,0,0,0,,3a6e08f29731c5f4b99516c909dbcf9cb20a553c70f5059f8bf5622bd338c8a0,"[""scenario_result_carla_bounding_box"", ""scenario_result_carla_bounding_box""]","[4.673638820648193, 1.8118125200271606, 4.673638820648193, 1.8118125200271606]","[-0.002593994140625, -0.0, -0.0, -0.0025927722454071045, -9.272478895816505e-10, -0.0]"
B0_fixed_conservative_reactive,B0,fixed_conservative,reactive,105,0.25,1,10.9,8.299999961256958,1.2829505809286343,0,0,0,0,,3a6e08f29731c5f4b99516c909dbcf9cb20a553c70f5059f8bf5622bd338c8a0,"[""scenario_result_carla_bounding_box"", ""scenario_result_carla_bounding_box""]","[4.673638820648193, 1.8118125200271606, 4.673638820648193, 1.8118125200271606]","[-0.002593994140625, -0.0, -0.0, -0.0025927722454071045, -9.272478895816505e-10, -0.0]"
B0_fixed_conservative_reactive,B0,fixed_conservative,reactive,105,0.35,0,10.9,8.299999961256958,1.0483182669673434,0,0,0,0,,3a6e08f29731c5f4b99516c909dbcf9cb20a553c70f5059f8bf5622bd338c8a0,"[""scenario_result_carla_bounding_box"", ""scenario_result_carla_bounding_box""]","[4.673638820648193, 1.8118125200271606, 4.673638820648193, 1.8118125200271606]","[-0.002593994140625, -0.0, -0.0, -0.0025927722454071045, -9.272478895816505e-10, -0.0]"
B0_fixed_conservative_reactive,B0,fixed_conservative,reactive,105,0.5,0,10.9,8.299999961256958,0.6961614698291888,0,0,0,0,,3a6e08f29731c5f4b99516c909dbcf9cb20a553c70f5059f8bf5622bd338c8a0,"[""scenario_result_carla_bounding_box"", ""scenario_result_carla_bounding_box""]","[4.673638820648193, 1.8118125200271606, 4.673638820648193, 1.8118125200271606]","[-0.002593994140625, -0.0, -0.0, -0.0025927722454071045, -9.272478895816505e-10, -0.0]"
B0_adaptive_assertive,B0,adaptive,assertive,101,0.0,0,10.85,8.74999996870747,1.679709022495717,0,0,0,0,,0fd3e785e69be2840277c63235a1e8712692db4772172db0454409446cad2ed7,"[""scenario_result_carla_bounding_box"", ""scenario_result_carla_bounding_box""]","[4.673638820648193, 1.8118125200271606, 4.673638820648193, 1.8118125200271606]","[-0.002593994140625, -0.0, -0.0, -0.0025927722454071045, -9.272478895816505e-10, -0.0]"
B0_adaptive_assertive,B0,adaptive,assertive,101,0.25,1,10.85,8.74999996870747,1.0895944700371958,0,0,0,0,,0fd3e785e69be2840277c63235a1e8712692db4772172db0454409446cad2ed7,"[""scenario_result_carla_bounding_box"", ""scenario_result_carla_bounding_box""]","[4.673638820648193, 1.8118125200271606, 4.673638820648193, 1.8118125200271606]","[-0.002593994140625, -0.0, -0.0, -0.0025927722454071045, -9.272478895816505e-10, -0.0]"
B0_adaptive_assertive,B0,adaptive,assertive,101,0.35,0,10.85,8.74999996870747,0.8535486490537874,0,0,0,0,,0fd3e785e69be2840277c63235a1e8712692db4772172db0454409446cad2ed7,"[""scenario_result_carla_bounding_box"", ""scenario_result_carla_bounding_box""]","[4.673638820648193, 1.8118125200271606, 4.673638820648193, 1.8118125200271606]","[-0.002593994140625, -0.0, -0.0, -0.0025927722454071045, -9.272478895816505e-10, -0.0]"
B0_adaptive_assertive,B0,adaptive,assertive,101,0.5,0,10.85,8.74999996870747,0.49947991757867477,0,0,0,0,,0fd3e785e69be2840277c63235a1e8712692db4772172db0454409446cad2ed7,"[""scenario_result_carla_bounding_box"", ""scenario_result_carla_bounding_box""]","[4.673638820648193, 1.8118125200271606, 4.673638820648193, 1.8118125200271606]","[-0.002593994140625, -0.0, -0.0, -0.0025927722454071045, -9.272478895816505e-10, -0.0]"
B0_adaptive_assertive,B0,adaptive,assertive,102,0.0,0,10.6,8.49999996870747,2.0520416860278843,0,0,0,0,,75d1b3526b2bea91d4e06203980110c6afcb40f5c872e014083c2e3a52395494,"[""scenario_result_carla_bounding_box"", ""scenario_result_carla_bounding_box""]","[4.673638820648193, 1.8118125200271606, 4.673638820648193, 1.8118125200271606]","[-0.002593994140625, -0.0, -0.0, -0.0025927722454071045, -9.272478895816505e-10, -0.0]"
B0_adaptive_assertive,B0,adaptive,assertive,102,0.25,1,10.6,8.49999996870747,1.465869709627892,0,0,0,0,,75d1b3526b2bea91d4e06203980110c6afcb40f5c872e014083c2e3a52395494,"[""scenario_result_carla_bounding_box"", ""scenario_result_carla_bounding_box""]","[4.673638820648193, 1.8118125200271606, 4.673638820648193, 1.8118125200271606]","[-0.002593994140625, -0.0, -0.0, -0.0025927722454071045, -9.272478895816505e-10, -0.0]"
B0_adaptive_assertive,B0,adaptive,assertive,102,0.35,0,10.6,8.49999996870747,1.2265994828386237,0,0,0,0,,75d1b3526b2bea91d4e06203980110c6afcb40f5c872e014083c2e3a52395494,"[""scenario_result_carla_bounding_box"", ""scenario_result_carla_bounding_box""]","[4.673638820648193, 1.8118125200271606, 4.673638820648193, 1.8118125200271606]","[-0.002593994140625, -0.0, -0.0, -0.0025927722454071045, -9.272478895816505e-10, -0.0]"
B0_adaptive_assertive,B0,adaptive,assertive,102,0.5,0,10.6,8.49999996870747,0.8656759836818421,0,0,0,0,,75d1b3526b2bea91d4e06203980110c6afcb40f5c872e014083c2e3a52395494,"[""scenario_result_carla_bounding_box"", ""scenario_result_carla_bounding_box""]","[4.673638820648193, 1.8118125200271606, 4.673638820648193, 1.8118125200271606]","[-0.002593994140625, -0.0, -0.0, -0.0025927722454071045, -9.272478895816505e-10, -0.0]"
B0_adaptive_assertive,B0,adaptive,assertive,103,0.0,0,9.95,7.849999968707607,1.5365390047984397,0,0,0,0,,39a0cc492ae4373e1ad5df5aae91c564aafed3c6f38e0be3f43d448bf0664737,"[""scenario_result_carla_bounding_box"", ""scenario_result_carla_bounding_box""]","[4.673638820648193, 1.8118125200271606, 4.673638820648193, 1.8118125200271606]","[-0.002593994140625, -0.0, -0.0, -0.0025927722454071045, -9.272478895816505e-10, -0.0]"
B0_adaptive_assertive,B0,adaptive,assertive,103,0.25,1,9.95,7.849999968707607,0.9456017515624402,0,0,0,0,,39a0cc492ae4373e1ad5df5aae91c564aafed3c6f38e0be3f43d448bf0664737,"[""scenario_result_carla_bounding_box"", ""scenario_result_carla_bounding_box""]","[4.673638820648193, 1.8118125200271606, 4.673638820648193, 1.8118125200271606]","[-0.002593994140625, -0.0, -0.0, -0.0025927722454071045, -9.272478895816505e-10, -0.0]"
B0_adaptive_assertive,B0,adaptive,assertive,103,0.35,0,9.95,7.849999968707607,0.7092268502680401,0,0,0,0,,39a0cc492ae4373e1ad5df5aae91c564aafed3c6f38e0be3f43d448bf0664737,"[""scenario_result_carla_bounding_box"", ""scenario_result_carla_bounding_box""]","[4.673638820648193, 1.8118125200271606, 4.673638820648193, 1.8118125200271606]","[-0.002593994140625, -0.0, -0.0, -0.0025927722454071045, -9.272478895816505e-10, -0.0]"
B0_adaptive_assertive,B0,adaptive,assertive,103,0.5,0,9.95,7.849999968707607,0.35462440749043495,0,0,0,0,,39a0cc492ae4373e1ad5df5aae91c564aafed3c6f38e0be3f43d448bf0664737,"[""scenario_result_carla_bounding_box"", ""scenario_result_carla_bounding_box""]","[4.673638820648193, 1.8118125200271606, 4.673638820648193, 1.8118125200271606]","[-0.002593994140625, -0.0, -0.0, -0.0025927722454071045, -9.272478895816505e-10, -0.0]"
B0_adaptive_assertive,B0,adaptive,assertive,104,0.0,0,9.5,7.3999999687075615,1.67252861157446,0,0,0,0,,f99767accd1747e24535d2af70c376b751fe00cec9406d51283179d191c702c9,"[""scenario_result_carla_bounding_box"", ""scenario_result_carla_bounding_box""]","[4.673638820648193, 1.8118125200271606, 4.673638820648193, 1.8118125200271606]","[-0.002593994140625, -0.0, -0.0, -0.0025927722454071045, -9.272478895816505e-10, -0.0]"
B0_adaptive_assertive,B0,adaptive,assertive,104,0.25,1,9.5,7.3999999687075615,1.0762366966380816,0,0,0,0,,f99767accd1747e24535d2af70c376b751fe00cec9406d51283179d191c702c9,"[""scenario_result_carla_bounding_box"", ""scenario_result_carla_bounding_box""]","[4.673638820648193, 1.8118125200271606, 4.673638820648193, 1.8118125200271606]","[-0.002593994140625, -0.0, -0.0, -0.0025927722454071045, -9.272478895816505e-10, -0.0]"
B0_adaptive_assertive,B0,adaptive,assertive,104,0.35,0,9.5,7.3999999687075615,0.8402781212728923,0,0,0,0,,f99767accd1747e24535d2af70c376b751fe00cec9406d51283179d191c702c9,"[""scenario_result_carla_bounding_box"", ""scenario_result_carla_bounding_box""]","[4.673638820648193, 1.8118125200271606, 4.673638820648193, 1.8118125200271606]","[-0.002593994140625, -0.0, -0.0, -0.0025927722454071045, -9.272478895816505e-10, -0.0]"
B0_adaptive_assertive,B0,adaptive,assertive,104,0.5,0,9.5,7.3999999687075615,0.4863402582251081,0,0,0,0,,f99767accd1747e24535d2af70c376b751fe00cec9406d51283179d191c702c9,"[""scenario_result_carla_bounding_box"", ""scenario_result_carla_bounding_box""]","[4.673638820648193, 1.8118125200271606, 4.673638820648193, 1.8118125200271606]","[-0.002593994140625, -0.0, -0.0, -0.0025927722454071045, -9.272478895816505e-10, -0.0]"
B0_adaptive_assertive,B0,adaptive,assertive,105,0.0,0,10.6,8.499999968707584,2.04008624664103,0,0,0,0,,9d417b2b40d38678189abe5949dccd2abbd75c937185607860fad60ad3f830c4,"[""scenario_result_carla_bounding_box"", ""scenario_result_carla_bounding_box""]","[4.673638820648193, 1.8118125200271606, 4.673638820648193, 1.8118125200271606]","[-0.002593994140625, -0.0, -0.0, -0.0025927722454071045, -9.272478895816505e-10, -0.0]"
B0_adaptive_assertive,B0,adaptive,assertive,105,0.25,1,10.6,8.499999968707584,1.4539892061837127,0,0,0,0,,9d417b2b40d38678189abe5949dccd2abbd75c937185607860fad60ad3f830c4,"[""scenario_result_carla_bounding_box"", ""scenario_result_carla_bounding_box""]","[4.673638820648193, 1.8118125200271606, 4.673638820648193, 1.8118125200271606]","[-0.002593994140625, -0.0, -0.0, -0.0025927722454071045, -9.272478895816505e-10, -0.0]"
B0_adaptive_assertive,B0,adaptive,assertive,105,0.35,0,10.6,8.499999968707584,1.2201220773707318,0,0,0,0,,9d417b2b40d38678189abe5949dccd2abbd75c937185607860fad60ad3f830c4,"[""scenario_result_carla_bounding_box"", ""scenario_result_carla_bounding_box""]","[4.673638820648193, 1.8118125200271606, 4.673638820648193, 1.8118125200271606]","[-0.002593994140625, -0.0, -0.0, -0.0025927722454071045, -9.272478895816505e-10, -0.0]"
B0_adaptive_assertive,B0,adaptive,assertive,105,0.5,0,10.6,8.499999968707584,0.8693213841512598,0,0,0,0,,9d417b2b40d38678189abe5949dccd2abbd75c937185607860fad60ad3f830c4,"[""scenario_result_carla_bounding_box"", ""scenario_result_carla_bounding_box""]","[4.673638820648193, 1.8118125200271606, 4.673638820648193, 1.8118125200271606]","[-0.002593994140625, -0.0, -0.0, -0.0025927722454071045, -9.272478895816505e-10, -0.0]"
B0_adaptive_reactive,B0,adaptive,reactive,101,0.0,0,11.35,8.749999961257004,1.6488158080728774,0,0,0,0,,b4a54c09d560d7da1298034e762091247f0d2657c4ed4726eab805190da0b5f0,"[""scenario_result_carla_bounding_box"", ""scenario_result_carla_bounding_box""]","[4.673638820648193, 1.8118125200271606, 4.673638820648193, 1.8118125200271606]","[-0.002593994140625, -0.0, -0.0, -0.0025927722454071045, -9.272478895816505e-10, -0.0]"
B0_adaptive_reactive,B0,adaptive,reactive,101,0.25,1,11.35,8.749999961257004,1.0582930901555025,0,0,0,0,,b4a54c09d560d7da1298034e762091247f0d2657c4ed4726eab805190da0b5f0,"[""scenario_result_carla_bounding_box"", ""scenario_result_carla_bounding_box""]","[4.673638820648193, 1.8118125200271606, 4.673638820648193, 1.8118125200271606]","[-0.002593994140625, -0.0, -0.0, -0.0025927722454071045, -9.272478895816505e-10, -0.0]"
B0_adaptive_reactive,B0,adaptive,reactive,101,0.35,0,11.35,8.749999961257004,0.822105003435862,0,0,0,0,,b4a54c09d560d7da1298034e762091247f0d2657c4ed4726eab805190da0b5f0,"[""scenario_result_carla_bounding_box"", ""scenario_result_carla_bounding_box""]","[4.673638820648193, 1.8118125200271606, 4.673638820648193, 1.8118125200271606]","[-0.002593994140625, -0.0, -0.0, -0.0025927722454071045, -9.272478895816505e-10, -0.0]"
B0_adaptive_reactive,B0,adaptive,reactive,101,0.5,0,11.35,8.749999961257004,0.4678228733564033,0,0,0,0,,b4a54c09d560d7da1298034e762091247f0d2657c4ed4726eab805190da0b5f0,"[""scenario_result_carla_bounding_box"", ""scenario_result_carla_bounding_box""]","[4.673638820648193, 1.8118125200271606, 4.673638820648193, 1.8118125200271606]","[-0.002593994140625, -0.0, -0.0, -0.0025927722454071045, -9.272478895816505e-10, -0.0]"
B0_adaptive_reactive,B0,adaptive,reactive,102,0.0,0,10.8,8.199999961256935,1.9384072198078575,0,0,0,0,,d094b6f5b8905447d30db0fd6258cce5f36d0ec20e322d88c8dee51e2eafcb3b,"[""scenario_result_carla_bounding_box"", ""scenario_result_carla_bounding_box""]","[4.673638820648193, 1.8118125200271606, 4.673638820648193, 1.8118125200271606]","[-0.002593994140625, -0.0, -0.0, -0.0025927722454071045, -9.272478895816505e-10, -0.0]"
B0_adaptive_reactive,B0,adaptive,reactive,102,0.25,1,10.8,8.199999961256935,1.3506695880419928,0,0,0,0,,d094b6f5b8905447d30db0fd6258cce5f36d0ec20e322d88c8dee51e2eafcb3b,"[""scenario_result_carla_bounding_box"", ""scenario_result_carla_bounding_box""]","[4.673638820648193, 1.8118125200271606, 4.673638820648193, 1.8118125200271606]","[-0.002593994140625, -0.0, -0.0, -0.0025927722454071045, -9.272478895816505e-10, -0.0]"
B0_adaptive_reactive,B0,adaptive,reactive,102,0.35,0,10.8,8.199999961256935,1.1155745353356465,0,0,0,0,,d094b6f5b8905447d30db0fd6258cce5f36d0ec20e322d88c8dee51e2eafcb3b,"[""scenario_result_carla_bounding_box"", ""scenario_result_carla_bounding_box""]","[4.673638820648193, 1.8118125200271606, 4.673638820648193, 1.8118125200271606]","[-0.002593994140625, -0.0, -0.0, -0.0025927722454071045, -9.272478895816505e-10, -0.0]"
B0_adaptive_reactive,B0,adaptive,reactive,102,0.5,0,10.8,8.199999961256935,0.7629319562761283,0,0,0,0,,d094b6f5b8905447d30db0fd6258cce5f36d0ec20e322d88c8dee51e2eafcb3b,"[""scenario_result_carla_bounding_box"", ""scenario_result_carla_bounding_box""]","[4.673638820648193, 1.8118125200271606, 4.673638820648193, 1.8118125200271606]","[-0.002593994140625, -0.0, -0.0, -0.0025927722454071045, -9.272478895816505e-10, -0.0]"
B0_adaptive_reactive,B0,adaptive,reactive,103,0.0,0,11.1,8.399999959766774,1.5484951987569682,0,0,0,0,,fc292a0608ce2053fe78590c2c305e1ceda8da5c0e45ae895b289581ecb98865,"[""scenario_result_carla_bounding_box"", ""scenario_result_carla_bounding_box""]","[4.673638820648193, 1.8118125200271606, 4.673638820648193, 1.8118125200271606]","[-0.002593994140625, -0.0, -0.0, -0.0025927722454071045, -9.272478895816505e-10, -0.0]"
B0_adaptive_reactive,B0,adaptive,reactive,103,0.25,1,11.1,8.399999959766774,0.9577103988245683,0,0,0,0,,fc292a0608ce2053fe78590c2c305e1ceda8da5c0e45ae895b289581ecb98865,"[""scenario_result_carla_bounding_box"", ""scenario_result_carla_bounding_box""]","[4.673638820648193, 1.8118125200271606, 4.673638820648193, 1.8118125200271606]","[-0.002593994140625, -0.0, -0.0, -0.0025927722454071045, -9.272478895816505e-10, -0.0]"
B0_adaptive_reactive,B0,adaptive,reactive,103,0.35,0,11.1,8.399999959766774,0.7212646664328564,0,0,0,0,,fc292a0608ce2053fe78590c2c305e1ceda8da5c0e45ae895b289581ecb98865,"[""scenario_result_carla_bounding_box"", ""scenario_result_carla_bounding_box""]","[4.673638820648193, 1.8118125200271606, 4.673638820648193, 1.8118125200271606]","[-0.002593994140625, -0.0, -0.0, -0.0025927722454071045, -9.272478895816505e-10, -0.0]"
B0_adaptive_reactive,B0,adaptive,reactive,103,0.5,0,11.1,8.399999959766774,0.3667915185342173,0,0,0,0,,fc292a0608ce2053fe78590c2c305e1ceda8da5c0e45ae895b289581ecb98865,"[""scenario_result_carla_bounding_box"", ""scenario_result_carla_bounding_box""]","[4.673638820648193, 1.8118125200271606, 4.673638820648193, 1.8118125200271606]","[-0.002593994140625, -0.0, -0.0, -0.0025927722454071045, -9.272478895816505e-10, -0.0]"
B0_adaptive_reactive,B0,adaptive,reactive,104,0.0,0,10.2,7.599999961256799,1.5840472749088879,0,0,0,0,,626f061f1d150b7bf761342242f45a4b21d5d335fb86c78c181880a81badeb74,"[""scenario_result_carla_bounding_box"", ""scenario_result_carla_bounding_box""]","[4.673638820648193, 1.8118125200271606, 4.673638820648193, 1.8118125200271606]","[-0.002593994140625, -0.0, -0.0, -0.0025927722454071045, -9.272478895816505e-10, -0.0]"
B0_adaptive_reactive,B0,adaptive,reactive,104,0.25,1,10.2,7.599999961256799,0.9934258361240389,0,0,0,0,,626f061f1d150b7bf761342242f45a4b21d5d335fb86c78c181880a81badeb74,"[""scenario_result_carla_bounding_box"", ""scenario_result_carla_bounding_box""]","[4.673638820648193, 1.8118125200271606, 4.673638820648193, 1.8118125200271606]","[-0.002593994140625, -0.0, -0.0, -0.0025927722454071045, -9.272478895816505e-10, -0.0]"
B0_adaptive_reactive,B0,adaptive,reactive,104,0.35,0,10.2,7.599999961256799,0.7571772606100997,0,0,0,0,,626f061f1d150b7bf761342242f45a4b21d5d335fb86c78c181880a81badeb74,"[""scenario_result_carla_bounding_box"", ""scenario_result_carla_bounding_box""]","[4.673638820648193, 1.8118125200271606, 4.673638820648193, 1.8118125200271606]","[-0.002593994140625, -0.0, -0.0, -0.0025927722454071045, -9.272478895816505e-10, -0.0]"
B0_adaptive_reactive,B0,adaptive,reactive,104,0.5,0,10.2,7.599999961256799,0.40280439733918944,0,0,0,0,,626f061f1d150b7bf761342242f45a4b21d5d335fb86c78c181880a81badeb74,"[""scenario_result_carla_bounding_box"", ""scenario_result_carla_bounding_box""]","[4.673638820648193, 1.8118125200271606, 4.673638820648193, 1.8118125200271606]","[-0.002593994140625, -0.0, -0.0, -0.0025927722454071045, -9.272478895816505e-10, -0.0]"
B0_adaptive_reactive,B0,adaptive,reactive,105,0.0,0,11.75,9.149999961256981,1.8857794472211364,0,0,0,0,,63a52c0685bb07c666decfd58b22eda8aeb477f0847bddc19db2ea8a5ccab8ef,"[""scenario_result_carla_bounding_box"", ""scenario_result_carla_bounding_box""]","[4.673638820648193, 1.8118125200271606, 4.673638820648193, 1.8118125200271606]","[-0.002593994140625, -0.0, -0.0, -0.0025927722454071045, -9.272478895816505e-10, -0.0]"
B0_adaptive_reactive,B0,adaptive,reactive,105,0.25,1,11.75,9.149999961256981,1.2993527941515992,0,0,0,0,,63a52c0685bb07c666decfd58b22eda8aeb477f0847bddc19db2ea8a5ccab8ef,"[""scenario_result_carla_bounding_box"", ""scenario_result_carla_bounding_box""]","[4.673638820648193, 1.8118125200271606, 4.673638820648193, 1.8118125200271606]","[-0.002593994140625, -0.0, -0.0, -0.0025927722454071045, -9.272478895816505e-10, -0.0]"
B0_adaptive_reactive,B0,adaptive,reactive,105,0.35,0,11.75,9.149999961256981,1.0647821329237839,0,0,0,0,,63a52c0685bb07c666decfd58b22eda8aeb477f0847bddc19db2ea8a5ccab8ef,"[""scenario_result_carla_bounding_box"", ""scenario_result_carla_bounding_box""]","[4.673638820648193, 1.8118125200271606, 4.673638820648193, 1.8118125200271606]","[-0.002593994140625, -0.0, -0.0, -0.0025927722454071045, -9.272478895816505e-10, -0.0]"
B0_adaptive_reactive,B0,adaptive,reactive,105,0.5,0,11.75,9.149999961256981,0.712721191586979,0,0,0,0,,63a52c0685bb07c666decfd58b22eda8aeb477f0847bddc19db2ea8a5ccab8ef,"[""scenario_result_carla_bounding_box"", ""scenario_result_carla_bounding_box""]","[4.673638820648193, 1.8118125200271606, 4.673638820648193, 1.8118125200271606]","[-0.002593994140625, -0.0, -0.0, -0.0025927722454071045, -9.272478895816505e-10, -0.0]"
