baseline,split,rollout,ego_init_id,cell_id,target_style,response_active,ADE_m,FDE_m,diagonal_gaussian_NLL_nats_per_step
CV,test,S0_ADAPTIVE/scenario_uk_give_way_ego_init_46_smpc_var_risk,46,S0_ADAPTIVE,assertive_constant_speed,0,1.9300882429175288,3.706731393188969,-0.8900040974933263
CA,test,S0_ADAPTIVE/scenario_uk_give_way_ego_init_46_smpc_var_risk,46,S0_ADAPTIVE,assertive_constant_speed,0,2.2681988208503343,4.584941710229879,-1.3658640819337324
train_mean,test,S0_ADAPTIVE/scenario_uk_give_way_ego_init_46_smpc_var_risk,46,S0_ADAPTIVE,assertive_constant_speed,0,0.2250042150497007,0.26704812872042266,-2.3125477494563085
CV,test,S0_ADAPTIVE/scenario_uk_give_way_ego_init_46_smpc_var_risk,46,S0_ADAPTIVE,assertive_constant_speed,0,1.86287208083309,3.249463800768633,0.07842414962527194
CA,test,S0_ADAPTIVE/scenario_uk_give_way_ego_init_46_smpc_var_risk,46,S0_ADAPTIVE,assertive_constant_speed,0,0.531102048810521,0.5438566835740207,-1.1601434219590119
train_mean,test,S0_ADAPTIVE/scenario_uk_give_way_ego_init_46_smpc_var_risk,46,S0_ADAPTIVE,assertive_constant_speed,0,0.5049357529385443,0.568410871427108,-2.2083567037143723
CV,test,S0_ADAPTIVE/scenario_uk_give_way_ego_init_46_smpc_var_risk,46,S0_ADAPTIVE,assertive_constant_speed,0,0.5561485150349718,1.1913418402424762,-2.279681657873124
CA,test,S0_ADAPTIVE/scenario_uk_give_way_ego_init_46_smpc_var_risk,46,S0_ADAPTIVE,assertive_constant_speed,0,3.6240098442394966,9.191345427092573,-0.9565038971591546
train_mean,test,S0_ADAPTIVE/scenario_uk_give_way_ego_init_46_smpc_var_risk,46,S0_ADAPTIVE,assertive_constant_speed,0,0.5601866777663934,0.6041993708235941,-2.1349867629114967
CV,test,S0_ADAPTIVE/scenario_uk_give_way_ego_init_46_smpc_var_risk,46,S0_ADAPTIVE,assertive_constant_speed,0,0.9114904966032205,1.6912146783113624,-1.9951325659534522
CA,test,S0_ADAPTIVE/scenario_uk_give_way_ego_init_46_smpc_var_risk,46,S0_ADAPTIVE,assertive_constant_speed,0,1.5573739063134044,3.3688358363151005,-1.8602910940437134
train_mean,test,S0_ADAPTIVE/scenario_uk_give_way_ego_init_46_smpc_var_risk,46,S0_ADAPTIVE,assertive_constant_speed,0,0.37724077008104323,0.43984455774954084,-2.2620018654493252
CV,test,S0_ADAPTIVE/scenario_uk_give_way_ego_init_46_smpc_var_risk,46,S0_ADAPTIVE,assertive_constant_speed,0,0.2954756139947758,0.46601299337719015,-2.2978035771545353
CA,test,S0_ADAPTIVE/scenario_uk_give_way_ego_init_46_smpc_var_risk,46,S0_ADAPTIVE,assertive_constant_speed,0,2.24984010233418,6.145192976470393,-1.9927438015659071
train_mean,test,S0_ADAPTIVE/scenario_uk_give_way_ego_init_46_smpc_var_risk,46,S0_ADAPTIVE,assertive_constant_speed,0,0.26602395722781347,0.3428092756786027,-2.3255695573432598
CV,test,S0_ADAPTIVE/scenario_uk_give_way_ego_init_46_smpc_var_risk,46,S0_ADAPTIVE,assertive_constant_speed,0,0.3364971756140598,0.6552569598026595,-2.3576997498781416
CA,test,S0_ADAPTIVE/scenario_uk_give_way_ego_init_46_smpc_var_risk,46,S0_ADAPTIVE,assertive_constant_speed,0,2.469404997507514,6.199102370002893,-1.6999977061041052
train_mean,test,S0_ADAPTIVE/scenario_uk_give_way_ego_init_46_smpc_var_risk,46,S0_ADAPTIVE,assertive_constant_speed,0,0.286702403828912,0.3553160560992509,-2.321130184481758
CV,test,S0_ADAPTIVE/scenario_uk_give_way_ego_init_46_smpc_var_risk,46,S0_ADAPTIVE,assertive_constant_speed,0,0.3701271456958875,0.639824977633307,-2.3075792797371237
CA,test,S0_ADAPTIVE/scenario_uk_give_way_ego_init_46_smpc_var_risk,46,S0_ADAPTIVE,assertive_constant_speed,0,0.21509758199969817,0.2371638747277497,-2.407361900565159
train_mean,test,S0_ADAPTIVE/scenario_uk_give_way_ego_init_46_smpc_var_risk,46,S0_ADAPTIVE,assertive_constant_speed,0,0.3661018657411859,0.420423914706069,-2.2854164522397067
CV,test,S0_ADAPTIVE/scenario_uk_give_way_ego_init_46_smpc_var_risk,46,S0_ADAPTIVE,assertive_constant_speed,0,0.11667061722635268,0.24446016126701134,-2.3926008544782063
CA,test,S0_ADAPTIVE/scenario_uk_give_way_ego_init_46_smpc_var_risk,46,S0_ADAPTIVE,assertive_constant_speed,0,1.8444594826372303,4.756512706717653,-2.095463428222218
train_mean,test,S0_ADAPTIVE/scenario_uk_give_way_ego_init_46_smpc_var_risk,46,S0_ADAPTIVE,assertive_constant_speed,0,0.38498023832649375,0.43854518681221266,-2.2689026399786845
CV,test,S0_ADAPTIVE/scenario_uk_give_way_ego_init_46_smpc_var_risk,46,S0_ADAPTIVE,assertive_constant_speed,0,0.30565665420904425,0.5539809545117639,-2.3527151105048216
CA,test,S0_ADAPTIVE/scenario_uk_give_way_ego_init_46_smpc_var_risk,46,S0_ADAPTIVE,assertive_constant_speed,0,0.8225155834469964,1.896471868834128,-2.3436443547436623
train_mean,test,S0_ADAPTIVE/scenario_uk_give_way_ego_init_46_smpc_var_risk,46,S0_ADAPTIVE,assertive_constant_speed,0,0.3343158618825107,0.39751964261886696,-2.2949053500385705
CV,test,S0_ADAPTIVE/scenario_uk_give_way_ego_init_46_smpc_var_risk,46,S0_ADAPTIVE,assertive_constant_speed,0,0.0633484966360541,0.08110598984892828,-2.3905139201265198
CA,test,S0_ADAPTIVE/scenario_uk_give_way_ego_init_46_smpc_var_risk,46,S0_ADAPTIVE,assertive_constant_speed,0,0.904009972281233,2.431054035337039,-2.3966932244792676
train_mean,test,S0_ADAPTIVE/scenario_uk_give_way_ego_init_46_smpc_var_risk,46,S0_ADAPTIVE,assertive_constant_speed,0,0.30028719566564177,0.3679651498475253,-2.3139040695282977
CV,test,S0_ADAPTIVE/scenario_uk_give_way_ego_init_46_smpc_var_risk,46,S0_ADAPTIVE,assertive_constant_speed,0,0.17841733725119902,0.33770048150524085,-2.3884705413170746
CA,test,S0_ADAPTIVE/scenario_uk_give_way_ego_init_46_smpc_var_risk,46,S0_ADAPTIVE,assertive_constant_speed,0,0.9569316003536606,2.3598155130361915,-2.35075928859069
train_mean,test,S0_ADAPTIVE/scenario_uk_give_way_ego_init_46_smpc_var_risk,46,S0_ADAPTIVE,assertive_constant_speed,0,0.3196208960548593,0.3823509122927992,-2.3071818437881793
CV,test,S0_ADAPTIVE/scenario_uk_give_way_ego_init_46_smpc_var_risk,46,S0_ADAPTIVE,assertive_constant_speed,0,0.12164020780774103,0.20218018588217784,-2.3890370583459433
CA,test,S0_ADAPTIVE/scenario_uk_give_way_ego_init_46_smpc_var_risk,46,S0_ADAPTIVE,assertive_constant_speed,0,0.20342202560108053,0.6119733084811622,-2.4702033193331947
train_mean,test,S0_ADAPTIVE/scenario_uk_give_way_ego_init_46_smpc_var_risk,46,S0_ADAPTIVE,assertive_constant_speed,0,0.3524002364829796,0.4096602017768448,-2.2905613599557957
CV,test,S0_ADAPTIVE/scenario_uk_give_way_ego_init_46_smpc_var_risk,46,S0_ADAPTIVE,assertive_constant_speed,0,0.08369253262134257,0.16847403702488453,-2.3991334150926233
CA,test,S0_ADAPTIVE/scenario_uk_give_way_ego_init_46_smpc_var_risk,46,S0_ADAPTIVE,assertive_constant_speed,0,0.7985729403158143,2.027719621462986,-2.400715933841603
train_mean,test,S0_ADAPTIVE/scenario_uk_give_way_ego_init_46_smpc_var_risk,46,S0_ADAPTIVE,assertive_constant_speed,0,0.3525132217288587,0.41085332037826294,-2.2881622609935652
CV,test,S0_ADAPTIVE/scenario_uk_give_way_ego_init_46_smpc_var_risk,46,S0_ADAPTIVE,assertive_constant_speed,0,0.12475717153953829,0.22137339227126757,-2.3925875099165204
CA,test,S0_ADAPTIVE/scenario_uk_give_way_ego_init_46_smpc_var_risk,46,S0_ADAPTIVE,assertive_constant_speed,0,0.18982699103956507,0.3903861854751852,-2.4650407704780473
train_mean,test,S0_ADAPTIVE/scenario_uk_give_way_ego_init_46_smpc_var_risk,46,S0_ADAPTIVE,assertive_constant_speed,0,0.3291104239600437,0.3917554575844872,-2.2998915425126567
CV,test,S0_ADAPTIVE/scenario_uk_give_way_ego_init_46_smpc_var_risk,46,S0_ADAPTIVE,assertive_constant_speed,0,0.007278411866435404,0.011771196429964974,-2.4006542368436588
CA,test,S0_ADAPTIVE/scenario_uk_give_way_ego_init_46_smpc_var_risk,46,S0_ADAPTIVE,assertive_constant_speed,0,0.46465388189960655,1.2230994591019213,-2.4547908718752844
train_mean,test,S0_ADAPTIVE/scenario_uk_give_way_ego_init_46_smpc_var_risk,46,S0_ADAPTIVE,assertive_constant_speed,0,0.318914111286957,0.3826351669472046,-2.306095715990656
CV,test,S0_ADAPTIVE/scenario_uk_give_way_ego_init_47_smpc_var_risk,47,S0_ADAPTIVE,assertive_constant_speed,0,1.9300964944399213,3.706739980819487,-0.889973508834143
CA,test,S0_ADAPTIVE/scenario_uk_give_way_ego_init_47_smpc_var_risk,47,S0_ADAPTIVE,assertive_constant_speed,0,2.268194224510988,4.584916925926015,-1.365766886713166
train_mean,test,S0_ADAPTIVE/scenario_uk_give_way_ego_init_47_smpc_var_risk,47,S0_ADAPTIVE,assertive_constant_speed,0,0.2250118938249622,0.2670578125098038,-2.3125224689321415
CV,test,S0_ADAPTIVE/scenario_uk_give_way_ego_init_47_smpc_var_risk,47,S0_ADAPTIVE,assertive_constant_speed,0,1.862879093382126,3.2494714356711243,0.07844854099562948
CA,test,S0_ADAPTIVE/scenario_uk_give_way_ego_init_47_smpc_var_risk,47,S0_ADAPTIVE,assertive_constant_speed,0,0.5311063326161011,0.5438300036326656,-1.1601119709851622
train_mean,test,S0_ADAPTIVE/scenario_uk_give_way_ego_init_47_smpc_var_risk,47,S0_ADAPTIVE,assertive_constant_speed,0,0.5049412114498317,0.5684157064830263,-2.2083244054212354
CV,test,S0_ADAPTIVE/scenario_uk_give_way_ego_init_47_smpc_var_risk,47,S0_ADAPTIVE,assertive_constant_speed,0,0.5561414861500352,1.1913332614057592,-2.2796758249172124
CA,test,S0_ADAPTIVE/scenario_uk_give_way_ego_init_47_smpc_var_risk,47,S0_ADAPTIVE,assertive_constant_speed,0,3.62400077537607,9.191336822097094,-0.9567221860936348
train_mean,test,S0_ADAPTIVE/scenario_uk_give_way_ego_init_47_smpc_var_risk,47,S0_ADAPTIVE,assertive_constant_speed,0,0.5601946856875154,0.6042060342199975,-2.1349830868052067
CV,test,S0_ADAPTIVE/scenario_uk_give_way_ego_init_47_smpc_var_risk,47,S0_ADAPTIVE,assertive_constant_speed,0,0.9113610879701601,1.6909858076915387,-1.995259764812701
CA,test,S0_ADAPTIVE/scenario_uk_give_way_ego_init_47_smpc_var_risk,47,S0_ADAPTIVE,assertive_constant_speed,0,1.5568187385431647,3.3675011399317936,-1.8589588079877324
train_mean,test,S0_ADAPTIVE/scenario_uk_give_way_ego_init_47_smpc_var_risk,47,S0_ADAPTIVE,assertive_constant_speed,0,0.3772474125611079,0.4398503339186634,-2.26207616595849
CV,test,S0_ADAPTIVE/scenario_uk_give_way_ego_init_47_smpc_var_risk,47,S0_ADAPTIVE,assertive_constant_speed,0,0.29548726182944157,0.46603590602920897,-2.2977930978824603
CA,test,S0_ADAPTIVE/scenario_uk_give_way_ego_init_47_smpc_var_risk,47,S0_ADAPTIVE,assertive_constant_speed,0,2.2493549838569584,6.143939851504756,-1.9929598566183544
train_mean,test,S0_ADAPTIVE/scenario_uk_give_way_ego_init_47_smpc_var_risk,47,S0_ADAPTIVE,assertive_constant_speed,0,0.26602490685649555,0.3428092568477533,-2.3255693459399858
CV,test,S0_ADAPTIVE/scenario_uk_give_way_ego_init_47_smpc_var_risk,47,S0_ADAPTIVE,assertive_constant_speed,0,0.3364962892862088,0.6552564831256572,-2.3576993875053542
CA,test,S0_ADAPTIVE/scenario_uk_give_way_ego_init_47_smpc_var_risk,47,S0_ADAPTIVE,assertive_constant_speed,0,2.4694552205100684,6.1992354427030865,-1.699815857703199
train_mean,test,S0_ADAPTIVE/scenario_uk_give_way_ego_init_47_smpc_var_risk,47,S0_ADAPTIVE,assertive_constant_speed,0,0.286699083035267,0.355311660337649,-2.3211480645115357
CV,test,S0_ADAPTIVE/scenario_uk_give_way_ego_init_47_smpc_var_risk,47,S0_ADAPTIVE,assertive_constant_speed,0,0.370135965496778,0.6398411882409419,-2.3075764612723964
CA,test,S0_ADAPTIVE/scenario_uk_give_way_ego_init_47_smpc_var_risk,47,S0_ADAPTIVE,assertive_constant_speed,0,0.2151357688930422,0.23725636963774369,-2.407365213083853
train_mean,test,S0_ADAPTIVE/scenario_uk_give_way_ego_init_47_smpc_var_risk,47,S0_ADAPTIVE,assertive_constant_speed,0,0.36610020251010084,0.420421078567531,-2.2854146403334568
CV,test,S0_ADAPTIVE/scenario_uk_give_way_ego_init_47_smpc_var_risk,47,S0_ADAPTIVE,assertive_constant_speed,0,0.11667158813008324,0.24446063671042864,-2.392601194321756
CA,test,S0_ADAPTIVE/scenario_uk_give_way_ego_init_47_smpc_var_risk,47,S0_ADAPTIVE,assertive_constant_speed,0,1.8444933860243573,4.756599014938844,-2.095453079916074
train_mean,test,S0_ADAPTIVE/scenario_uk_give_way_ego_init_47_smpc_var_risk,47,S0_ADAPTIVE,assertive_constant_speed,0,0.3849783130419282,0.4385427370869798,-2.2689148545335724
CV,test,S0_ADAPTIVE/scenario_uk_give_way_ego_init_47_smpc_var_risk,47,S0_ADAPTIVE,assertive_constant_speed,0,0.30566821788689813,0.5540002672069296,-2.352710376430756
CA,test,S0_ADAPTIVE/scenario_uk_give_way_ego_init_47_smpc_var_risk,47,S0_ADAPTIVE,assertive_constant_speed,0,0.8225638649307465,1.8965865522280705,-2.3436203704668164
train_mean,test,S0_ADAPTIVE/scenario_uk_give_way_ego_init_47_smpc_var_risk,47,S0_ADAPTIVE,assertive_constant_speed,0,0.3343137492204256,0.39751753450572036,-2.294902946350594
CV,test,S0_ADAPTIVE/scenario_uk_give_way_ego_init_47_smpc_var_risk,47,S0_ADAPTIVE,assertive_constant_speed,0,0.06335288429697397,0.08111147775238921,-2.3905121082312717
CA,test,S0_ADAPTIVE/scenario_uk_give_way_ego_init_47_smpc_var_risk,47,S0_ADAPTIVE,assertive_constant_speed,0,0.9040316103695009,2.4311153088744177,-2.3966900886321887
train_mean,test,S0_ADAPTIVE/scenario_uk_give_way_ego_init_47_smpc_var_risk,47,S0_ADAPTIVE,assertive_constant_speed,0,0.3002849196862144,0.3679635284654573,-2.31389954792715
CV,test,S0_ADAPTIVE/scenario_uk_give_way_ego_init_47_smpc_var_risk,47,S0_ADAPTIVE,assertive_constant_speed,0,0.17842224876817134,0.3377104949378711,-2.388469852704155
CA,test,S0_ADAPTIVE/scenario_uk_give_way_ego_init_47_smpc_var_risk,47,S0_ADAPTIVE,assertive_constant_speed,0,0.9569622133719771,2.3598922845053933,-2.3507561384692948
train_mean,test,S0_ADAPTIVE/scenario_uk_give_way_ego_init_47_smpc_var_risk,47,S0_ADAPTIVE,assertive_constant_speed,0,0.3196205467315382,0.38235133506145835,-2.3071904293745615
CV,test,S0_ADAPTIVE/scenario_uk_give_way_ego_init_47_smpc_var_risk,47,S0_ADAPTIVE,assertive_constant_speed,0,0.12164414248761146,0.202187583009144,-2.389036080817193
CA,test,S0_ADAPTIVE/scenario_uk_give_way_ego_init_47_smpc_var_risk,47,S0_ADAPTIVE,assertive_constant_speed,0,0.20342597121681014,0.6119849992331218,-2.4702015012235004
train_mean,test,S0_ADAPTIVE/scenario_uk_give_way_ego_init_47_smpc_var_risk,47,S0_ADAPTIVE,assertive_constant_speed,0,0.35240104169610287,0.40966195040893977,-2.2905502945471996
CV,test,S0_ADAPTIVE/scenario_uk_give_way_ego_init_47_smpc_var_risk,47,S0_ADAPTIVE,assertive_constant_speed,0,0.08369381560852503,0.16847642360151602,-2.3991332707815807
CA,test,S0_ADAPTIVE/scenario_uk_give_way_ego_init_47_smpc_var_risk,47,S0_ADAPTIVE,assertive_constant_speed,0,0.7985924668621918,2.027769688457179,-2.4007122245888843
train_mean,test,S0_ADAPTIVE/scenario_uk_give_way_ego_init_47_smpc_var_risk,47,S0_ADAPTIVE,assertive_constant_speed,0,0.3525141556067278,0.4108547735135367,-2.2881607163475772
CV,test,S0_ADAPTIVE/scenario_uk_give_way_ego_init_47_smpc_var_risk,47,S0_ADAPTIVE,assertive_constant_speed,0,0.12475924491791693,0.22137672713478412,-2.3925872795915986
CA,test,S0_ADAPTIVE/scenario_uk_give_way_ego_init_47_smpc_var_risk,47,S0_ADAPTIVE,assertive_constant_speed,0,0.189829059522787,0.39038950158675284,-2.465046397003345
train_mean,test,S0_ADAPTIVE/scenario_uk_give_way_ego_init_47_smpc_var_risk,47,S0_ADAPTIVE,assertive_constant_speed,0,0.3291104428030275,0.3917559207448571,-2.299895021155769
CV,test,S0_ADAPTIVE/scenario_uk_give_way_ego_init_47_smpc_var_risk,47,S0_ADAPTIVE,assertive_constant_speed,0,0.0072791341842740635,0.01177687333867469,-2.4006542620845517
CA,test,S0_ADAPTIVE/scenario_uk_give_way_ego_init_47_smpc_var_risk,47,S0_ADAPTIVE,assertive_constant_speed,0,0.4646754114861101,1.2231528662553213,-2.4547879100778744
train_mean,test,S0_ADAPTIVE/scenario_uk_give_way_ego_init_47_smpc_var_risk,47,S0_ADAPTIVE,assertive_constant_speed,0,0.31891414384676026,0.382635212338618,-2.3060937766616285
CV,test,S0_ADAPTIVE/scenario_uk_give_way_ego_init_48_smpc_var_risk,48,S0_ADAPTIVE,assertive_constant_speed,0,1.9300950643788375,3.7067361671334225,-0.889973641292749
CA,test,S0_ADAPTIVE/scenario_uk_give_way_ego_init_48_smpc_var_risk,48,S0_ADAPTIVE,assertive_constant_speed,0,2.2682074818062743,4.584951261323564,-1.3657359171926173
train_mean,test,S0_ADAPTIVE/scenario_uk_give_way_ego_init_48_smpc_var_risk,48,S0_ADAPTIVE,assertive_constant_speed,0,0.22501114210600667,0.26705593921836807,-2.312518470002995
CV,test,S0_ADAPTIVE/scenario_uk_give_way_ego_init_48_smpc_var_risk,48,S0_ADAPTIVE,assertive_constant_speed,0,1.8628759949200266,3.249465715446806,0.07845271366104581
CA,test,S0_ADAPTIVE/scenario_uk_give_way_ego_init_48_smpc_var_risk,48,S0_ADAPTIVE,assertive_constant_speed,0,0.5311052996709288,0.543850045108518,-1.1600938388756175
train_mean,test,S0_ADAPTIVE/scenario_uk_give_way_ego_init_48_smpc_var_risk,48,S0_ADAPTIVE,assertive_constant_speed,0,0.504940740985957,0.5684147716696825,-2.2083171175704748
CV,test,S0_ADAPTIVE/scenario_uk_give_way_ego_init_48_smpc_var_risk,48,S0_ADAPTIVE,assertive_constant_speed,0,0.5561445027555333,1.1913399384924026,-2.2796759235044766
CA,test,S0_ADAPTIVE/scenario_uk_give_way_ego_init_48_smpc_var_risk,48,S0_ADAPTIVE,assertive_constant_speed,0,3.624005547771689,9.191343509985991,-0.9566227836085561
train_mean,test,S0_ADAPTIVE/scenario_uk_give_way_ego_init_48_smpc_var_risk,48,S0_ADAPTIVE,assertive_constant_speed,0,0.5601920266649411,0.6042032166320256,-2.1349763230566614
CV,test,S0_ADAPTIVE/scenario_uk_give_way_ego_init_48_smpc_var_risk,48,S0_ADAPTIVE,assertive_constant_speed,0,0.9113598455219776,1.6909848494581579,-1.9952676621611012
CA,test,S0_ADAPTIVE/scenario_uk_give_way_ego_init_48_smpc_var_risk,48,S0_ADAPTIVE,assertive_constant_speed,0,1.556810132560551,3.367481055425449,-1.859198558636304
train_mean,test,S0_ADAPTIVE/scenario_uk_give_way_ego_init_48_smpc_var_risk,48,S0_ADAPTIVE,assertive_constant_speed,0,0.37724865282718895,0.43985128638190546,-2.2620749158075073
CV,test,S0_ADAPTIVE/scenario_uk_give_way_ego_init_48_smpc_var_risk,48,S0_ADAPTIVE,assertive_constant_speed,0,0.2954860237836559,0.4660359100968469,-2.2977954709112316
CA,test,S0_ADAPTIVE/scenario_uk_give_way_ego_init_48_smpc_var_risk,48,S0_ADAPTIVE,assertive_constant_speed,0,2.2493562032520513,6.14393984452106,-1.9929758408100202
train_mean,test,S0_ADAPTIVE/scenario_uk_give_way_ego_init_48_smpc_var_risk,48,S0_ADAPTIVE,assertive_constant_speed,0,0.2660261483363399,0.3428092659795895,-2.3255688078493684
CV,test,S0_ADAPTIVE/scenario_uk_give_way_ego_init_48_smpc_var_risk,48,S0_ADAPTIVE,assertive_constant_speed,0,0.33649648939298527,0.6552569599165372,-2.3576993955056946
CA,test,S0_ADAPTIVE/scenario_uk_give_way_ego_init_48_smpc_var_risk,48,S0_ADAPTIVE,assertive_constant_speed,0,2.4694591351271837,6.199245468551009,-1.6997381798578455
train_mean,test,S0_ADAPTIVE/scenario_uk_give_way_ego_init_48_smpc_var_risk,48,S0_ADAPTIVE,assertive_constant_speed,0,0.286698276247695,0.3553102440760856,-2.3211461864927037
CV,test,S0_ADAPTIVE/scenario_uk_give_way_ego_init_48_smpc_var_risk,48,S0_ADAPTIVE,assertive_constant_speed,0,0.37013711026455276,0.6398435732482739,-2.3075751834737126
CA,test,S0_ADAPTIVE/scenario_uk_give_way_ego_init_48_smpc_var_risk,48,S0_ADAPTIVE,assertive_constant_speed,0,0.21514059176756498,0.23726831739166993,-2.407356292463396
train_mean,test,S0_ADAPTIVE/scenario_uk_give_way_ego_init_48_smpc_var_risk,48,S0_ADAPTIVE,assertive_constant_speed,0,0.36609926157320066,0.4204196922108611,-2.28540604808967
CV,test,S0_ADAPTIVE/scenario_uk_give_way_ego_init_48_smpc_var_risk,48,S0_ADAPTIVE,assertive_constant_speed,0,0.11667268552526928,0.24446206834472684,-2.392600936624791
CA,test,S0_ADAPTIVE/scenario_uk_give_way_ego_init_48_smpc_var_risk,48,S0_ADAPTIVE,assertive_constant_speed,0,1.844501825964319,4.756619518644638,-2.0954503512278753
train_mean,test,S0_ADAPTIVE/scenario_uk_give_way_ego_init_48_smpc_var_risk,48,S0_ADAPTIVE,assertive_constant_speed,0,0.3849772188158641,0.43854131636013216,-2.268913910877383
CV,test,S0_ADAPTIVE/scenario_uk_give_way_ego_init_48_smpc_var_risk,48,S0_ADAPTIVE,assertive_constant_speed,0,0.3056694813951961,0.5540019357662331,-2.3527098015728773
CA,test,S0_ADAPTIVE/scenario_uk_give_way_ego_init_48_smpc_var_risk,48,S0_ADAPTIVE,assertive_constant_speed,0,0.8225651286577482,1.8965882212662015,-2.343618838293741
train_mean,test,S0_ADAPTIVE/scenario_uk_give_way_ego_init_48_smpc_var_risk,48,S0_ADAPTIVE,assertive_constant_speed,0,0.3343124875287099,0.3975158739801723,-2.2949028307248254
CV,test,S0_ADAPTIVE/scenario_uk_give_way_ego_init_48_smpc_var_risk,48,S0_ADAPTIVE,assertive_constant_speed,0,0.06335332422761014,0.08111183025182936,-2.3905112659529895
CA,test,S0_ADAPTIVE/scenario_uk_give_way_ego_init_48_smpc_var_risk,48,S0_ADAPTIVE,assertive_constant_speed,0,0.9040351653418313,2.431124487811242,-2.3966898310675493
train_mean,test,S0_ADAPTIVE/scenario_uk_give_way_ego_init_48_smpc_var_risk,48,S0_ADAPTIVE,assertive_constant_speed,0,0.30028342634083116,0.3679612529217217,-2.313901727191994
CV,test,S0_ADAPTIVE/scenario_uk_give_way_ego_init_48_smpc_var_risk,48,S0_ADAPTIVE,assertive_constant_speed,0,0.17842470459640392,0.3377137140517846,-2.3884692686117326
CA,test,S0_ADAPTIVE/scenario_uk_give_way_ego_init_48_smpc_var_risk,48,S0_ADAPTIVE,assertive_constant_speed,0,0.95696834106725,2.359905040740508,-2.3507511590319368
train_mean,test,S0_ADAPTIVE/scenario_uk_give_way_ego_init_48_smpc_var_risk,48,S0_ADAPTIVE,assertive_constant_speed,0,0.3196209085537035,0.3823507546949366,-2.307188157116303
CV,test,S0_ADAPTIVE/scenario_uk_give_way_ego_init_48_smpc_var_risk,48,S0_ADAPTIVE,assertive_constant_speed,0,0.12164335655567207,0.20218567848872576,-2.3890360049958863
CA,test,S0_ADAPTIVE/scenario_uk_give_way_ego_init_48_smpc_var_risk,48,S0_ADAPTIVE,assertive_constant_speed,0,0.20343337757513608,0.6120059827509795,-2.4701999570242164
train_mean,test,S0_ADAPTIVE/scenario_uk_give_way_ego_init_48_smpc_var_risk,48,S0_ADAPTIVE,assertive_constant_speed,0,0.35240025926281093,0.40966006087073936,-2.290548330607053
CV,test,S0_ADAPTIVE/scenario_uk_give_way_ego_init_48_smpc_var_risk,48,S0_ADAPTIVE,assertive_constant_speed,0,0.08369575709171681,0.16847976269261025,-2.3991330425460946
CA,test,S0_ADAPTIVE/scenario_uk_give_way_ego_init_48_smpc_var_risk,48,S0_ADAPTIVE,assertive_constant_speed,0,0.7985981169475127,2.02778256210057,-2.40071368427583
train_mean,test,S0_ADAPTIVE/scenario_uk_give_way_ego_init_48_smpc_var_risk,48,S0_ADAPTIVE,assertive_constant_speed,0,0.3525132237784762,0.4108533353324611,-2.2881623254647208
CV,test,S0_ADAPTIVE/scenario_uk_give_way_ego_init_48_smpc_var_risk,48,S0_ADAPTIVE,assertive_constant_speed,0,0.12475926808678686,0.2213762490969758,-2.3925873121511274
CA,test,S0_ADAPTIVE/scenario_uk_give_way_ego_init_48_smpc_var_risk,48,S0_ADAPTIVE,assertive_constant_speed,0,0.1898217369324365,0.39036994417018755,-2.465050476897732
train_mean,test,S0_ADAPTIVE/scenario_uk_give_way_ego_init_48_smpc_var_risk,48,S0_ADAPTIVE,assertive_constant_speed,0,0.3291093743268641,0.39175450756543867,-2.299893568446032
CV,test,S0_ADAPTIVE/scenario_uk_give_way_ego_init_48_smpc_var_risk,48,S0_ADAPTIVE,assertive_constant_speed,0,0.007278959606349336,0.011776862386726624,-2.40065449592693
CA,test,S0_ADAPTIVE/scenario_uk_give_way_ego_init_48_smpc_var_risk,48,S0_ADAPTIVE,assertive_constant_speed,0,0.46467162068154944,1.2231433298435117,-2.4547878857341194
train_mean,test,S0_ADAPTIVE/scenario_uk_give_way_ego_init_48_smpc_var_risk,48,S0_ADAPTIVE,assertive_constant_speed,0,0.31891402942944497,0.38263523031561697,-2.3060914574670703
CV,test,S0_ADAPTIVE/scenario_uk_give_way_ego_init_49_smpc_var_risk,49,S0_ADAPTIVE,assertive_constant_speed,0,1.9301005987941469,3.7067457100878998,-0.8899417934792492
CA,test,S0_ADAPTIVE/scenario_uk_give_way_ego_init_49_smpc_var_risk,49,S0_ADAPTIVE,assertive_constant_speed,0,2.26821118607008,4.584956050015809,-1.3655690428746323
train_mean,test,S0_ADAPTIVE/scenario_uk_give_way_ego_init_49_smpc_var_risk,49,S0_ADAPTIVE,assertive_constant_speed,0,0.22501557803372546,0.26706561842962895,-2.3124947282385504
CV,test,S0_ADAPTIVE/scenario_uk_give_way_ego_init_49_smpc_var_risk,49,S0_ADAPTIVE,assertive_constant_speed,0,1.8628783837270475,3.2494723990939596,0.07847734310207855
CA,test,S0_ADAPTIVE/scenario_uk_give_way_ego_init_49_smpc_var_risk,49,S0_ADAPTIVE,assertive_constant_speed,0,0.5311052373564857,0.5438434054016171,-1.1600483594784854
train_mean,test,S0_ADAPTIVE/scenario_uk_give_way_ego_init_49_smpc_var_risk,49,S0_ADAPTIVE,assertive_constant_speed,0,0.504943150059521,0.568421516225956,-2.208281970633726
CV,test,S0_ADAPTIVE/scenario_uk_give_way_ego_init_49_smpc_var_risk,49,S0_ADAPTIVE,assertive_constant_speed,0,0.5561419271638586,1.1913342227806187,-2.2796614915593465
CA,test,S0_ADAPTIVE/scenario_uk_give_way_ego_init_49_smpc_var_risk,49,S0_ADAPTIVE,assertive_constant_speed,0,3.6240015354532105,9.19133777403846,-0.9567913627561596
train_mean,test,S0_ADAPTIVE/scenario_uk_give_way_ego_init_49_smpc_var_risk,49,S0_ADAPTIVE,assertive_constant_speed,0,0.560197088413259,0.6042108710333735,-2.134964813682471
CV,test,S0_ADAPTIVE/scenario_uk_give_way_ego_init_49_smpc_var_risk,49,S0_ADAPTIVE,assertive_constant_speed,0,0.9114210695416881,1.6910945208598593,-1.9951995695890452
CA,test,S0_ADAPTIVE/scenario_uk_give_way_ego_init_49_smpc_var_risk,49,S0_ADAPTIVE,assertive_constant_speed,0,1.5570880613115077,3.368153628539229,-1.8580581012457629
train_mean,test,S0_ADAPTIVE/scenario_uk_give_way_ego_init_49_smpc_var_risk,49,S0_ADAPTIVE,assertive_constant_speed,0,0.37725034326924595,0.4398561279389548,-2.262147368398332
CV,test,S0_ADAPTIVE/scenario_uk_give_way_ego_init_49_smpc_var_risk,49,S0_ADAPTIVE,assertive_constant_speed,0,0.2954848974345422,0.466033083285659,-2.2977802206046123
CA,test,S0_ADAPTIVE/scenario_uk_give_way_ego_init_49_smpc_var_risk,49,S0_ADAPTIVE,assertive_constant_speed,0,2.2495740121686127,6.144505360574989,-1.9929066053383224
train_mean,test,S0_ADAPTIVE/scenario_uk_give_way_ego_init_49_smpc_var_risk,49,S0_ADAPTIVE,assertive_constant_speed,0,0.266028347341882,0.3428140648439644,-2.325568026648685
CV,test,S0_ADAPTIVE/scenario_uk_give_way_ego_init_49_smpc_var_risk,49,S0_ADAPTIVE,assertive_constant_speed,0,0.33649789146669773,0.6552583905443148,-2.357698901466094
CA,test,S0_ADAPTIVE/scenario_uk_give_way_ego_init_49_smpc_var_risk,49,S0_ADAPTIVE,assertive_constant_speed,0,2.4694534807450554,6.199227881601103,-1.699411364473852
train_mean,test,S0_ADAPTIVE/scenario_uk_give_way_ego_init_49_smpc_var_risk,49,S0_ADAPTIVE,assertive_constant_speed,0,0.2867031059471695,0.3553174480330194,-2.321137975240076
CV,test,S0_ADAPTIVE/scenario_uk_give_way_ego_init_49_smpc_var_risk,49,S0_ADAPTIVE,assertive_constant_speed,0,0.3701374435928647,0.6398435744583497,-2.3075768920347124
CA,test,S0_ADAPTIVE/scenario_uk_give_way_ego_init_49_smpc_var_risk,49,S0_ADAPTIVE,assertive_constant_speed,0,0.2151409544880678,0.23726846182846634,-2.4073351149460094
train_mean,test,S0_ADAPTIVE/scenario_uk_give_way_ego_init_49_smpc_var_risk,49,S0_ADAPTIVE,assertive_constant_speed,0,0.3661027293532265,0.4204253793290073,-2.2854156107792774
CV,test,S0_ADAPTIVE/scenario_uk_give_way_ego_init_49_smpc_var_risk,49,S0_ADAPTIVE,assertive_constant_speed,0,0.11666812591783418,0.24445491702853545,-2.392601674377364
CA,test,S0_ADAPTIVE/scenario_uk_give_way_ego_init_49_smpc_var_risk,49,S0_ADAPTIVE,assertive_constant_speed,0,1.8444820850592591,4.75657421932043,-2.095459058449845
train_mean,test,S0_ADAPTIVE/scenario_uk_give_way_ego_init_49_smpc_var_risk,49,S0_ADAPTIVE,assertive_constant_speed,0,0.3849812287461173,0.43854658091801946,-2.2689105861183965
CV,test,S0_ADAPTIVE/scenario_uk_give_way_ego_init_49_smpc_var_risk,49,S0_ADAPTIVE,assertive_constant_speed,0,0.3056628294240279,0.5539926364261359,-2.3527131213115644
CA,test,S0_ADAPTIVE/scenario_uk_give_way_ego_init_49_smpc_var_risk,49,S0_ADAPTIVE,assertive_constant_speed,0,0.8225548048950515,1.8965693830378907,-2.343633790176707
train_mean,test,S0_ADAPTIVE/scenario_uk_give_way_ego_init_49_smpc_var_risk,49,S0_ADAPTIVE,assertive_constant_speed,0,0.3343170326222259,0.39752132217629793,-2.2949041329465922
CV,test,S0_ADAPTIVE/scenario_uk_give_way_ego_init_49_smpc_var_risk,49,S0_ADAPTIVE,assertive_constant_speed,0,0.06335236087721796,0.0811115187647672,-2.390512451630831
CA,test,S0_ADAPTIVE/scenario_uk_give_way_ego_init_49_smpc_var_risk,49,S0_ADAPTIVE,assertive_constant_speed,0,0.9040212087714952,2.4310866385213714,-2.3966927654976886
train_mean,test,S0_ADAPTIVE/scenario_uk_give_way_ego_init_49_smpc_var_risk,49,S0_ADAPTIVE,assertive_constant_speed,0,0.3002864797976801,0.3679653523084024,-2.313902743528899
CV,test,S0_ADAPTIVE/scenario_uk_give_way_ego_init_49_smpc_var_risk,49,S0_ADAPTIVE,assertive_constant_speed,0,0.17842292304042112,0.3377101388702559,-2.388469400412238
CA,test,S0_ADAPTIVE/scenario_uk_give_way_ego_init_49_smpc_var_risk,49,S0_ADAPTIVE,assertive_constant_speed,0,0.9569628886704727,2.359891931352079,-2.350742759373543
train_mean,test,S0_ADAPTIVE/scenario_uk_give_way_ego_init_49_smpc_var_risk,49,S0_ADAPTIVE,assertive_constant_speed,0,0.3196222914055841,0.38235296480609987,-2.3071785275429333
CV,test,S0_ADAPTIVE/scenario_uk_give_way_ego_init_49_smpc_var_risk,49,S0_ADAPTIVE,assertive_constant_speed,0,0.12164491509962572,0.2021885439390877,-2.3890353283935637
CA,test,S0_ADAPTIVE/scenario_uk_give_way_ego_init_49_smpc_var_risk,49,S0_ADAPTIVE,assertive_constant_speed,0,0.20341824772013437,0.6119649798206043,-2.470193396991698
train_mean,test,S0_ADAPTIVE/scenario_uk_give_way_ego_init_49_smpc_var_risk,49,S0_ADAPTIVE,assertive_constant_speed,0,0.35240076888060246,0.40966102005113725,-2.2905462707606015
CV,test,S0_ADAPTIVE/scenario_uk_give_way_ego_init_49_smpc_var_risk,49,S0_ADAPTIVE,assertive_constant_speed,0,0.0836923254415341,0.16847451951100514,-2.399132725700079
CA,test,S0_ADAPTIVE/scenario_uk_give_way_ego_init_49_smpc_var_risk,49,S0_ADAPTIVE,assertive_constant_speed,0,0.7985907429044417,2.0277677790101847,-2.400721397936741
train_mean,test,S0_ADAPTIVE/scenario_uk_give_way_ego_init_49_smpc_var_risk,49,S0_ADAPTIVE,assertive_constant_speed,0,0.3525148421974675,0.4108548179210806,-2.288152897028861
CV,test,S0_ADAPTIVE/scenario_uk_give_way_ego_init_49_smpc_var_risk,49,S0_ADAPTIVE,assertive_constant_speed,0,0.12475961844925158,0.2213776782810773,-2.3925877878179205
CA,test,S0_ADAPTIVE/scenario_uk_give_way_ego_init_49_smpc_var_risk,49,S0_ADAPTIVE,assertive_constant_speed,0,0.18983309771085066,0.39039997698874906,-2.4650575629448204
train_mean,test,S0_ADAPTIVE/scenario_uk_give_way_ego_init_49_smpc_var_risk,49,S0_ADAPTIVE,assertive_constant_speed,0,0.32911008534619535,0.3917550340172772,-2.2998864883885153
CV,test,S0_ADAPTIVE/scenario_uk_give_way_ego_init_49_smpc_var_risk,49,S0_ADAPTIVE,assertive_constant_speed,0,0.00727846885070762,0.011774942056524707,-2.400654894046954
CA,test,S0_ADAPTIVE/scenario_uk_give_way_ego_init_49_smpc_var_risk,49,S0_ADAPTIVE,assertive_constant_speed,0,0.46467126917451534,1.2231414230589428,-2.4547875596757773
train_mean,test,S0_ADAPTIVE/scenario_uk_give_way_ego_init_49_smpc_var_risk,49,S0_ADAPTIVE,assertive_constant_speed,0,0.3189147080986183,0.38263515963800376,-2.3060996183611886
CV,test,S0_ADAPTIVE/scenario_uk_give_way_ego_init_50_smpc_var_risk,50,S0_ADAPTIVE,assertive_constant_speed,0,1.9300932023979496,3.70673902337886,-0.8899953476943512
CA,test,S0_ADAPTIVE/scenario_uk_give_way_ego_init_50_smpc_var_risk,50,S0_ADAPTIVE,assertive_constant_speed,0,2.268201944894347,4.584944572970038,-1.365849658078655
train_mean,test,S0_ADAPTIVE/scenario_uk_give_way_ego_init_50_smpc_var_risk,50,S0_ADAPTIVE,assertive_constant_speed,0,0.2250091842002103,0.2670557901900528,-2.3125405488820334
CV,test,S0_ADAPTIVE/scenario_uk_give_way_ego_init_50_smpc_var_risk,50,S0_ADAPTIVE,assertive_constant_speed,0,1.8628792814314246,3.249473338490055,0.07843719296764663
CA,test,S0_ADAPTIVE/scenario_uk_give_way_ego_init_50_smpc_var_risk,50,S0_ADAPTIVE,assertive_constant_speed,0,0.5311056302802882,0.5438328428130428,-1.160137931355301
train_mean,test,S0_ADAPTIVE/scenario_uk_give_way_ego_init_50_smpc_var_risk,50,S0_ADAPTIVE,assertive_constant_speed,0,0.504941383975847,0.5684175635979458,-2.2083483584812753
CV,test,S0_ADAPTIVE/scenario_uk_give_way_ego_init_50_smpc_var_risk,50,S0_ADAPTIVE,assertive_constant_speed,0,0.5561409250579036,1.1913332578519484,-2.2796865902078514
CA,test,S0_ADAPTIVE/scenario_uk_give_way_ego_init_50_smpc_var_risk,50,S0_ADAPTIVE,assertive_constant_speed,0,3.624001636548349,9.191336827475885,-0.9566513881952219
train_mean,test,S0_ADAPTIVE/scenario_uk_give_way_ego_init_50_smpc_var_risk,50,S0_ADAPTIVE,assertive_constant_speed,0,0.5601927732921477,0.6042041076531584,-2.1349906508633465
CV,test,S0_ADAPTIVE/scenario_uk_give_way_ego_init_50_smpc_var_risk,50,S0_ADAPTIVE,assertive_constant_speed,0,0.9112560908657518,1.6907979369075212,-1.9953731546425413
CA,test,S0_ADAPTIVE/scenario_uk_give_way_ego_init_50_smpc_var_risk,50,S0_ADAPTIVE,assertive_constant_speed,0,1.556364912715716,3.366407206501429,-1.8596082920867132
train_mean,test,S0_ADAPTIVE/scenario_uk_give_way_ego_init_50_smpc_var_risk,50,S0_ADAPTIVE,assertive_constant_speed,0,0.37725172495785353,0.4398550651258301,-2.262022401957178
CV,test,S0_ADAPTIVE/scenario_uk_give_way_ego_init_50_smpc_var_risk,50,S0_ADAPTIVE,assertive_constant_speed,0,0.29548572025788056,0.4660339672261602,-2.297804591796707
CA,test,S0_ADAPTIVE/scenario_uk_give_way_ego_init_50_smpc_var_risk,50,S0_ADAPTIVE,assertive_constant_speed,0,2.249007762707097,6.143035785280446,-1.9930725505868643
train_mean,test,S0_ADAPTIVE/scenario_uk_give_way_ego_init_50_smpc_var_risk,50,S0_ADAPTIVE,assertive_constant_speed,0,0.26602537894156575,0.3428092315520127,-2.3255693880502397
CV,test,S0_ADAPTIVE/scenario_uk_give_way_ego_init_50_smpc_var_risk,50,S0_ADAPTIVE,assertive_constant_speed,0,0.3364968615805389,0.6552574366252313,-2.3576995127552354
CA,test,S0_ADAPTIVE/scenario_uk_give_way_ego_init_50_smpc_var_risk,50,S0_ADAPTIVE,assertive_constant_speed,0,2.4694521051788554,6.199226815087319,-1.700034192153191
train_mean,test,S0_ADAPTIVE/scenario_uk_give_way_ego_init_50_smpc_var_risk,50,S0_ADAPTIVE,assertive_constant_speed,0,0.28669968913524707,0.3553127326157159,-2.3211301492465966
CV,test,S0_ADAPTIVE/scenario_uk_give_way_ego_init_50_smpc_var_risk,50,S0_ADAPTIVE,assertive_constant_speed,0,0.370135633285211,0.6398407133951234,-2.3075748450601212
CA,test,S0_ADAPTIVE/scenario_uk_give_way_ego_init_50_smpc_var_risk,50,S0_ADAPTIVE,assertive_constant_speed,0,0.21513175173444798,0.2372462874177636,-2.407372762151865
train_mean,test,S0_ADAPTIVE/scenario_uk_give_way_ego_init_50_smpc_var_risk,50,S0_ADAPTIVE,assertive_constant_speed,0,0.36610091721862636,0.42042250270179354,-2.2854136408451904
CV,test,S0_ADAPTIVE/scenario_uk_give_way_ego_init_50_smpc_var_risk,50,S0_ADAPTIVE,assertive_constant_speed,0,0.11667264869872625,0.2444634999973016,-2.3926007539864296
CA,test,S0_ADAPTIVE/scenario_uk_give_way_ego_init_50_smpc_var_risk,50,S0_ADAPTIVE,assertive_constant_speed,0,1.8444983447763648,4.756611411821517,-2.095445776005616
train_mean,test,S0_ADAPTIVE/scenario_uk_give_way_ego_init_50_smpc_var_risk,50,S0_ADAPTIVE,assertive_constant_speed,0,0.3849791518254087,0.4385437945640463,-2.2688969111538553
CV,test,S0_ADAPTIVE/scenario_uk_give_way_ego_init_50_smpc_var_risk,50,S0_ADAPTIVE,assertive_constant_speed,0,0.3056652131727291,0.5539954976812104,-2.352712254192395
CA,test,S0_ADAPTIVE/scenario_uk_give_way_ego_init_50_smpc_var_risk,50,S0_ADAPTIVE,assertive_constant_speed,0,0.8225461715977289,1.896543631239867,-2.3436397345088578
train_mean,test,S0_ADAPTIVE/scenario_uk_give_way_ego_init_50_smpc_var_risk,50,S0_ADAPTIVE,assertive_constant_speed,0,0.33431464936311367,0.39751846410562125,-2.294904568653999
CV,test,S0_ADAPTIVE/scenario_uk_give_way_ego_init_50_smpc_var_risk,50,S0_ADAPTIVE,assertive_constant_speed,0,0.06334980028918165,0.08110688308985484,-2.390514020747081
CA,test,S0_ADAPTIVE/scenario_uk_give_way_ego_init_50_smpc_var_risk,50,S0_ADAPTIVE,assertive_constant_speed,0,0.9040342340590437,2.4311198984231246,-2.3966897245395495
train_mean,test,S0_ADAPTIVE/scenario_uk_give_way_ego_init_50_smpc_var_risk,50,S0_ADAPTIVE,assertive_constant_speed,0,0.30028589468710004,0.3679642702909353,-2.3139025488551
CV,test,S0_ADAPTIVE/scenario_uk_give_way_ego_init_50_smpc_var_risk,50,S0_ADAPTIVE,assertive_constant_speed,0,0.17842015656515073,0.3377073958487843,-2.3884702298807197
CA,test,S0_ADAPTIVE/scenario_uk_give_way_ego_init_50_smpc_var_risk,50,S0_ADAPTIVE,assertive_constant_speed,0,0.9569491067430842,2.359860575108532,-2.3507519950968283
train_mean,test,S0_ADAPTIVE/scenario_uk_give_way_ego_init_50_smpc_var_risk,50,S0_ADAPTIVE,assertive_constant_speed,0,0.31961952446254505,0.3823502159134409,-2.30717926152068
CV,test,S0_ADAPTIVE/scenario_uk_give_way_ego_init_50_smpc_var_risk,50,S0_ADAPTIVE,assertive_constant_speed,0,0.12164400491966061,0.20218805489227903,-2.389036887105738
CA,test,S0_ADAPTIVE/scenario_uk_give_way_ego_init_50_smpc_var_risk,50,S0_ADAPTIVE,assertive_constant_speed,0,0.20341857254523923,0.611965441389231,-2.470203550610855
train_mean,test,S0_ADAPTIVE/scenario_uk_give_way_ego_init_50_smpc_var_risk,50,S0_ADAPTIVE,assertive_constant_speed,0,0.35239984193527973,0.40966045934901435,-2.2905587395733074
CV,test,S0_ADAPTIVE/scenario_uk_give_way_ego_init_50_smpc_var_risk,50,S0_ADAPTIVE,assertive_constant_speed,0,0.08369323799806103,0.16847594508413744,-2.3991331502073647
CA,test,S0_ADAPTIVE/scenario_uk_give_way_ego_init_50_smpc_var_risk,50,S0_ADAPTIVE,assertive_constant_speed,0,0.7985953692818129,2.0277787486355803,-2.400713481331347
train_mean,test,S0_ADAPTIVE/scenario_uk_give_way_ego_init_50_smpc_var_risk,50,S0_ADAPTIVE,assertive_constant_speed,0,0.3525149250253557,0.41085524543813307,-2.288158871178708
CV,test,S0_ADAPTIVE/scenario_uk_give_way_ego_init_50_smpc_var_risk,50,S0_ADAPTIVE,assertive_constant_speed,0,0.12475947795888793,0.22137720630124166,-2.3925869761281424
CA,test,S0_ADAPTIVE/scenario_uk_give_way_ego_init_50_smpc_var_risk,50,S0_ADAPTIVE,assertive_constant_speed,0,0.189829295483977,0.39038999341668046,-2.4650423820164087
train_mean,test,S0_ADAPTIVE/scenario_uk_give_way_ego_init_50_smpc_var_risk,50,S0_ADAPTIVE,assertive_constant_speed,0,0.3291102195474878,0.3917554749169619,-2.299889998174471
CV,test,S0_ADAPTIVE/scenario_uk_give_way_ego_init_50_smpc_var_risk,50,S0_ADAPTIVE,assertive_constant_speed,0,0.007278514786604448,0.011774046899832129,-2.4006544111639387
CA,test,S0_ADAPTIVE/scenario_uk_give_way_ego_init_50_smpc_var_risk,50,S0_ADAPTIVE,assertive_constant_speed,0,0.4646667863478629,1.2231309306451486,-2.454789307220355
train_mean,test,S0_ADAPTIVE/scenario_uk_give_way_ego_init_50_smpc_var_risk,50,S0_ADAPTIVE,assertive_constant_speed,0,0.31891495672979525,0.3826361426555329,-2.3060933814253777
CV,test,S0_FIXED/scenario_uk_give_way_ego_init_46_smpc_fixed_risk,46,S0_FIXED,assertive_constant_speed,0,1.9300973027041564,3.706742837223839,-0.8899867913964339
CA,test,S0_FIXED/scenario_uk_give_way_ego_init_46_smpc_fixed_risk,46,S0_FIXED,assertive_constant_speed,0,2.268193193358547,4.584915005808102,-1.3658710128043876
train_mean,test,S0_FIXED/scenario_uk_give_way_ego_init_46_smpc_fixed_risk,46,S0_FIXED,assertive_constant_speed,0,0.2250106931408195,0.2670576491233008,-2.312551256867432
CV,test,S0_FIXED/scenario_uk_give_way_ego_init_46_smpc_fixed_risk,46,S0_FIXED,assertive_constant_speed,0,1.8628810454709026,3.249477152426601,0.07844170062749103
CA,test,S0_FIXED/scenario_uk_give_way_ego_init_46_smpc_fixed_risk,46,S0_FIXED,assertive_constant_speed,0,0.5311064834925833,0.5438147214213674,-1.160130804881066
train_mean,test,S0_FIXED/scenario_uk_give_way_ego_init_46_smpc_fixed_risk,46,S0_FIXED,assertive_constant_speed,0,0.5049405205139108,0.5684165911656857,-2.208355504540968
CV,test,S0_FIXED/scenario_uk_give_way_ego_init_46_smpc_fixed_risk,46,S0_FIXED,assertive_constant_speed,0,0.5561413045272094,1.1913323039240833,-2.279686243992309
CA,test,S0_FIXED/scenario_uk_give_way_ego_init_46_smpc_fixed_risk,46,S0_FIXED,assertive_constant_speed,0,3.6240024045085084,9.191335887284547,-0.9565375270683614
train_mean,test,S0_FIXED/scenario_uk_give_way_ego_init_46_smpc_fixed_risk,46,S0_FIXED,assertive_constant_speed,0,0.5601920179703692,0.6042050921560147,-2.134984515134591
CV,test,S0_FIXED/scenario_uk_give_way_ego_init_46_smpc_fixed_risk,46,S0_FIXED,assertive_constant_speed,0,0.9114844876692303,1.6912099085182364,-1.9951471925960391
CA,test,S0_FIXED/scenario_uk_give_way_ego_init_46_smpc_fixed_risk,46,S0_FIXED,assertive_constant_speed,0,1.557382579173408,3.3688692010957713,-1.8603546524542156
train_mean,test,S0_FIXED/scenario_uk_give_way_ego_init_46_smpc_fixed_risk,46,S0_FIXED,assertive_constant_speed,0,0.37724887625943804,0.43985314081689547,-2.261997546182132
CV,test,S0_FIXED/scenario_uk_give_way_ego_init_46_smpc_fixed_risk,46,S0_FIXED,assertive_constant_speed,0,0.2954790478624507,0.466021577508392,-2.2978084361349573
CA,test,S0_FIXED/scenario_uk_give_way_ego_init_46_smpc_fixed_risk,46,S0_FIXED,assertive_constant_speed,0,2.249814591065003,6.145127170599465,-1.9927608003329333
train_mean,test,S0_FIXED/scenario_uk_give_way_ego_init_46_smpc_fixed_risk,46,S0_FIXED,assertive_constant_speed,0,0.26602891645672855,0.3428159523550711,-2.3255676142331834
CV,test,S0_FIXED/scenario_uk_give_way_ego_init_46_smpc_fixed_risk,46,S0_FIXED,assertive_constant_speed,0,0.33649756681933274,0.6552602976727034,-2.3576996975490165
CA,test,S0_FIXED/scenario_uk_give_way_ego_init_46_smpc_fixed_risk,46,S0_FIXED,assertive_constant_speed,0,2.4694384727712113,6.199191542166682,-1.6999554468383749
train_mean,test,S0_FIXED/scenario_uk_give_way_ego_init_46_smpc_fixed_risk,46,S0_FIXED,assertive_constant_speed,0,0.28670178353043385,0.35531748478632846,-2.3211307205800957
CV,test,S0_FIXED/scenario_uk_give_way_ego_init_46_smpc_fixed_risk,46,S0_FIXED,assertive_constant_speed,0,0.3701350135709275,0.6398411900915407,-2.3075752625400128
CA,test,S0_FIXED/scenario_uk_give_way_ego_init_46_smpc_fixed_risk,46,S0_FIXED,assertive_constant_speed,0,0.21513114698297714,0.23724682165249686,-2.4073571254798365
train_mean,test,S0_FIXED/scenario_uk_give_way_ego_init_46_smpc_fixed_risk,46,S0_FIXED,assertive_constant_speed,0,0.3661013413832352,0.4204248683567522,-2.2854165279278935
CV,test,S0_FIXED/scenario_uk_give_way_ego_init_46_smpc_fixed_risk,46,S0_FIXED,assertive_constant_speed,0,0.11666879594137994,0.2444553930322679,-2.3926007806399263
CA,test,S0_FIXED/scenario_uk_give_way_ego_init_46_smpc_fixed_risk,46,S0_FIXED,assertive_constant_speed,0,1.8444798435327976,4.756565158624229,-2.095453769939542
train_mean,test,S0_FIXED/scenario_uk_give_way_ego_init_46_smpc_fixed_risk,46,S0_FIXED,assertive_constant_speed,0,0.3849798152895858,0.43854616272778646,-2.2688991189419268
CV,test,S0_FIXED/scenario_uk_give_way_ego_init_46_smpc_fixed_risk,46,S0_FIXED,assertive_constant_speed,0,0.30566220941231725,0.553989299126064,-2.3527117972490847
CA,test,S0_FIXED/scenario_uk_give_way_ego_init_46_smpc_fixed_risk,46,S0_FIXED,assertive_constant_speed,0,0.8225468403701621,1.896546970726699,-2.343631197261046
train_mean,test,S0_FIXED/scenario_uk_give_way_ego_init_46_smpc_fixed_risk,46,S0_FIXED,assertive_constant_speed,0,0.334315551775924,0.3975208347002184,-2.2949059100391063
CV,test,S0_FIXED/scenario_uk_give_way_ego_init_46_smpc_fixed_risk,46,S0_FIXED,assertive_constant_speed,0,0.0633486511478543,0.08110634699510005,-2.3905137247564854
CA,test,S0_FIXED/scenario_uk_give_way_ego_init_46_smpc_fixed_risk,46,S0_FIXED,assertive_constant_speed,0,0.9040208512059127,2.4310822879003906,-2.396691556466778
train_mean,test,S0_FIXED/scenario_uk_give_way_ego_init_46_smpc_fixed_risk,46,S0_FIXED,assertive_constant_speed,0,0.30028913888031217,0.367968606864014,-2.313903416382041
CV,test,S0_FIXED/scenario_uk_give_way_ego_init_46_smpc_fixed_risk,46,S0_FIXED,assertive_constant_speed,0,0.17842279705797875,0.3377098991686813,-2.3884696662738447
CA,test,S0_FIXED/scenario_uk_give_way_ego_init_46_smpc_fixed_risk,46,S0_FIXED,assertive_constant_speed,0,0.9569554184500119,2.3598726144873523,-2.3507522893684127
train_mean,test,S0_FIXED/scenario_uk_give_way_ego_init_46_smpc_fixed_risk,46,S0_FIXED,assertive_constant_speed,0,0.3196232089699994,0.38235460927139925,-2.3071809416498046
CV,test,S0_FIXED/scenario_uk_give_way_ego_init_46_smpc_fixed_risk,46,S0_FIXED,assertive_constant_speed,0,0.12164602552945196,0.20218948492388228,-2.3890359417758256
CA,test,S0_FIXED/scenario_uk_give_way_ego_init_46_smpc_fixed_risk,46,S0_FIXED,assertive_constant_speed,0,0.2034176591403444,0.6119640119868001,-2.470201930584736
train_mean,test,S0_FIXED/scenario_uk_give_way_ego_init_46_smpc_fixed_risk,46,S0_FIXED,assertive_constant_speed,0,0.35240290709233574,0.40966377946016436,-2.290560186826965
CV,test,S0_FIXED/scenario_uk_give_way_ego_init_46_smpc_fixed_risk,46,S0_FIXED,assertive_constant_speed,0,0.0836907300793968,0.1684726065925353,-2.399133533362143
CA,test,S0_FIXED/scenario_uk_give_way_ego_init_46_smpc_fixed_risk,46,S0_FIXED,assertive_constant_speed,0,0.7985856719488081,2.0277563380694423,-2.400713849712228
train_mean,test,S0_FIXED/scenario_uk_give_way_ego_init_46_smpc_fixed_risk,46,S0_FIXED,assertive_constant_speed,0,0.35251622570578733,0.41085665819102574,-2.2881610767786436
CV,test,S0_FIXED/scenario_uk_give_way_ego_init_46_smpc_fixed_risk,46,S0_FIXED,assertive_constant_speed,0,0.12475698067076538,0.22137482266569442,-2.3925880576261656
CA,test,S0_FIXED/scenario_uk_give_way_ego_init_46_smpc_fixed_risk,46,S0_FIXED,assertive_constant_speed,0,0.18983047075338932,0.39039715034713884,-2.4650427735941647
train_mean,test,S0_FIXED/scenario_uk_give_way_ego_init_46_smpc_fixed_risk,46,S0_FIXED,assertive_constant_speed,0,0.3291127129894887,0.39175784173818834,-2.299890323889241
CV,test,S0_FIXED/scenario_uk_give_way_ego_init_46_smpc_fixed_risk,46,S0_FIXED,assertive_constant_speed,0,0.00727834016696551,0.011771197245822485,-2.400654298748351
CA,test,S0_FIXED/scenario_uk_give_way_ego_init_46_smpc_fixed_risk,46,S0_FIXED,assertive_constant_speed,0,0.46466160674791723,1.2231185324982574,-2.454790105483281
train_mean,test,S0_FIXED/scenario_uk_give_way_ego_init_46_smpc_fixed_risk,46,S0_FIXED,assertive_constant_speed,0,0.31891449248577375,0.3826351655709094,-2.306095679241645
CV,test,S0_FIXED/scenario_uk_give_way_ego_init_47_smpc_fixed_risk,47,S0_FIXED,assertive_constant_speed,0,1.9300952504902131,3.7067437873083255,-0.8900024040527608
CA,test,S0_FIXED/scenario_uk_give_way_ego_init_47_smpc_fixed_risk,47,S0_FIXED,assertive_constant_speed,0,2.268203987296097,4.584949322511948,-1.3659792796752206
train_mean,test,S0_FIXED/scenario_uk_give_way_ego_init_47_smpc_fixed_risk,47,S0_FIXED,assertive_constant_speed,0,0.2250043602511206,0.2670480039227088,-2.3125691862138957
CV,test,S0_FIXED/scenario_uk_give_way_ego_init_47_smpc_fixed_risk,47,S0_FIXED,assertive_constant_speed,0,1.8628832834669544,3.249483821302311,0.07843889499413817
CA,test,S0_FIXED/scenario_uk_give_way_ego_init_47_smpc_fixed_risk,47,S0_FIXED,assertive_constant_speed,0,0.5311064992830937,0.5437984767139422,-1.1601505303696105
train_mean,test,S0_FIXED/scenario_uk_give_way_ego_init_47_smpc_fixed_risk,47,S0_FIXED,assertive_constant_speed,0,0.5049359205820918,0.5684107921547055,-2.2083841852031965
CV,test,S0_FIXED/scenario_uk_give_way_ego_init_47_smpc_fixed_risk,47,S0_FIXED,assertive_constant_speed,0,0.5561421514790946,1.1913284838263924,-2.2796894470132654
CA,test,S0_FIXED/scenario_uk_give_way_ego_init_47_smpc_fixed_risk,47,S0_FIXED,assertive_constant_speed,0,3.6240023145282585,9.191332085002047,-0.9564164091502526
train_mean,test,S0_FIXED/scenario_uk_give_way_ego_init_47_smpc_fixed_risk,47,S0_FIXED,assertive_constant_speed,0,0.5601868611964704,0.6041993426290112,-2.134992282781383
CV,test,S0_FIXED/scenario_uk_give_way_ego_init_47_smpc_fixed_risk,47,S0_FIXED,assertive_constant_speed,0,0.9115448538757956,1.69131194793196,-1.9950829865466324
CA,test,S0_FIXED/scenario_uk_give_way_ego_init_47_smpc_fixed_risk,47,S0_FIXED,assertive_constant_speed,0,1.5576374373143633,3.3694763819363263,-1.861351390620029
train_mean,test,S0_FIXED/scenario_uk_give_way_ego_init_47_smpc_fixed_risk,47,S0_FIXED,assertive_constant_speed,0,0.3772388934655174,0.43984262115717127,-2.2619370016906384
CV,test,S0_FIXED/scenario_uk_give_way_ego_init_47_smpc_fixed_risk,47,S0_FIXED,assertive_constant_speed,0,0.29547331318051595,0.4660072472061904,-2.2978135597003715
CA,test,S0_FIXED/scenario_uk_give_way_ego_init_47_smpc_fixed_risk,47,S0_FIXED,assertive_constant_speed,0,2.250033207925179,6.145694611174082,-1.992650692444166
train_mean,test,S0_FIXED/scenario_uk_give_way_ego_init_47_smpc_fixed_risk,47,S0_FIXED,assertive_constant_speed,0,0.2660241446212545,0.3428111686398946,-2.325569916964084
CV,test,S0_FIXED/scenario_uk_give_way_ego_init_47_smpc_fixed_risk,47,S0_FIXED,assertive_constant_speed,0,0.33649760431377246,0.6552593438654774,-2.357699863086644
CA,test,S0_FIXED/scenario_uk_give_way_ego_init_47_smpc_fixed_risk,47,S0_FIXED,assertive_constant_speed,0,2.4693980696343973,6.199085643180978,-1.7002314539882293
train_mean,test,S0_FIXED/scenario_uk_give_way_ego_init_47_smpc_fixed_risk,47,S0_FIXED,assertive_constant_speed,0,0.2867028167811802,0.3553183867501781,-2.321138289866398
CV,test,S0_FIXED/scenario_uk_give_way_ego_init_47_smpc_fixed_risk,47,S0_FIXED,assertive_constant_speed,0,0.37012676418504464,0.639825455266341,-2.3075794829208354
CA,test,S0_FIXED/scenario_uk_give_way_ego_init_47_smpc_fixed_risk,47,S0_FIXED,assertive_constant_speed,0,0.21509350918349024,0.23715474583426022,-2.407383697685989
train_mean,test,S0_FIXED/scenario_uk_give_way_ego_init_47_smpc_fixed_risk,47,S0_FIXED,assertive_constant_speed,0,0.36610254432241257,0.4204263403048746,-2.285409228238957
CV,test,S0_FIXED/scenario_uk_give_way_ego_init_47_smpc_fixed_risk,47,S0_FIXED,assertive_constant_speed,0,0.11667064666101556,0.24445968556234562,-2.392600927913216
CA,test,S0_FIXED/scenario_uk_give_way_ego_init_47_smpc_fixed_risk,47,S0_FIXED,assertive_constant_speed,0,1.8444596253043772,4.756512228714146,-2.095465574033159
train_mean,test,S0_FIXED/scenario_uk_give_way_ego_init_47_smpc_fixed_risk,47,S0_FIXED,assertive_constant_speed,0,0.38498113956909086,0.43854755395301603,-2.2689057894771323
CV,test,S0_FIXED/scenario_uk_give_way_ego_init_47_smpc_fixed_risk,47,S0_FIXED,assertive_constant_speed,0,0.3056554855820864,0.5539783309139001,-2.3527153444120703
CA,test,S0_FIXED/scenario_uk_give_way_ego_init_47_smpc_fixed_risk,47,S0_FIXED,assertive_constant_speed,0,0.822510741476153,1.8964597041343485,-2.3436522212480466
train_mean,test,S0_FIXED/scenario_uk_give_way_ego_init_47_smpc_fixed_risk,47,S0_FIXED,assertive_constant_speed,0,0.33431703170330807,0.3975222724094236,-2.2949044314136393
CV,test,S0_FIXED/scenario_uk_give_way_ego_init_47_smpc_fixed_risk,47,S0_FIXED,assertive_constant_speed,0,0.06334701731583968,0.08110288426960445,-2.390513760132715
CA,test,S0_FIXED/scenario_uk_give_way_ego_init_47_smpc_fixed_risk,47,S0_FIXED,assertive_constant_speed,0,0.9040114484391889,2.431057134708936,-2.396692996039447
train_mean,test,S0_FIXED/scenario_uk_give_way_ego_init_47_smpc_fixed_risk,47,S0_FIXED,assertive_constant_speed,0,0.3002886696121019,0.367968234788952,-2.3139055737596292
CV,test,S0_FIXED/scenario_uk_give_way_ego_init_47_smpc_fixed_risk,47,S0_FIXED,assertive_constant_speed,0,0.1784202110411135,0.33770584606348775,-2.3884701211653243
CA,test,S0_FIXED/scenario_uk_give_way_ego_init_47_smpc_fixed_risk,47,S0_FIXED,assertive_constant_speed,0,0.956938144149006,2.3598304134666566,-2.350758587901125
train_mean,test,S0_FIXED/scenario_uk_give_way_ego_init_47_smpc_fixed_risk,47,S0_FIXED,assertive_constant_speed,0,0.3196227207755512,0.3823543743769474,-2.3071816791214426
CV,test,S0_FIXED/scenario_uk_give_way_ego_init_47_smpc_fixed_risk,47,S0_FIXED,assertive_constant_speed,0,0.12164239183628536,0.2021837661555286,-2.389035950579795
CA,test,S0_FIXED/scenario_uk_give_way_ego_init_47_smpc_fixed_risk,47,S0_FIXED,assertive_constant_speed,0,0.20342363671753186,0.6119792740830015,-2.4701974871127215
train_mean,test,S0_FIXED/scenario_uk_give_way_ego_init_47_smpc_fixed_risk,47,S0_FIXED,assertive_constant_speed,0,0.35240241592774024,0.4096637678894825,-2.2905613612120783
CV,test,S0_FIXED/scenario_uk_give_way_ego_init_47_smpc_fixed_risk,47,S0_FIXED,assertive_constant_speed,0,0.08368900836733575,0.16846879371927295,-2.3991333252772735
CA,test,S0_FIXED/scenario_uk_give_way_ego_init_47_smpc_fixed_risk,47,S0_FIXED,assertive_constant_speed,0,0.7985657032343807,2.02770483729174,-2.4007209110413763
train_mean,test,S0_FIXED/scenario_uk_give_way_ego_init_47_smpc_fixed_risk,47,S0_FIXED,assertive_constant_speed,0,0.35251575933684853,0.4108567412195779,-2.288148976445148
CV,test,S0_FIXED/scenario_uk_give_way_ego_init_47_smpc_fixed_risk,47,S0_FIXED,assertive_constant_speed,0,0.12475532266076136,0.2213714830605969,-2.392588624856331
CA,test,S0_FIXED/scenario_uk_give_way_ego_init_47_smpc_fixed_risk,47,S0_FIXED,assertive_constant_speed,0,0.18983248083769297,0.39040333874056654,-2.4650476432070874
train_mean,test,S0_FIXED/scenario_uk_give_way_ego_init_47_smpc_fixed_risk,47,S0_FIXED,assertive_constant_speed,0,0.32911333615002036,0.39175933311211414,-2.299883054396914
CV,test,S0_FIXED/scenario_uk_give_way_ego_init_47_smpc_fixed_risk,47,S0_FIXED,assertive_constant_speed,0,0.007278476736341565,0.011773083667765446,-2.4006545670779413
CA,test,S0_FIXED/scenario_uk_give_way_ego_init_47_smpc_fixed_risk,47,S0_FIXED,assertive_constant_speed,0,0.46465873351771103,1.2231109034975913,-2.454790114817643
train_mean,test,S0_FIXED/scenario_uk_give_way_ego_init_47_smpc_fixed_risk,47,S0_FIXED,assertive_constant_speed,0,0.3189152826605513,0.382637044007563,-2.3060996271155494
CV,test,S0_FIXED/scenario_uk_give_way_ego_init_48_smpc_fixed_risk,48,S0_FIXED,assertive_constant_speed,0,1.9300967306552579,3.7067428375513054,-0.8899862700940453
CA,test,S0_FIXED/scenario_uk_give_way_ego_init_48_smpc_fixed_risk,48,S0_FIXED,assertive_constant_speed,0,2.2681999640943773,4.584934077938265,-1.3658722984238285
train_mean,test,S0_FIXED/scenario_uk_give_way_ego_init_48_smpc_fixed_risk,48,S0_FIXED,assertive_constant_speed,0,0.22500841556597945,0.26705386881852844,-2.3125456321974562
CV,test,S0_FIXED/scenario_uk_give_way_ego_init_48_smpc_fixed_risk,48,S0_FIXED,assertive_constant_speed,0,1.8628780891679213,3.249474291656582,0.07842805639306533
CA,test,S0_FIXED/scenario_uk_give_way_ego_init_48_smpc_fixed_risk,48,S0_FIXED,assertive_constant_speed,0,0.531104428114222,0.5438366623165791,-1.160142516433909
train_mean,test,S0_FIXED/scenario_uk_give_way_ego_init_48_smpc_fixed_risk,48,S0_FIXED,assertive_constant_speed,0,0.5049375673480704,0.5684137406931895,-2.208353511657043
CV,test,S0_FIXED/scenario_uk_give_way_ego_init_48_smpc_fixed_risk,48,S0_FIXED,assertive_constant_speed,0,0.5561409626518621,1.191329442858944,-2.2796838719844623
CA,test,S0_FIXED/scenario_uk_give_way_ego_init_48_smpc_fixed_risk,48,S0_FIXED,assertive_constant_speed,0,3.6240014514256806,9.191333028198786,-0.9565271658503148
train_mean,test,S0_FIXED/scenario_uk_give_way_ego_init_48_smpc_fixed_risk,48,S0_FIXED,assertive_constant_speed,0,0.5601908746894597,0.6042041419343687,-2.134983564507361
CV,test,S0_FIXED/scenario_uk_give_way_ego_init_48_smpc_fixed_risk,48,S0_FIXED,assertive_constant_speed,0,0.9114721857322461,1.691185113546218,-1.9951558153199003
CA,test,S0_FIXED/scenario_uk_give_way_ego_init_48_smpc_fixed_risk,48,S0_FIXED,assertive_constant_speed,0,1.5573225518734997,3.36872044446453,-1.8603271008798288
train_mean,test,S0_FIXED/scenario_uk_give_way_ego_init_48_smpc_fixed_risk,48,S0_FIXED,assertive_constant_speed,0,0.37724544275052024,0.43984932698357704,-2.2620001854618814
CV,test,S0_FIXED/scenario_uk_give_way_ego_init_48_smpc_fixed_risk,48,S0_FIXED,assertive_constant_speed,0,0.29547990638525656,0.4660234845509331,-2.2978054865066975
CA,test,S0_FIXED/scenario_uk_give_way_ego_init_48_smpc_fixed_risk,48,S0_FIXED,assertive_constant_speed,0,2.2497623702027694,6.144991749984479,-1.992783717177599
train_mean,test,S0_FIXED/scenario_uk_give_way_ego_init_48_smpc_fixed_risk,48,S0_FIXED,assertive_constant_speed,0,0.26602700297218607,0.34281210654704447,-2.325568743181614
CV,test,S0_FIXED/scenario_uk_give_way_ego_init_48_smpc_fixed_risk,48,S0_FIXED,assertive_constant_speed,0,0.33649833945031127,0.6552598208035685,-2.3576993873363614
CA,test,S0_FIXED/scenario_uk_give_way_ego_init_48_smpc_fixed_risk,48,S0_FIXED,assertive_constant_speed,0,2.4694392830609244,6.199191064871681,-1.6999600311945329
train_mean,test,S0_FIXED/scenario_uk_give_way_ego_init_48_smpc_fixed_risk,48,S0_FIXED,assertive_constant_speed,0,0.2867015480412505,0.3553151131626992,-2.321129438824856
CV,test,S0_FIXED/scenario_uk_give_way_ego_init_48_smpc_fixed_risk,48,S0_FIXED,assertive_constant_speed,0,0.37013458455891735,0.6398392831884315,-2.3075751901659336
CA,test,S0_FIXED/scenario_uk_give_way_ego_init_48_smpc_fixed_risk,48,S0_FIXED,assertive_constant_speed,0,0.21512704809802283,0.23723538589379978,-2.4073563278612555
train_mean,test,S0_FIXED/scenario_uk_give_way_ego_init_48_smpc_fixed_risk,48,S0_FIXED,assertive_constant_speed,0,0.366100915548836,0.42042297280823027,-2.2854145527382785
CV,test,S0_FIXED/scenario_uk_give_way_ego_init_48_smpc_fixed_risk,48,S0_FIXED,assertive_constant_speed,0,0.11667035111627859,0.2444592083100856,-2.3926006193044564
CA,test,S0_FIXED/scenario_uk_give_way_ego_init_48_smpc_fixed_risk,48,S0_FIXED,assertive_constant_speed,0,1.844485184032294,4.756578509943919,-2.0954523435921395
train_mean,test,S0_FIXED/scenario_uk_give_way_ego_init_48_smpc_fixed_risk,48,S0_FIXED,assertive_constant_speed,0,0.3849791979225682,0.43854426401196805,-2.268897844159027
CV,test,S0_FIXED/scenario_uk_give_way_ego_init_48_smpc_fixed_risk,48,S0_FIXED,assertive_constant_speed,0,0.3056630198403941,0.5539912063905399,-2.3527119135789367
CA,test,S0_FIXED/scenario_uk_give_way_ego_init_48_smpc_fixed_risk,48,S0_FIXED,assertive_constant_speed,0,0.8225439787520983,1.8965393412362113,-2.3436355664642528
train_mean,test,S0_FIXED/scenario_uk_give_way_ego_init_48_smpc_fixed_risk,48,S0_FIXED,assertive_constant_speed,0,0.33431474300267666,0.3975189336292181,-2.294905445742372
CV,test,S0_FIXED/scenario_uk_give_way_ego_init_48_smpc_fixed_risk,48,S0_FIXED,assertive_constant_speed,0,0.06334754843465046,0.0811043807806293,-2.3905141718217284
CA,test,S0_FIXED/scenario_uk_give_way_ego_init_48_smpc_fixed_risk,48,S0_FIXED,assertive_constant_speed,0,0.9040291825399297,2.431103328395014,-2.396689720772032
train_mean,test,S0_FIXED/scenario_uk_give_way_ego_init_48_smpc_fixed_risk,48,S0_FIXED,assertive_constant_speed,0,0.30028814533862813,0.36796676573660303,-2.313902797008159
CV,test,S0_FIXED/scenario_uk_give_way_ego_init_48_smpc_fixed_risk,48,S0_FIXED,assertive_constant_speed,0,0.17841952482521667,0.337704296351012,-2.3884700648716484
CA,test,S0_FIXED/scenario_uk_give_way_ego_init_48_smpc_fixed_risk,48,S0_FIXED,assertive_constant_speed,0,0.9569374594874167,2.359828864683408,-2.350756726269126
train_mean,test,S0_FIXED/scenario_uk_give_way_ego_init_48_smpc_fixed_risk,48,S0_FIXED,assertive_constant_speed,0,0.31962203708096043,0.3823528305995412,-2.3071798041300178
CV,test,S0_FIXED/scenario_uk_give_way_ego_init_48_smpc_fixed_risk,48,S0_FIXED,assertive_constant_speed,0,0.12164151364705986,0.20218280981055484,-2.38903664378338
CA,test,S0_FIXED/scenario_uk_give_way_ego_init_48_smpc_fixed_risk,48,S0_FIXED,assertive_constant_speed,0,0.20342095149455366,0.6119706890248101,-2.4702013290701426
train_mean,test,S0_FIXED/scenario_uk_give_way_ego_init_48_smpc_fixed_risk,48,S0_FIXED,assertive_constant_speed,0,0.35240049575064586,0.409660928806,-2.2905593885314692
CV,test,S0_FIXED/scenario_uk_give_way_ego_init_48_smpc_fixed_risk,48,S0_FIXED,assertive_constant_speed,0,0.08369218187777969,0.1684730841027736,-2.399133314759746
CA,test,S0_FIXED/scenario_uk_give_way_ego_init_48_smpc_fixed_risk,48,S0_FIXED,assertive_constant_speed,0,0.7985762600518701,2.0277282039127673,-2.4007164098225107
train_mean,test,S0_FIXED/scenario_uk_give_way_ego_init_48_smpc_fixed_risk,48,S0_FIXED,assertive_constant_speed,0,0.35251357626358193,0.41085428543884833,-2.2881606640803414
CV,test,S0_FIXED/scenario_uk_give_way_ego_init_48_smpc_fixed_risk,48,S0_FIXED,assertive_constant_speed,0,0.12475672435547347,0.22137243824870245,-2.392587566191259
CA,test,S0_FIXED/scenario_uk_give_way_ego_init_48_smpc_fixed_risk,48,S0_FIXED,assertive_constant_speed,0,0.18982654298331864,0.3903852289460934,-2.4650418723173297
train_mean,test,S0_FIXED/scenario_uk_give_way_ego_init_48_smpc_fixed_risk,48,S0_FIXED,assertive_constant_speed,0,0.3291108732253791,0.39175641990834525,-2.29989055021668
CV,test,S0_FIXED/scenario_uk_give_way_ego_init_48_smpc_fixed_risk,48,S0_FIXED,assertive_constant_speed,0,0.00727856879839048,0.01177214823348347,-2.4006542244153777
CA,test,S0_FIXED/scenario_uk_give_way_ego_init_48_smpc_fixed_risk,48,S0_FIXED,assertive_constant_speed,0,0.46465442427094794,1.223100412772014,-2.454790777968839
train_mean,test,S0_FIXED/scenario_uk_give_way_ego_init_48_smpc_fixed_risk,48,S0_FIXED,assertive_constant_speed,0,0.31891465602831365,0.38263612886987597,-2.306094577470907
CV,test,S0_FIXED/scenario_uk_give_way_ego_init_49_smpc_fixed_risk,49,S0_FIXED,assertive_constant_speed,0,1.9300997921550191,3.7067428581580253,-0.8899254664869524
CA,test,S0_FIXED/scenario_uk_give_way_ego_init_49_smpc_fixed_risk,49,S0_FIXED,assertive_constant_speed,0,2.268206716394522,4.584943685199635,-1.3653729577701783
train_mean,test,S0_FIXED/scenario_uk_give_way_ego_init_49_smpc_fixed_risk,49,S0_FIXED,assertive_constant_speed,0,0.2250175915096929,0.2670659512978541,-2.3124483584173654
CV,test,S0_FIXED/scenario_uk_give_way_ego_init_49_smpc_fixed_risk,49,S0_FIXED,assertive_constant_speed,0,1.8628822041551263,3.249473364149775,0.07852886164709161
CA,test,S0_FIXED/scenario_uk_give_way_ego_init_49_smpc_fixed_risk,49,S0_FIXED,assertive_constant_speed,0,0.5311085970855858,0.543837735741461,-1.159965113757041
train_mean,test,S0_FIXED/scenario_uk_give_way_ego_init_49_smpc_fixed_risk,49,S0_FIXED,assertive_constant_speed,0,0.5049480628980165,0.568424528264586,-2.2082241401171774
CV,test,S0_FIXED/scenario_uk_give_way_ego_init_49_smpc_fixed_risk,49,S0_FIXED,assertive_constant_speed,0,0.5561413537930575,1.191335185112312,-2.2796481284177874
CA,test,S0_FIXED/scenario_uk_give_way_ego_init_49_smpc_fixed_risk,49,S0_FIXED,assertive_constant_speed,0,3.6239995264421765,9.191338715446815,-0.9569468012120531
train_mean,test,S0_FIXED/scenario_uk_give_way_ego_init_49_smpc_fixed_risk,49,S0_FIXED,assertive_constant_speed,0,0.5602001549393512,0.6042118793714126,-2.1349493296216733
CV,test,S0_FIXED/scenario_uk_give_way_ego_init_49_smpc_fixed_risk,49,S0_FIXED,assertive_constant_speed,0,0.9113403876276125,1.6909514697765744,-1.9952832130618
CA,test,S0_FIXED/scenario_uk_give_way_ego_init_49_smpc_fixed_risk,49,S0_FIXED,assertive_constant_speed,0,1.5567247793831116,3.3672765948313295,-1.856950038240944
train_mean,test,S0_FIXED/scenario_uk_give_way_ego_init_49_smpc_fixed_risk,49,S0_FIXED,assertive_constant_speed,0,0.3772512767460937,0.4398543399424242,-2.262222705867533
CV,test,S0_FIXED/scenario_uk_give_way_ego_init_49_smpc_fixed_risk,49,S0_FIXED,assertive_constant_speed,0,0.29548710492093894,0.466035020390645,-2.2977702348850313
CA,test,S0_FIXED/scenario_uk_give_way_ego_init_49_smpc_fixed_risk,49,S0_FIXED,assertive_constant_speed,0,2.2492966792615086,6.143788189299323,-1.9930522382685645
train_mean,test,S0_FIXED/scenario_uk_give_way_ego_init_49_smpc_fixed_risk,49,S0_FIXED,assertive_constant_speed,0,0.26602510157805914,0.3428102306204389,-2.3255691439830546
CV,test,S0_FIXED/scenario_uk_give_way_ego_init_49_smpc_fixed_risk,49,S0_FIXED,assertive_constant_speed,0,0.33649464843121935,0.6552545756258756,-2.3577001553801646
CA,test,S0_FIXED/scenario_uk_give_way_ego_init_49_smpc_fixed_risk,49,S0_FIXED,assertive_constant_speed,0,2.4694462107233015,6.199214597705963,-1.699033626016621
train_mean,test,S0_FIXED/scenario_uk_give_way_ego_init_49_smpc_fixed_risk,49,S0_FIXED,assertive_constant_speed,0,0.28669948319183264,0.35531363438508534,-2.321137128900653
CV,test,S0_FIXED/scenario_uk_give_way_ego_init_49_smpc_fixed_risk,49,S0_FIXED,assertive_constant_speed,0,0.37013553885038897,0.6398416705277505,-2.3075745152133313
CA,test,S0_FIXED/scenario_uk_give_way_ego_init_49_smpc_fixed_risk,49,S0_FIXED,assertive_constant_speed,0,0.21513908570421741,0.23726668029204734,-2.407291164370518
train_mean,test,S0_FIXED/scenario_uk_give_way_ego_init_49_smpc_fixed_risk,49,S0_FIXED,assertive_constant_speed,0,0.3661008411491492,0.4204235319069329,-2.2854005924647094
CV,test,S0_FIXED/scenario_uk_give_way_ego_init_49_smpc_fixed_risk,49,S0_FIXED,assertive_constant_speed,0,0.1166689592045076,0.24445539524169457,-2.392600445791126
CA,test,S0_FIXED/scenario_uk_give_way_ego_init_49_smpc_fixed_risk,49,S0_FIXED,assertive_constant_speed,0,1.8444795102183313,4.756565160017472,-2.0954642911430374
train_mean,test,S0_FIXED/scenario_uk_give_way_ego_init_49_smpc_fixed_risk,49,S0_FIXED,assertive_constant_speed,0,0.38497908760613264,0.4385442098268011,-2.2689080052987394
CV,test,S0_FIXED/scenario_uk_give_way_ego_init_49_smpc_fixed_risk,49,S0_FIXED,assertive_constant_speed,0,0.3056651893282981,0.553994781737806,-2.352711934755805
CA,test,S0_FIXED/scenario_uk_give_way_ego_init_49_smpc_fixed_risk,49,S0_FIXED,assertive_constant_speed,0,0.8225608365735118,1.8965810674866108,-2.3436403094553437
train_mean,test,S0_FIXED/scenario_uk_give_way_ego_init_49_smpc_fixed_risk,49,S0_FIXED,assertive_constant_speed,0,0.33431466675685045,0.39751915170676394,-2.294907288054962
CV,test,S0_FIXED/scenario_uk_give_way_ego_init_49_smpc_fixed_risk,49,S0_FIXED,assertive_constant_speed,0,0.06335283302119979,0.08111169873180353,-2.390512084619611
CA,test,S0_FIXED/scenario_uk_give_way_ego_init_49_smpc_fixed_risk,49,S0_FIXED,assertive_constant_speed,0,0.9040207387127726,2.431086459622933,-2.3966922785115186
train_mean,test,S0_FIXED/scenario_uk_give_way_ego_init_49_smpc_fixed_risk,49,S0_FIXED,assertive_constant_speed,0,0.30028600458824883,0.3679651576094763,-2.3139048026565208
CV,test,S0_FIXED/scenario_uk_give_way_ego_init_49_smpc_fixed_risk,49,S0_FIXED,assertive_constant_speed,0,0.1784224641835304,0.3377102580969384,-2.3884696217278982
CA,test,S0_FIXED/scenario_uk_give_way_ego_init_49_smpc_fixed_risk,49,S0_FIXED,assertive_constant_speed,0,0.9569624303638664,2.3598920523379783,-2.3507426883415787
train_mean,test,S0_FIXED/scenario_uk_give_way_ego_init_49_smpc_fixed_risk,49,S0_FIXED,assertive_constant_speed,0,0.3196218428675316,0.3823531214715801,-2.307172965701271
CV,test,S0_FIXED/scenario_uk_give_way_ego_init_49_smpc_fixed_risk,49,S0_FIXED,assertive_constant_speed,0,0.12164552900985086,0.2021897333738925,-2.3890352633586205
CA,test,S0_FIXED/scenario_uk_give_way_ego_init_49_smpc_fixed_risk,49,S0_FIXED,assertive_constant_speed,0,0.2034176337879947,0.6119637833060395,-2.4701935457646247
train_mean,test,S0_FIXED/scenario_uk_give_way_ego_init_49_smpc_fixed_risk,49,S0_FIXED,assertive_constant_speed,0,0.35240138459897535,0.4096622115292681,-2.2905443850427027
CV,test,S0_FIXED/scenario_uk_give_way_ego_init_49_smpc_fixed_risk,49,S0_FIXED,assertive_constant_speed,0,0.08369137731155249,0.16847308731045144,-2.3991329075480876
CA,test,S0_FIXED/scenario_uk_give_way_ego_init_49_smpc_fixed_risk,49,S0_FIXED,assertive_constant_speed,0,0.7985899864165349,2.0277663503337022,-2.4007202085043784
train_mean,test,S0_FIXED/scenario_uk_give_way_ego_init_49_smpc_fixed_risk,49,S0_FIXED,assertive_constant_speed,0,0.35251560565946594,0.41085626865525,-2.288148783138113
CV,test,S0_FIXED/scenario_uk_give_way_ego_init_49_smpc_fixed_risk,49,S0_FIXED,assertive_constant_speed,0,0.12475766982375629,0.22137529538369566,-2.3925884782450457
CA,test,S0_FIXED/scenario_uk_give_way_ego_init_49_smpc_fixed_risk,49,S0_FIXED,assertive_constant_speed,0,0.18983115163935863,0.3903976026432993,-2.465055759688677
train_mean,test,S0_FIXED/scenario_uk_give_way_ego_init_49_smpc_fixed_risk,49,S0_FIXED,assertive_constant_speed,0,0.32911204575715114,0.39175746052181065,-2.299879926966199
CV,test,S0_FIXED/scenario_uk_give_way_ego_init_49_smpc_fixed_risk,49,S0_FIXED,assertive_constant_speed,0,0.007278522650681758,0.011774004140005059,-2.4006547635685815
CA,test,S0_FIXED/scenario_uk_give_way_ego_init_49_smpc_fixed_risk,49,S0_FIXED,assertive_constant_speed,0,0.4646666853827453,1.2231309321871273,-2.454788611157617
train_mean,test,S0_FIXED/scenario_uk_give_way_ego_init_49_smpc_fixed_risk,49,S0_FIXED,assertive_constant_speed,0,0.3189148442345365,0.38263610763829065,-2.3060994371993706
CV,test,S0_FIXED/scenario_uk_give_way_ego_init_50_smpc_fixed_risk,50,S0_FIXED,assertive_constant_speed,0,1.9300926316189222,3.7067313968350875,-0.8899768834751157
CA,test,S0_FIXED/scenario_uk_give_way_ego_init_50_smpc_fixed_risk,50,S0_FIXED,assertive_constant_speed,0,2.2681958669856788,4.5849226410509205,-1.3658015817193982
train_mean,test,S0_FIXED/scenario_uk_give_way_ego_init_50_smpc_fixed_risk,50,S0_FIXED,assertive_constant_speed,0,0.22501397840111678,0.26706349492647513,-2.3125286440396557
CV,test,S0_FIXED/scenario_uk_give_way_ego_init_50_smpc_fixed_risk,50,S0_FIXED,assertive_constant_speed,0,1.8628728463630715,3.249462851778218,0.07843835035997623
CA,test,S0_FIXED/scenario_uk_give_way_ego_init_50_smpc_fixed_risk,50,S0_FIXED,assertive_constant_speed,0,0.5311038697688644,0.543829048216046,-1.1601135661880737
train_mean,test,S0_FIXED/scenario_uk_give_way_ego_init_50_smpc_fixed_risk,50,S0_FIXED,assertive_constant_speed,0,0.5049417784783663,0.568419506397185,-2.2083298653426935
CV,test,S0_FIXED/scenario_uk_give_way_ego_init_50_smpc_fixed_risk,50,S0_FIXED,assertive_constant_speed,0,0.556148504640051,1.1913456586652205,-2.2796748959159965
CA,test,S0_FIXED/scenario_uk_give_way_ego_init_50_smpc_fixed_risk,50,S0_FIXED,assertive_constant_speed,0,3.624009363571969,9.19134923333148,-0.9565954159735017
train_mean,test,S0_FIXED/scenario_uk_give_way_ego_init_50_smpc_fixed_risk,50,S0_FIXED,assertive_constant_speed,0,0.5601934537821218,0.6042070188400772,-2.1349775026270796
CV,test,S0_FIXED/scenario_uk_give_way_ego_init_50_smpc_fixed_risk,50,S0_FIXED,assertive_constant_speed,0,0.9115312171690839,1.6912928778772671,-1.9950923923013861
CA,test,S0_FIXED/scenario_uk_give_way_ego_init_50_smpc_fixed_risk,50,S0_FIXED,assertive_constant_speed,0,1.5575541853426933,3.3692765400991953,-1.8597244156166632
train_mean,test,S0_FIXED/scenario_uk_give_way_ego_init_50_smpc_fixed_risk,50,S0_FIXED,assertive_constant_speed,0,0.37724618696201956,0.4398503072546065,-2.2620432479411186
CV,test,S0_FIXED/scenario_uk_give_way_ego_init_50_smpc_fixed_risk,50,S0_FIXED,assertive_constant_speed,0,0.2954811598476618,0.4660263736939804,-2.2977949793010533
CA,test,S0_FIXED/scenario_uk_give_way_ego_init_50_smpc_fixed_risk,50,S0_FIXED,assertive_constant_speed,0,2.24996304607426,6.145513397748915,-1.992722081352306
train_mean,test,S0_FIXED/scenario_uk_give_way_ego_init_50_smpc_fixed_risk,50,S0_FIXED,assertive_constant_speed,0,0.26602786133023876,0.3428130603677567,-2.3255686440649965
CV,test,S0_FIXED/scenario_uk_give_way_ego_init_50_smpc_fixed_risk,50,S0_FIXED,assertive_constant_speed,0,0.3364972719566701,0.655256960026444,-2.3576991120317348
CA,test,S0_FIXED/scenario_uk_give_way_ego_init_50_smpc_fixed_risk,50,S0_FIXED,assertive_constant_speed,0,2.4694381514494164,6.199188240416569,-1.6997942199186042
train_mean,test,S0_FIXED/scenario_uk_give_way_ego_init_50_smpc_fixed_risk,50,S0_FIXED,assertive_constant_speed,0,0.28670246305070357,0.35531593045709203,-2.3211497199798723
CV,test,S0_FIXED/scenario_uk_give_way_ego_init_50_smpc_fixed_risk,50,S0_FIXED,assertive_constant_speed,0,0.37013348624849984,0.6398359430592285,-2.3075775966565137
CA,test,S0_FIXED/scenario_uk_give_way_ego_init_50_smpc_fixed_risk,50,S0_FIXED,assertive_constant_speed,0,0.2151259556705233,0.237232084476461,-2.407356178384368
train_mean,test,S0_FIXED/scenario_uk_give_way_ego_init_50_smpc_fixed_risk,50,S0_FIXED,assertive_constant_speed,0,0.3661019237721887,0.42042347652204853,-2.2854100114266354
CV,test,S0_FIXED/scenario_uk_give_way_ego_init_50_smpc_fixed_risk,50,S0_FIXED,assertive_constant_speed,0,0.11666874586993747,0.24445682170382868,-2.3926014384617993
CA,test,S0_FIXED/scenario_uk_give_way_ego_init_50_smpc_fixed_risk,50,S0_FIXED,assertive_constant_speed,0,1.8444720714042542,4.7565475165759485,-2.0954560474157753
train_mean,test,S0_FIXED/scenario_uk_give_way_ego_init_50_smpc_fixed_risk,50,S0_FIXED,assertive_constant_speed,0,0.3849802406247969,0.4385447196533034,-2.2689014844187585
CV,test,S0_FIXED/scenario_uk_give_way_ego_init_50_smpc_fixed_risk,50,S0_FIXED,assertive_constant_speed,0,0.30565877643441014,0.553985008327844,-2.352714194713354
CA,test,S0_FIXED/scenario_uk_give_way_ego_init_50_smpc_fixed_risk,50,S0_FIXED,assertive_constant_speed,0,0.8225323930320021,1.896514071487179,-2.3436340233924016
train_mean,test,S0_FIXED/scenario_uk_give_way_ego_init_50_smpc_fixed_risk,50,S0_FIXED,assertive_constant_speed,0,0.33431584470198156,0.3975194313635872,-2.2949030578837326
CV,test,S0_FIXED/scenario_uk_give_way_ego_init_50_smpc_fixed_risk,50,S0_FIXED,assertive_constant_speed,0,0.0633516504630467,0.08111153817708744,-2.3905134844478466
CA,test,S0_FIXED/scenario_uk_give_way_ego_init_50_smpc_fixed_risk,50,S0_FIXED,assertive_constant_speed,0,0.9040032795587166,2.4310389553996057,-2.3966948195838587
train_mean,test,S0_FIXED/scenario_uk_give_way_ego_init_50_smpc_fixed_risk,50,S0_FIXED,assertive_constant_speed,0,0.3002871989340925,0.3679653616390627,-2.3139000755963264
CV,test,S0_FIXED/scenario_uk_give_way_ego_init_50_smpc_fixed_risk,50,S0_FIXED,assertive_constant_speed,0,0.1784173788944809,0.3377009579520245,-2.388470557427147
CA,test,S0_FIXED/scenario_uk_give_way_ego_init_50_smpc_fixed_risk,50,S0_FIXED,assertive_constant_speed,0,0.9569426569594244,2.359844600412793,-2.3507601949612
train_mean,test,S0_FIXED/scenario_uk_give_way_ego_init_50_smpc_fixed_risk,50,S0_FIXED,assertive_constant_speed,0,0.3196209247487294,0.38235134307368535,-2.3071888332605996
CV,test,S0_FIXED/scenario_uk_give_way_ego_init_50_smpc_fixed_risk,50,S0_FIXED,assertive_constant_speed,0,0.12164029679705643,0.20218161761770007,-2.3890375620713553
CA,test,S0_FIXED/scenario_uk_give_way_ego_init_50_smpc_fixed_risk,50,S0_FIXED,assertive_constant_speed,0,0.2034181872660544,0.6119623430972246,-2.470204669594032
train_mean,test,S0_FIXED/scenario_uk_give_way_ego_init_50_smpc_fixed_risk,50,S0_FIXED,assertive_constant_speed,0,0.3523992882666846,0.4096597721499009,-2.2905550874476868
CV,test,S0_FIXED/scenario_uk_give_way_ego_init_50_smpc_fixed_risk,50,S0_FIXED,assertive_constant_speed,0,0.08369249044930556,0.16847356083253523,-2.399133478346035
CA,test,S0_FIXED/scenario_uk_give_way_ego_init_50_smpc_fixed_risk,50,S0_FIXED,assertive_constant_speed,0,0.7985765704056074,2.027728681086197,-2.4007149408520934
train_mean,test,S0_FIXED/scenario_uk_give_way_ego_init_50_smpc_fixed_risk,50,S0_FIXED,assertive_constant_speed,0,0.35251326128769,0.4108537932425585,-2.28816391333207
CV,test,S0_FIXED/scenario_uk_give_way_ego_init_50_smpc_fixed_risk,50,S0_FIXED,assertive_constant_speed,0,0.1247570343320887,0.22137243733244885,-2.3925874910417884
CA,test,S0_FIXED/scenario_uk_give_way_ego_init_50_smpc_fixed_risk,50,S0_FIXED,assertive_constant_speed,0,0.1898268528232936,0.3903852232567274,-2.4650416724001802
train_mean,test,S0_FIXED/scenario_uk_give_way_ego_init_50_smpc_fixed_risk,50,S0_FIXED,assertive_constant_speed,0,0.3291105547560616,0.3917563914148209,-2.2998950511746505
CV,test,S0_FIXED/scenario_uk_give_way_ego_init_50_smpc_fixed_risk,50,S0_FIXED,assertive_constant_speed,0,0.007278869572613399,0.011774029522409473,-2.4006542407371345
CA,test,S0_FIXED/scenario_uk_give_way_ego_init_50_smpc_fixed_risk,50,S0_FIXED,assertive_constant_speed,0,0.4646588352555173,1.2231118576779534,-2.4547900455288025
train_mean,test,S0_FIXED/scenario_uk_give_way_ego_init_50_smpc_fixed_risk,50,S0_FIXED,assertive_constant_speed,0,0.3189143581573175,0.3826361854854668,-2.306090078714907
CV,test,S1_ADAPTIVE/scenario_uk_give_way_ego_init_46_smpc_var_risk,46,S1_ADAPTIVE,defensive_reactive,1,0.7579565692873869,0.7280614271581072,-1.7115597930882096
CA,test,S1_ADAPTIVE/scenario_uk_give_way_ego_init_46_smpc_var_risk,46,S1_ADAPTIVE,defensive_reactive,1,2.5287302183463645,8.72806442830154,-1.8993778840406563
train_mean,test,S1_ADAPTIVE/scenario_uk_give_way_ego_init_46_smpc_var_risk,46,S1_ADAPTIVE,defensive_reactive,1,3.333601483261252,4.491033585014103,3.7070269425700006
CV,test,S1_ADAPTIVE/scenario_uk_give_way_ego_init_46_smpc_var_risk,46,S1_ADAPTIVE,defensive_reactive,1,1.016626544909925,3.1621343322595585,-1.900398959663465
CA,test,S1_ADAPTIVE/scenario_uk_give_way_ego_init_46_smpc_var_risk,46,S1_ADAPTIVE,defensive_reactive,1,3.745554629623231,11.162136130413987,-1.2424430549534369
train_mean,test,S1_ADAPTIVE/scenario_uk_give_way_ego_init_46_smpc_var_risk,46,S1_ADAPTIVE,defensive_reactive,1,3.1043095806123153,3.8973788964217526,3.048686856688388
CV,test,S1_ADAPTIVE/scenario_uk_give_way_ego_init_46_smpc_var_risk,46,S1_ADAPTIVE,defensive_reactive,1,2.18421354238175,5.816554815407161,-0.9948549012942142
CA,test,S1_ADAPTIVE/scenario_uk_give_way_ego_init_46_smpc_var_risk,46,S1_ADAPTIVE,defensive_reactive,1,5.249735486192621,13.816553908194578,0.2205645670447885
train_mean,test,S1_ADAPTIVE/scenario_uk_give_way_ego_init_46_smpc_var_risk,46,S1_ADAPTIVE,defensive_reactive,1,2.611093319774746,3.0879539276869394,1.7199217990767832
CV,test,S1_ADAPTIVE/scenario_uk_give_way_ego_init_46_smpc_var_risk,46,S1_ADAPTIVE,defensive_reactive,1,3.160011727939092,7.306698645668738,0.7038060510384417
CA,test,S1_ADAPTIVE/scenario_uk_give_way_ego_init_46_smpc_var_risk,46,S1_ADAPTIVE,defensive_reactive,1,4.089692568668953,9.721454019403899,-0.447405272316432
train_mean,test,S1_ADAPTIVE/scenario_uk_give_way_ego_init_46_smpc_var_risk,46,S1_ADAPTIVE,defensive_reactive,1,1.886442191868221,2.0807674704143864,-0.01827299052341791
CV,test,S1_ADAPTIVE/scenario_uk_give_way_ego_init_46_smpc_var_risk,46,S1_ADAPTIVE,defensive_reactive,0,3.1212141390755073,6.798790249362982,0.8301021939345965
CA,test,S1_ADAPTIVE/scenario_uk_give_way_ego_init_46_smpc_var_risk,46,S1_ADAPTIVE,defensive_reactive,0,0.4085740095260341,0.5147246845464541,-2.3910233347730103
train_mean,test,S1_ADAPTIVE/scenario_uk_give_way_ego_init_46_smpc_var_risk,46,S1_ADAPTIVE,defensive_reactive,0,1.1207589592657574,1.1259894792218823,-1.3818730936724957
CV,test,S1_ADAPTIVE/scenario_uk_give_way_ego_init_46_smpc_var_risk,46,S1_ADAPTIVE,defensive_reactive,0,3.0078108544584117,6.12354332718231,0.9038099244489466
CA,test,S1_ADAPTIVE/scenario_uk_give_way_ego_init_46_smpc_var_risk,46,S1_ADAPTIVE,defensive_reactive,0,0.534613563580528,0.9120563289157626,-2.2626499369537667
train_mean,test,S1_ADAPTIVE/scenario_uk_give_way_ego_init_46_smpc_var_risk,46,S1_ADAPTIVE,defensive_reactive,0,0.46025817435558414,0.3941570640237209,-2.0697399839243342
CV,test,S1_ADAPTIVE/scenario_uk_give_way_ego_init_46_smpc_var_risk,46,S1_ADAPTIVE,defensive_reactive,0,2.2431058052607042,4.225349685885736,0.08163025251919484
CA,test,S1_ADAPTIVE/scenario_uk_give_way_ego_init_46_smpc_var_risk,46,S1_ADAPTIVE,defensive_reactive,0,1.0949019225600076,3.7746530567739938,-2.073345479044648
train_mean,test,S1_ADAPTIVE/scenario_uk_give_way_ego_init_46_smpc_var_risk,46,S1_ADAPTIVE,defensive_reactive,0,0.17388780008597687,0.20413672571202818,-2.3342498886977814
CV,test,S1_ADAPTIVE/scenario_uk_give_way_ego_init_46_smpc_var_risk,46,S1_ADAPTIVE,defensive_reactive,0,0.6329057365485198,1.0758531899690094,-2.0222805832669044
CA,test,S1_ADAPTIVE/scenario_uk_give_way_ego_init_46_smpc_var_risk,46,S1_ADAPTIVE,defensive_reactive,0,2.4566141697281365,6.9241524993841095,-1.8872285581412362
train_mean,test,S1_ADAPTIVE/scenario_uk_give_way_ego_init_46_smpc_var_risk,46,S1_ADAPTIVE,defensive_reactive,0,0.403848245460933,0.4473050736145115,-2.2596467542362757
CV,test,S1_ADAPTIVE/scenario_uk_give_way_ego_init_46_smpc_var_risk,46,S1_ADAPTIVE,defensive_reactive,0,0.5072190813473594,0.9691037058893549,-2.2965124603322673
CA,test,S1_ADAPTIVE/scenario_uk_give_way_ego_init_46_smpc_var_risk,46,S1_ADAPTIVE,defensive_reactive,0,3.587222663414015,8.969113329946248,-0.725716214505763
train_mean,test,S1_ADAPTIVE/scenario_uk_give_way_ego_init_46_smpc_var_risk,46,S1_ADAPTIVE,defensive_reactive,0,0.3857662373287155,0.4424212740628179,-2.2598003082216644
CV,test,S1_ADAPTIVE/scenario_uk_give_way_ego_init_46_smpc_var_risk,46,S1_ADAPTIVE,defensive_reactive,0,0.39419924743430074,0.6668214417889317,-2.279186277094484
CA,test,S1_ADAPTIVE/scenario_uk_give_way_ego_init_46_smpc_var_risk,46,S1_ADAPTIVE,defensive_reactive,0,0.39852710776911204,1.2546073798659714,-2.4242666623479137
train_mean,test,S1_ADAPTIVE/scenario_uk_give_way_ego_init_46_smpc_var_risk,46,S1_ADAPTIVE,defensive_reactive,0,0.2874288852604601,0.3604161178795298,-2.3159102206028574
CV,test,S1_ADAPTIVE/scenario_uk_give_way_ego_init_46_smpc_var_risk,46,S1_ADAPTIVE,defensive_reactive,0,0.1868330530119819,0.38168976917111375,-2.38524754302918
CA,test,S1_ADAPTIVE/scenario_uk_give_way_ego_init_46_smpc_var_risk,46,S1_ADAPTIVE,defensive_reactive,0,2.218784925878139,5.677034466145902,-1.9086443340064327
train_mean,test,S1_ADAPTIVE/scenario_uk_give_way_ego_init_46_smpc_var_risk,46,S1_ADAPTIVE,defensive_reactive,0,0.279218361211481,0.3498629581743575,-2.323571815181667
CV,test,S1_ADAPTIVE/scenario_uk_give_way_ego_init_46_smpc_var_risk,46,S1_ADAPTIVE,defensive_reactive,0,0.36930400611430775,0.6591247266265269,-2.324996295530869
CA,test,S1_ADAPTIVE/scenario_uk_give_way_ego_init_46_smpc_var_risk,46,S1_ADAPTIVE,defensive_reactive,0,0.8019067763372256,1.7827686060150545,-2.3247891310550077
train_mean,test,S1_ADAPTIVE/scenario_uk_give_way_ego_init_46_smpc_var_risk,46,S1_ADAPTIVE,defensive_reactive,0,0.3448460092839778,0.40257333669658124,-2.296417697595361
CV,test,S1_ADAPTIVE/scenario_uk_give_way_ego_init_46_smpc_var_risk,46,S1_ADAPTIVE,defensive_reactive,0,0.022307245433076335,0.012981962943794608,-2.390059948105937
CA,test,S1_ADAPTIVE/scenario_uk_give_way_ego_init_46_smpc_var_risk,46,S1_ADAPTIVE,defensive_reactive,0,1.3365323611114142,3.5318603181031367,-2.293475620199946
train_mean,test,S1_ADAPTIVE/scenario_uk_give_way_ego_init_46_smpc_var_risk,46,S1_ADAPTIVE,defensive_reactive,0,0.380857235853494,0.4342480465875356,-2.2732220787313824
CV,test,S1_ADAPTIVE/scenario_uk_give_way_ego_init_46_smpc_var_risk,46,S1_ADAPTIVE,defensive_reactive,0,0.26177133810393716,0.4873189723598977,-2.3705572371272705
CA,test,S1_ADAPTIVE/scenario_uk_give_way_ego_init_46_smpc_var_risk,46,S1_ADAPTIVE,defensive_reactive,0,1.1238969292749939,2.7266063038897883,-2.286402202269712
train_mean,test,S1_ADAPTIVE/scenario_uk_give_way_ego_init_46_smpc_var_risk,46,S1_ADAPTIVE,defensive_reactive,0,0.34716761733243484,0.4077572221228236,-2.2886423039940604
CV,test,S1_ADAPTIVE/scenario_uk_give_way_ego_init_46_smpc_var_risk,46,S1_ADAPTIVE,defensive_reactive,0,0.12704243086376815,0.20442763263673167,-2.384681629996177
CA,test,S1_ADAPTIVE/scenario_uk_give_way_ego_init_46_smpc_var_risk,46,S1_ADAPTIVE,defensive_reactive,0,0.48525548419854125,1.3752581465537734,-2.453960781754556
train_mean,test,S1_ADAPTIVE/scenario_uk_give_way_ego_init_46_smpc_var_risk,46,S1_ADAPTIVE,defensive_reactive,0,0.3081314740748637,0.3747126240652519,-2.309852817741405
CV,test,S1_ADAPTIVE/scenario_uk_give_way_ego_init_46_smpc_var_risk,46,S1_ADAPTIVE,defensive_reactive,0,0.11925704276901258,0.23456785596575,-2.3963542186219327
CA,test,S1_ADAPTIVE/scenario_uk_give_way_ego_init_46_smpc_var_risk,46,S1_ADAPTIVE,defensive_reactive,0,0.95715518230557,2.4130472293455156,-2.3637353071186746
train_mean,test,S1_ADAPTIVE/scenario_uk_give_way_ego_init_46_smpc_var_risk,46,S1_ADAPTIVE,defensive_reactive,0,0.3139823201601257,0.37801450093576855,-2.3093188303307928
CV,test,S1_ADAPTIVE/scenario_uk_give_way_ego_init_46_smpc_var_risk,46,S1_ADAPTIVE,defensive_reactive,0,0.1403338058142277,0.2443809651296692,-2.3889903622596895
CA,test,S1_ADAPTIVE/scenario_uk_give_way_ego_init_46_smpc_var_risk,46,S1_ADAPTIVE,defensive_reactive,0,0.11198738986772398,0.17075574250228717,-2.4665849588781965
train_mean,test,S1_ADAPTIVE/scenario_uk_give_way_ego_init_46_smpc_var_risk,46,S1_ADAPTIVE,defensive_reactive,0,0.3439757193353895,0.40255541611456225,-2.2951405481566645
CV,test,S1_ADAPTIVE/scenario_uk_give_way_ego_init_46_smpc_var_risk,46,S1_ADAPTIVE,defensive_reactive,0,0.034726111072354286,0.07388352701290718,-2.4006233767427587
CA,test,S1_ADAPTIVE/scenario_uk_give_way_ego_init_46_smpc_var_risk,46,S1_ADAPTIVE,defensive_reactive,0,0.6589702208940835,1.7066502741417326,-2.4293846776804964
train_mean,test,S1_ADAPTIVE/scenario_uk_give_way_ego_init_46_smpc_var_risk,46,S1_ADAPTIVE,defensive_reactive,0,0.35289044473385234,0.41084207236986914,-2.28860682082332
CV,test,S1_ADAPTIVE/scenario_uk_give_way_ego_init_47_smpc_var_risk,47,S1_ADAPTIVE,defensive_reactive,0,1.9300951680673823,3.706739999599019,-0.8899267544054343
CA,test,S1_ADAPTIVE/scenario_uk_give_way_ego_init_47_smpc_var_risk,47,S1_ADAPTIVE,defensive_reactive,0,2.268194750828463,4.58492175746097,-1.365327658424923
train_mean,test,S1_ADAPTIVE/scenario_uk_give_way_ego_init_47_smpc_var_risk,47,S1_ADAPTIVE,defensive_reactive,0,0.2250086394515197,0.267054543383325,-2.312445061751375
CV,test,S1_ADAPTIVE/scenario_uk_give_way_ego_init_47_smpc_var_risk,47,S1_ADAPTIVE,defensive_reactive,0,1.862878009977356,3.249473367501467,0.07852235009125312
CA,test,S1_ADAPTIVE/scenario_uk_give_way_ego_init_47_smpc_var_risk,47,S1_ADAPTIVE,defensive_reactive,0,0.5311049741527408,0.5438234473639092,-1.1599512885744327
train_mean,test,S1_ADAPTIVE/scenario_uk_give_way_ego_init_47_smpc_var_risk,47,S1_ADAPTIVE,defensive_reactive,0,0.5049375799936447,0.5684131035446492,-2.2082198798398487
CV,test,S1_ADAPTIVE/scenario_uk_give_way_ego_init_47_smpc_var_risk,47,S1_ADAPTIVE,defensive_reactive,0,0.5561412088907028,1.1913304194119836,-2.279644169955282
CA,test,S1_ADAPTIVE/scenario_uk_give_way_ego_init_47_smpc_var_risk,47,S1_ADAPTIVE,defensive_reactive,0,3.624001620939386,9.191333939629569,-0.957018976232374
train_mean,test,S1_ADAPTIVE/scenario_uk_give_way_ego_init_47_smpc_var_risk,47,S1_ADAPTIVE,defensive_reactive,0,0.5601907155137611,0.6042033019794893,-2.1349549270428283
CV,test,S1_ADAPTIVE/scenario_uk_give_way_ego_init_47_smpc_var_risk,47,S1_ADAPTIVE,defensive_reactive,0,0.9113056743565338,1.6908828074288729,-1.995305062859184
CA,test,S1_ADAPTIVE/scenario_uk_give_way_ego_init_47_smpc_var_risk,47,S1_ADAPTIVE,defensive_reactive,0,1.556572631580168,3.3669029281286713,-1.8563649969421565
train_mean,test,S1_ADAPTIVE/scenario_uk_give_way_ego_init_47_smpc_var_risk,47,S1_ADAPTIVE,defensive_reactive,0,0.3772450730259596,0.4398486684247301,-2.262253042838757
CV,test,S1_ADAPTIVE/scenario_uk_give_way_ego_init_47_smpc_var_risk,47,S1_ADAPTIVE,defensive_reactive,0,0.29548043504537314,0.4660254961519376,-2.2977702868464562
CA,test,S1_ADAPTIVE/scenario_uk_give_way_ego_init_47_smpc_var_risk,47,S1_ADAPTIVE,defensive_reactive,0,2.2491785680557834,6.143473475927492,-1.993106177564405
train_mean,test,S1_ADAPTIVE/scenario_uk_give_way_ego_init_47_smpc_var_risk,47,S1_ADAPTIVE,defensive_reactive,0,0.2660265330569538,0.34281023570898156,-2.325568774865042
CV,test,S1_ADAPTIVE/scenario_uk_give_way_ego_init_47_smpc_var_risk,47,S1_ADAPTIVE,defensive_reactive,0,0.3364997413341897,0.6552622050550948,-2.357698742346664
CA,test,S1_ADAPTIVE/scenario_uk_give_way_ego_init_47_smpc_var_risk,47,S1_ADAPTIVE,defensive_reactive,0,2.469448171917791,6.199212708358836,-1.6989263157640284
train_mean,test,S1_ADAPTIVE/scenario_uk_give_way_ego_init_47_smpc_var_risk,47,S1_ADAPTIVE,defensive_reactive,0,0.2867009159870417,0.3553136468624826,-2.3211356034392665
CV,test,S1_ADAPTIVE/scenario_uk_give_way_ego_init_47_smpc_var_risk,47,S1_ADAPTIVE,defensive_reactive,0,0.3701338696867867,0.639838332662703,-2.307575885173926
CA,test,S1_ADAPTIVE/scenario_uk_give_way_ego_init_47_smpc_var_risk,47,S1_ADAPTIVE,defensive_reactive,0,0.2151190685975583,0.2372157082370038,-2.407289088171843
train_mean,test,S1_ADAPTIVE/scenario_uk_give_way_ego_init_47_smpc_var_risk,47,S1_ADAPTIVE,defensive_reactive,0,0.3661001970962889,0.4204220212169904,-2.2854182289048763
CV,test,S1_ADAPTIVE/scenario_uk_give_way_ego_init_47_smpc_var_risk,47,S1_ADAPTIVE,defensive_reactive,0,0.11667307826456577,0.24446445527168623,-2.392600864779602
CA,test,S1_ADAPTIVE/scenario_uk_give_way_ego_init_47_smpc_var_risk,47,S1_ADAPTIVE,defensive_reactive,0,1.8444954844098356,4.756602830387182,-2.0954538500907187
train_mean,test,S1_ADAPTIVE/scenario_uk_give_way_ego_init_47_smpc_var_risk,47,S1_ADAPTIVE,defensive_reactive,0,0.38497832680425403,0.4385427891372941,-2.2689075817937305
CV,test,S1_ADAPTIVE/scenario_uk_give_way_ego_init_47_smpc_var_risk,47,S1_ADAPTIVE,defensive_reactive,0,0.305662972101125,0.5539907284036799,-2.352711977265597
CA,test,S1_ADAPTIVE/scenario_uk_give_way_ego_init_47_smpc_var_risk,47,S1_ADAPTIVE,defensive_reactive,0,0.8225329177836139,1.8965102560868436,-2.343645959130963
train_mean,test,S1_ADAPTIVE/scenario_uk_give_way_ego_init_47_smpc_var_risk,47,S1_ADAPTIVE,defensive_reactive,0,0.3343137390128076,0.39751749216905724,-2.294907231246042
CV,test,S1_ADAPTIVE/scenario_uk_give_way_ego_init_47_smpc_var_risk,47,S1_ADAPTIVE,defensive_reactive,0,0.06334868456284345,0.0811057362896273,-2.3905136033004046
CA,test,S1_ADAPTIVE/scenario_uk_give_way_ego_init_47_smpc_var_risk,47,S1_ADAPTIVE,defensive_reactive,0,0.9040243919448752,2.4310924199857475,-2.3966912781735625
train_mean,test,S1_ADAPTIVE/scenario_uk_give_way_ego_init_47_smpc_var_risk,47,S1_ADAPTIVE,defensive_reactive,0,0.30028700881281656,0.3679654078978525,-2.3139032773959043
CV,test,S1_ADAPTIVE/scenario_uk_give_way_ego_init_47_smpc_var_risk,47,S1_ADAPTIVE,defensive_reactive,0,0.17841823243127186,0.33770274816878043,-2.3884702244141542
CA,test,S1_ADAPTIVE/scenario_uk_give_way_ego_init_47_smpc_var_risk,47,S1_ADAPTIVE,defensive_reactive,0,0.956936168535352,2.3598273218546755,-2.3507493539133124
train_mean,test,S1_ADAPTIVE/scenario_uk_give_way_ego_init_47_smpc_var_risk,47,S1_ADAPTIVE,defensive_reactive,0,0.31962076231726766,0.3823513491508521,-2.3071712336486234
CV,test,S1_ADAPTIVE/scenario_uk_give_way_ego_init_47_smpc_var_risk,47,S1_ADAPTIVE,defensive_reactive,0,0.12164217979150696,0.20218425107738863,-2.3890354350710923
CA,test,S1_ADAPTIVE/scenario_uk_give_way_ego_init_47_smpc_var_risk,47,S1_ADAPTIVE,defensive_reactive,0,0.20341693048660292,0.6119597303618608,-2.470192187850975
train_mean,test,S1_ADAPTIVE/scenario_uk_give_way_ego_init_47_smpc_var_risk,47,S1_ADAPTIVE,defensive_reactive,0,0.35240010738964034,0.40966045167313164,-2.290560477800346
CV,test,S1_ADAPTIVE/scenario_uk_give_way_ego_init_47_smpc_var_risk,47,S1_ADAPTIVE,defensive_reactive,0,0.08369262032075117,0.1684735649021123,-2.399132678466903
CA,test,S1_ADAPTIVE/scenario_uk_give_way_ego_init_47_smpc_var_risk,47,S1_ADAPTIVE,defensive_reactive,0,0.7985803658498728,2.0277382164137614,-2.400723337547352
train_mean,test,S1_ADAPTIVE/scenario_uk_give_way_ego_init_47_smpc_var_risk,47,S1_ADAPTIVE,defensive_reactive,0,0.35251316639232755,0.4108538998228054,-2.2881472728303507
CV,test,S1_ADAPTIVE/scenario_uk_give_way_ego_init_47_smpc_var_risk,47,S1_ADAPTIVE,defensive_reactive,0,0.1247572044800993,0.22137291057053296,-2.39258823241671
CA,test,S1_ADAPTIVE/scenario_uk_give_way_ego_init_47_smpc_var_risk,47,S1_ADAPTIVE,defensive_reactive,0,0.18982701233006966,0.3903856755280046,-2.465058780085653
train_mean,test,S1_ADAPTIVE/scenario_uk_give_way_ego_init_47_smpc_var_risk,47,S1_ADAPTIVE,defensive_reactive,0,0.32911041649984896,0.39175604502093886,-2.29987887504412
CV,test,S1_ADAPTIVE/scenario_uk_give_way_ego_init_47_smpc_var_risk,47,S1_ADAPTIVE,defensive_reactive,0,0.007278279311151185,0.011772089997700864,-2.400654932495456
CA,test,S1_ADAPTIVE/scenario_uk_give_way_ego_init_47_smpc_var_risk,47,S1_ADAPTIVE,defensive_reactive,0,0.4646548953517975,1.2231004148798097,-2.454789502059421
train_mean,test,S1_ADAPTIVE/scenario_uk_give_way_ego_init_47_smpc_var_risk,47,S1_ADAPTIVE,defensive_reactive,0,0.31891512318913084,0.38263612416193027,-2.3060967512400783
CV,test,S1_ADAPTIVE/scenario_uk_give_way_ego_init_48_smpc_var_risk,48,S1_ADAPTIVE,defensive_reactive,1,0.9700317084183088,2.955840746668597,-1.872098189362823
CA,test,S1_ADAPTIVE/scenario_uk_give_way_ego_init_48_smpc_var_risk,48,S1_ADAPTIVE,defensive_reactive,1,3.64969271127071,10.955850535631905,-1.21248314134793
train_mean,test,S1_ADAPTIVE/scenario_uk_give_way_ego_init_48_smpc_var_risk,48,S1_ADAPTIVE,defensive_reactive,1,3.0424667240051386,3.8005374483438934,2.8380233965965074
CV,test,S1_ADAPTIVE/scenario_uk_give_way_ego_init_48_smpc_var_risk,48,S1_ADAPTIVE,defensive_reactive,1,2.170209371008388,5.763426406444666,-1.000994223496105
CA,test,S1_ADAPTIVE/scenario_uk_give_way_ego_init_48_smpc_var_risk,48,S1_ADAPTIVE,defensive_reactive,1,5.228483575020537,13.763424735446653,0.17204914361573329
train_mean,test,S1_ADAPTIVE/scenario_uk_give_way_ego_init_48_smpc_var_risk,48,S1_ADAPTIVE,defensive_reactive,1,2.5659703189500176,3.0204018509754844,1.6041957398395574
CV,test,S1_ADAPTIVE/scenario_uk_give_way_ego_init_48_smpc_var_risk,48,S1_ADAPTIVE,defensive_reactive,0,3.270355233041452,7.4757703479575595,0.9649973861250475
CA,test,S1_ADAPTIVE/scenario_uk_give_way_ego_init_48_smpc_var_risk,48,S1_ADAPTIVE,defensive_reactive,0,4.634288698176546,11.018454485422868,0.1950940767348094
train_mean,test,S1_ADAPTIVE/scenario_uk_give_way_ego_init_48_smpc_var_risk,48,S1_ADAPTIVE,defensive_reactive,0,1.8337959824647942,2.016600497533216,-0.1229342375114905
CV,test,S1_ADAPTIVE/scenario_uk_give_way_ego_init_48_smpc_var_risk,48,S1_ADAPTIVE,defensive_reactive,0,3.0898179592768718,6.702968753368274,0.7725977047487124
CA,test,S1_ADAPTIVE/scenario_uk_give_way_ego_init_48_smpc_var_risk,48,S1_ADAPTIVE,defensive_reactive,0,0.4239183067710228,1.2970417672299224,-2.420652095351262
train_mean,test,S1_ADAPTIVE/scenario_uk_give_way_ego_init_48_smpc_var_risk,48,S1_ADAPTIVE,defensive_reactive,0,1.063813803710572,1.0611938958733604,-1.459108185665095
CV,test,S1_ADAPTIVE/scenario_uk_give_way_ego_init_48_smpc_var_risk,48,S1_ADAPTIVE,defensive_reactive,0,3.140833957124788,6.328810372019951,1.324558642269316
CA,test,S1_ADAPTIVE/scenario_uk_give_way_ego_init_48_smpc_var_risk,48,S1_ADAPTIVE,defensive_reactive,0,1.0232162613221927,0.8285069495852279,-1.9515668508108857
train_mean,test,S1_ADAPTIVE/scenario_uk_give_way_ego_init_48_smpc_var_risk,48,S1_ADAPTIVE,defensive_reactive,0,0.40778046298774073,0.335353808177576,-2.109785889488874
CV,test,S1_ADAPTIVE/scenario_uk_give_way_ego_init_48_smpc_var_risk,48,S1_ADAPTIVE,defensive_reactive,0,2.082821754900303,3.9091742572808115,-0.22748652197963404
CA,test,S1_ADAPTIVE/scenario_uk_give_way_ego_init_48_smpc_var_risk,48,S1_ADAPTIVE,defensive_reactive,0,1.207377242946955,4.090830043779534,-2.1158195620794644
train_mean,test,S1_ADAPTIVE/scenario_uk_give_way_ego_init_48_smpc_var_risk,48,S1_ADAPTIVE,defensive_reactive,0,0.2004113736718709,0.23917601202457653,-2.3316800207303574
CV,test,S1_ADAPTIVE/scenario_uk_give_way_ego_init_48_smpc_var_risk,48,S1_ADAPTIVE,defensive_reactive,0,0.5165082768468295,0.8559227250282705,-2.1241769588756862
CA,test,S1_ADAPTIVE/scenario_uk_give_way_ego_init_48_smpc_var_risk,48,S1_ADAPTIVE,defensive_reactive,0,2.5692338553283163,7.1440865794004065,-1.8479258916062045
train_mean,test,S1_ADAPTIVE/scenario_uk_give_way_ego_init_48_smpc_var_risk,48,S1_ADAPTIVE,defensive_reactive,0,0.4105700594933774,0.45123069545361305,-2.2557232343223985
CV,test,S1_ADAPTIVE/scenario_uk_give_way_ego_init_48_smpc_var_risk,48,S1_ADAPTIVE,defensive_reactive,0,0.4543349090541072,0.8772286026514593,-2.3179842580197922
CA,test,S1_ADAPTIVE/scenario_uk_give_way_ego_init_48_smpc_var_risk,48,S1_ADAPTIVE,defensive_reactive,0,3.534164915989622,8.877223827692493,-0.8942289473032676
train_mean,test,S1_ADAPTIVE/scenario_uk_give_way_ego_init_48_smpc_var_risk,48,S1_ADAPTIVE,defensive_reactive,0,0.38620553731918206,0.4386320019060042,-2.2571990904979162
CV,test,S1_ADAPTIVE/scenario_uk_give_way_ego_init_48_smpc_var_risk,48,S1_ADAPTIVE,defensive_reactive,0,0.41453347343278474,0.7076441884980366,-2.2749230434754555
CA,test,S1_ADAPTIVE/scenario_uk_give_way_ego_init_48_smpc_var_risk,48,S1_ADAPTIVE,defensive_reactive,0,0.17032886338556957,0.5283115039668823,-2.410803129751732
train_mean,test,S1_ADAPTIVE/scenario_uk_give_way_ego_init_48_smpc_var_risk,48,S1_ADAPTIVE,defensive_reactive,0,0.2898869753831709,0.36102919501091635,-2.3101036516369335
CV,test,S1_ADAPTIVE/scenario_uk_give_way_ego_init_48_smpc_var_risk,48,S1_ADAPTIVE,defensive_reactive,0,0.15694191101642874,0.32496874326410674,-2.386778595853829
CA,test,S1_ADAPTIVE/scenario_uk_give_way_ego_init_48_smpc_var_risk,48,S1_ADAPTIVE,defensive_reactive,0,2.1628056655433063,5.561720298899947,-1.9489240912076073
train_mean,test,S1_ADAPTIVE/scenario_uk_give_way_ego_init_48_smpc_var_risk,48,S1_ADAPTIVE,defensive_reactive,0,0.2750283617759639,0.34627812902706756,-2.322183913743593
CV,test,S1_ADAPTIVE/scenario_uk_give_way_ego_init_48_smpc_var_risk,48,S1_ADAPTIVE,defensive_reactive,0,0.3788397448766336,0.6820473800367781,-2.3234084861259254
CA,test,S1_ADAPTIVE/scenario_uk_give_way_ego_init_48_smpc_var_risk,48,S1_ADAPTIVE,defensive_reactive,0,0.9714508035435166,2.221295998459056,-2.281610901536003
train_mean,test,S1_ADAPTIVE/scenario_uk_give_way_ego_init_48_smpc_var_risk,48,S1_ADAPTIVE,defensive_reactive,0,0.33789410231492634,0.39550817598665894,-2.2986706574329383
CV,test,S1_ADAPTIVE/scenario_uk_give_way_ego_init_48_smpc_var_risk,48,S1_ADAPTIVE,defensive_reactive,0,0.060920517084687195,0.0634227046411855,-2.3831059125465073
CA,test,S1_ADAPTIVE/scenario_uk_give_way_ego_init_48_smpc_var_risk,48,S1_ADAPTIVE,defensive_reactive,0,1.1970022839337042,3.203610561506451,-2.333110200441262
train_mean,test,S1_ADAPTIVE/scenario_uk_give_way_ego_init_48_smpc_var_risk,48,S1_ADAPTIVE,defensive_reactive,0,0.37931682206027634,0.43019317154956743,-2.2730365215761346
CV,test,S1_ADAPTIVE/scenario_uk_give_way_ego_init_48_smpc_var_risk,48,S1_ADAPTIVE,defensive_reactive,0,0.2507434617420382,0.47273031990151515,-2.3734786222207114
CA,test,S1_ADAPTIVE/scenario_uk_give_way_ego_init_48_smpc_var_risk,48,S1_ADAPTIVE,defensive_reactive,0,1.2392413204947912,3.0402562946502445,-2.2621050517783816
train_mean,test,S1_ADAPTIVE/scenario_uk_give_way_ego_init_48_smpc_var_risk,48,S1_ADAPTIVE,defensive_reactive,0,0.3501093918927187,0.4076417610117267,-2.2837481331442127
CV,test,S1_ADAPTIVE/scenario_uk_give_way_ego_init_48_smpc_var_risk,48,S1_ADAPTIVE,defensive_reactive,0,0.1517251245995643,0.25070412316240165,-2.380516504229575
CA,test,S1_ADAPTIVE/scenario_uk_give_way_ego_init_48_smpc_var_risk,48,S1_ADAPTIVE,defensive_reactive,0,0.3499927274434748,1.03122655803835,-2.4629484185067847
train_mean,test,S1_ADAPTIVE/scenario_uk_give_way_ego_init_48_smpc_var_risk,48,S1_ADAPTIVE,defensive_reactive,0,0.30811766864023304,0.37328806147268473,-2.3060268683855623
CV,test,S1_ADAPTIVE/scenario_uk_give_way_ego_init_48_smpc_var_risk,48,S1_ADAPTIVE,defensive_reactive,0,0.1041010121027551,0.2098524262820752,-2.3964750473945675
CA,test,S1_ADAPTIVE/scenario_uk_give_way_ego_init_48_smpc_var_risk,48,S1_ADAPTIVE,defensive_reactive,0,0.9900188924823576,2.5144359441358444,-2.359760111641666
train_mean,test,S1_ADAPTIVE/scenario_uk_give_way_ego_init_48_smpc_var_risk,48,S1_ADAPTIVE,defensive_reactive,0,0.30907971576492066,0.3728932342843333,-2.308747737842419
CV,test,S1_ADAPTIVE/scenario_uk_give_way_ego_init_48_smpc_var_risk,48,S1_ADAPTIVE,defensive_reactive,0,0.1588161001347176,0.2809584941051913,-2.3853215035139765
CA,test,S1_ADAPTIVE/scenario_uk_give_way_ego_init_48_smpc_var_risk,48,S1_ADAPTIVE,defensive_reactive,0,0.2496340006857473,0.5168467374861989,-2.4554683986978145
train_mean,test,S1_ADAPTIVE/scenario_uk_give_way_ego_init_48_smpc_var_risk,48,S1_ADAPTIVE,defensive_reactive,0,0.3391936042348251,0.39682067437474483,-2.2957631082762746
CV,test,S1_ADAPTIVE/scenario_uk_give_way_ego_init_48_smpc_var_risk,48,S1_ADAPTIVE,defensive_reactive,0,0.013705994850243633,0.027168386827772346,-2.398462384429112
CA,test,S1_ADAPTIVE/scenario_uk_give_way_ego_init_48_smpc_var_risk,48,S1_ADAPTIVE,defensive_reactive,0,0.6180190365583046,1.623015414331265,-2.436901449429015
train_mean,test,S1_ADAPTIVE/scenario_uk_give_way_ego_init_48_smpc_var_risk,48,S1_ADAPTIVE,defensive_reactive,0,0.35239650578554327,0.4080933671087991,-2.286794612199256
CV,test,S1_ADAPTIVE/scenario_uk_give_way_ego_init_48_smpc_var_risk,48,S1_ADAPTIVE,defensive_reactive,0,0.11571274048607627,0.21422384646268092,-2.394392190165863
CA,test,S1_ADAPTIVE/scenario_uk_give_way_ego_init_48_smpc_var_risk,48,S1_ADAPTIVE,defensive_reactive,0,0.45192410879791167,1.0874974112315505,-2.446044084473889
train_mean,test,S1_ADAPTIVE/scenario_uk_give_way_ego_init_48_smpc_var_risk,48,S1_ADAPTIVE,defensive_reactive,0,0.3363017671450046,0.3955375385943478,-2.293236637328797
CV,test,S1_ADAPTIVE/scenario_uk_give_way_ego_init_49_smpc_var_risk,49,S1_ADAPTIVE,defensive_reactive,1,1.130491759715954,2.8180008477488157,-2.0016859669818237
CA,test,S1_ADAPTIVE/scenario_uk_give_way_ego_init_49_smpc_var_risk,49,S1_ADAPTIVE,defensive_reactive,1,1.8526623170084888,4.79883277587823,-2.0986721565736888
train_mean,test,S1_ADAPTIVE/scenario_uk_give_way_ego_init_49_smpc_var_risk,49,S1_ADAPTIVE,defensive_reactive,1,0.8232494274175529,0.8422779565521361,-1.898657477594347
CV,test,S1_ADAPTIVE/scenario_uk_give_way_ego_init_49_smpc_var_risk,49,S1_ADAPTIVE,defensive_reactive,0,1.9231532757026364,4.138678761535384,-1.1783499445194912
CA,test,S1_ADAPTIVE/scenario_uk_give_way_ego_init_49_smpc_var_risk,49,S1_ADAPTIVE,defensive_reactive,0,3.6063523257631216,8.521112949865547,-0.8606201410722119
train_mean,test,S1_ADAPTIVE/scenario_uk_give_way_ego_init_49_smpc_var_risk,49,S1_ADAPTIVE,defensive_reactive,0,0.4594597600446962,0.39810905530583246,-2.127065692805229
CV,test,S1_ADAPTIVE/scenario_uk_give_way_ego_init_49_smpc_var_risk,49,S1_ADAPTIVE,defensive_reactive,0,2.5485339252737713,4.889125056309435,0.4753055620582545
CA,test,S1_ADAPTIVE/scenario_uk_give_way_ego_init_49_smpc_var_risk,49,S1_ADAPTIVE,defensive_reactive,0,3.0632182741838876,6.225967568011401,-0.15267684963751443
train_mean,test,S1_ADAPTIVE/scenario_uk_give_way_ego_init_49_smpc_var_risk,49,S1_ADAPTIVE,defensive_reactive,0,0.10219969601040153,0.08520469938596752,-2.321671569535737
CV,test,S1_ADAPTIVE/scenario_uk_give_way_ego_init_49_smpc_var_risk,49,S1_ADAPTIVE,defensive_reactive,0,1.0206749442096417,1.7926935593313997,-1.6281840310746891
CA,test,S1_ADAPTIVE/scenario_uk_give_way_ego_init_49_smpc_var_risk,49,S1_ADAPTIVE,defensive_reactive,0,2.0996869623538044,6.207308476040228,-2.0142417038694247
train_mean,test,S1_ADAPTIVE/scenario_uk_give_way_ego_init_49_smpc_var_risk,49,S1_ADAPTIVE,defensive_reactive,0,0.39015914761321996,0.43422322264661245,-2.269784239670155
CV,test,S1_ADAPTIVE/scenario_uk_give_way_ego_init_49_smpc_var_risk,49,S1_ADAPTIVE,defensive_reactive,0,0.450404908333669,0.888666516313336,-2.3232382022113116
CA,test,S1_ADAPTIVE/scenario_uk_give_way_ego_init_49_smpc_var_risk,49,S1_ADAPTIVE,defensive_reactive,0,3.5270196716995,8.888672200803882,-0.9111790328622581
train_mean,test,S1_ADAPTIVE/scenario_uk_give_way_ego_init_49_smpc_var_risk,49,S1_ADAPTIVE,defensive_reactive,0,0.4162506064147622,0.46882591837056964,-2.240881607430126
CV,test,S1_ADAPTIVE/scenario_uk_give_way_ego_init_49_smpc_var_risk,49,S1_ADAPTIVE,defensive_reactive,0,0.5163476099071173,0.901234611001709,-2.2264903103510534
CA,test,S1_ADAPTIVE/scenario_uk_give_way_ego_init_49_smpc_var_risk,49,S1_ADAPTIVE,defensive_reactive,0,0.35496896412661433,0.4820898323320551,-2.323993873798552
train_mean,test,S1_ADAPTIVE/scenario_uk_give_way_ego_init_49_smpc_var_risk,49,S1_ADAPTIVE,defensive_reactive,0,0.300806887676,0.3724138449665478,-2.3083920618024405
CV,test,S1_ADAPTIVE/scenario_uk_give_way_ego_init_49_smpc_var_risk,49,S1_ADAPTIVE,defensive_reactive,0,0.10744435639397812,0.228285586131823,-2.385717641215472
CA,test,S1_ADAPTIVE/scenario_uk_give_way_ego_init_49_smpc_var_risk,49,S1_ADAPTIVE,defensive_reactive,0,2.3213928420570347,6.023936194603364,-1.8850752582149677
train_mean,test,S1_ADAPTIVE/scenario_uk_give_way_ego_init_49_smpc_var_risk,49,S1_ADAPTIVE,defensive_reactive,0,0.2697009519494076,0.3428079553499026,-2.3266022790200873
CV,test,S1_ADAPTIVE/scenario_uk_give_way_ego_init_49_smpc_var_risk,49,S1_ADAPTIVE,defensive_reactive,0,0.41074199740226425,0.7478583753758635,-2.316778495067827
CA,test,S1_ADAPTIVE/scenario_uk_give_way_ego_init_49_smpc_var_risk,49,S1_ADAPTIVE,defensive_reactive,0,1.3176840549728008,3.10355222376363,-2.1705853081675897
train_mean,test,S1_ADAPTIVE/scenario_uk_give_way_ego_init_49_smpc_var_risk,49,S1_ADAPTIVE,defensive_reactive,0,0.33125098483320803,0.39124724527855287,-2.303026910005352
CV,test,S1_ADAPTIVE/scenario_uk_give_way_ego_init_49_smpc_var_risk,49,S1_ADAPTIVE,defensive_reactive,0,0.11703507163398026,0.16469501875705603,-2.3740461758586644
CA,test,S1_ADAPTIVE/scenario_uk_give_way_ego_init_49_smpc_var_risk,49,S1_ADAPTIVE,defensive_reactive,0,1.0916825851455347,2.9707107316810046,-2.3617179051886024
train_mean,test,S1_ADAPTIVE/scenario_uk_give_way_ego_init_49_smpc_var_risk,49,S1_ADAPTIVE,defensive_reactive,0,0.38243735332821394,0.43516078637191347,-2.2734431533698003
CV,test,S1_ADAPTIVE/scenario_uk_give_way_ego_init_49_smpc_var_risk,49,S1_ADAPTIVE,defensive_reactive,0,0.24753266646077315,0.4719040731342881,-2.3765358200545985
CA,test,S1_ADAPTIVE/scenario_uk_give_way_ego_init_49_smpc_var_risk,49,S1_ADAPTIVE,defensive_reactive,0,1.4371465172717248,3.561810265711139,-2.19795155898159
train_mean,test,S1_ADAPTIVE/scenario_uk_give_way_ego_init_49_smpc_var_risk,49,S1_ADAPTIVE,defensive_reactive,0,0.3577586571733159,0.4165401430897555,-2.282837664350695
CV,test,S1_ADAPTIVE/scenario_uk_give_way_ego_init_49_smpc_var_risk,49,S1_ADAPTIVE,defensive_reactive,0,0.17796879770113336,0.3001244352006315,-2.3764975119278
CA,test,S1_ADAPTIVE/scenario_uk_give_way_ego_init_49_smpc_var_risk,49,S1_ADAPTIVE,defensive_reactive,0,0.24577728067466936,0.7516666219261336,-2.4647971943420997
train_mean,test,S1_ADAPTIVE/scenario_uk_give_way_ego_init_49_smpc_var_risk,49,S1_ADAPTIVE,defensive_reactive,0,0.31162595143878663,0.3779625687103611,-2.3076534061809753
CV,test,S1_ADAPTIVE/scenario_uk_give_way_ego_init_49_smpc_var_risk,49,S1_ADAPTIVE,defensive_reactive,0,0.09545629875051419,0.19499491062254048,-2.3979615845981046
CA,test,S1_ADAPTIVE/scenario_uk_give_way_ego_init_49_smpc_var_risk,49,S1_ADAPTIVE,defensive_reactive,0,1.0549195094165227,2.692191476573509,-2.3467002972290567
train_mean,test,S1_ADAPTIVE/scenario_uk_give_way_ego_init_49_smpc_var_risk,49,S1_ADAPTIVE,defensive_reactive,0,0.3084025504149514,0.3736450696399757,-2.311549049685595
CV,test,S1_ADAPTIVE/scenario_uk_give_way_ego_init_49_smpc_var_risk,49,S1_ADAPTIVE,defensive_reactive,0,0.1738286530786332,0.31007419188712176,-2.384519046032642
CA,test,S1_ADAPTIVE/scenario_uk_give_way_ego_init_49_smpc_var_risk,49,S1_ADAPTIVE,defensive_reactive,0,0.34780680701747785,0.7619656939829015,-2.44622671855416
train_mean,test,S1_ADAPTIVE/scenario_uk_give_way_ego_init_49_smpc_var_risk,49,S1_ADAPTIVE,defensive_reactive,0,0.3390248415463195,0.3983475448859128,-2.297843548201695
CV,test,S1_ADAPTIVE/scenario_uk_give_way_ego_init_49_smpc_var_risk,49,S1_ADAPTIVE,defensive_reactive,0,0.011664475780524482,0.00043844882176413864,-2.399152663408194
CA,test,S1_ADAPTIVE/scenario_uk_give_way_ego_init_49_smpc_var_risk,49,S1_ADAPTIVE,defensive_reactive,0,0.6114200273175332,1.6180174689345144,-2.438961409250346
train_mean,test,S1_ADAPTIVE/scenario_uk_give_way_ego_init_49_smpc_var_risk,49,S1_ADAPTIVE,defensive_reactive,0,0.35487182745948076,0.4123053579530952,-2.2879205861921603
CV,test,S1_ADAPTIVE/scenario_uk_give_way_ego_init_49_smpc_var_risk,49,S1_ADAPTIVE,defensive_reactive,0,0.11436954401443193,0.21283987480474764,-2.39593834122714
CA,test,S1_ADAPTIVE/scenario_uk_give_way_ego_init_49_smpc_var_risk,49,S1_ADAPTIVE,defensive_reactive,0,0.5016294003545878,1.2187096695580129,-2.4396261676802125
train_mean,test,S1_ADAPTIVE/scenario_uk_give_way_ego_init_49_smpc_var_risk,49,S1_ADAPTIVE,defensive_reactive,0,0.3394928607650647,0.40027967183538354,-2.2946169767276507
CV,test,S1_ADAPTIVE/scenario_uk_give_way_ego_init_49_smpc_var_risk,49,S1_ADAPTIVE,defensive_reactive,0,0.05302553973105599,0.08402954249066304,-2.398713909373746
CA,test,S1_ADAPTIVE/scenario_uk_give_way_ego_init_49_smpc_var_risk,49,S1_ADAPTIVE,defensive_reactive,0,0.22524396933529536,0.6349649087096645,-2.4723195033863403
train_mean,test,S1_ADAPTIVE/scenario_uk_give_way_ego_init_49_smpc_var_risk,49,S1_ADAPTIVE,defensive_reactive,0,0.32174765320501886,0.38529167935126346,-2.3041826611992566
CV,test,S1_ADAPTIVE/scenario_uk_give_way_ego_init_50_smpc_var_risk,50,S1_ADAPTIVE,defensive_reactive,0,1.930095786764248,3.7067409508973,-0.8899383042529541
CA,test,S1_ADAPTIVE/scenario_uk_give_way_ego_init_50_smpc_var_risk,50,S1_ADAPTIVE,defensive_reactive,0,2.2682082175017237,4.58495608004466,-1.3653981824574348
train_mean,test,S1_ADAPTIVE/scenario_uk_give_way_ego_init_50_smpc_var_risk,50,S1_ADAPTIVE,defensive_reactive,0,0.22501301741580124,0.26706024009058965,-2.3124468299941237
CV,test,S1_ADAPTIVE/scenario_uk_give_way_ego_init_50_smpc_var_risk,50,S1_ADAPTIVE,defensive_reactive,0,1.8628844450575044,3.249480039364163,0.07852986313265799
CA,test,S1_ADAPTIVE/scenario_uk_give_way_ego_init_50_smpc_var_risk,50,S1_ADAPTIVE,defensive_reactive,0,0.5311088828698699,0.5438072102506076,-1.1599662369906547
train_mean,test,S1_ADAPTIVE/scenario_uk_give_way_ego_init_50_smpc_var_risk,50,S1_ADAPTIVE,defensive_reactive,0,0.5049455836688916,0.5684226209901035,-2.208225751319728
CV,test,S1_ADAPTIVE/scenario_uk_give_way_ego_init_50_smpc_var_risk,50,S1_ADAPTIVE,defensive_reactive,0,0.5561354786384447,1.191322787004751,-2.2796522586734986
CA,test,S1_ADAPTIVE/scenario_uk_give_way_ego_init_50_smpc_var_risk,50,S1_ADAPTIVE,defensive_reactive,0,3.623994752664781,9.191326302751225,-0.9570690154412063
train_mean,test,S1_ADAPTIVE/scenario_uk_give_way_ego_init_50_smpc_var_risk,50,S1_ADAPTIVE,defensive_reactive,0,0.5601975703711034,0.6042108879046595,-2.134961134990267
CV,test,S1_ADAPTIVE/scenario_uk_give_way_ego_init_50_smpc_var_risk,50,S1_ADAPTIVE,defensive_reactive,0,0.9113274181562492,1.6909285822894973,-1.9952932617595032
CA,test,S1_ADAPTIVE/scenario_uk_give_way_ego_init_50_smpc_var_risk,50,S1_ADAPTIVE,defensive_reactive,0,1.5566971280131372,3.3672155723825608,-1.8569183850474196
train_mean,test,S1_ADAPTIVE/scenario_uk_give_way_ego_init_50_smpc_var_risk,50,S1_ADAPTIVE,defensive_reactive,0,0.3772527072885426,0.43985624789202454,-2.262222639165364
CV,test,S1_ADAPTIVE/scenario_uk_give_way_ego_init_50_smpc_var_risk,50,S1_ADAPTIVE,defensive_reactive,0,0.29548138246811234,0.466028343301595,-2.2977760303906747
CA,test,S1_ADAPTIVE/scenario_uk_give_way_ego_init_50_smpc_var_risk,50,S1_ADAPTIVE,defensive_reactive,0,2.2492693268787174,6.143709035606272,-1.9930609130274792
train_mean,test,S1_ADAPTIVE/scenario_uk_give_way_ego_init_50_smpc_var_risk,50,S1_ADAPTIVE,defensive_reactive,0,0.26602872588586185,0.3428130936522517,-2.325567864607295
CV,test,S1_ADAPTIVE/scenario_uk_give_way_ego_init_50_smpc_var_risk,50,S1_ADAPTIVE,defensive_reactive,0,0.33649805310119707,0.6552588671347422,-2.3576992376758503
CA,test,S1_ADAPTIVE/scenario_uk_give_way_ego_init_50_smpc_var_risk,50,S1_ADAPTIVE,defensive_reactive,0,2.469450072334802,6.199218887444385,-1.6990398122171855
train_mean,test,S1_ADAPTIVE/scenario_uk_give_way_ego_init_50_smpc_var_risk,50,S1_ADAPTIVE,defensive_reactive,0,0.286701248549856,0.3553141165551327,-2.321136093676073
CV,test,S1_ADAPTIVE/scenario_uk_give_way_ego_init_50_smpc_var_risk,50,S1_ADAPTIVE,defensive_reactive,0,0.3701342990928069,0.6398392865757476,-2.307575119835626
CA,test,S1_ADAPTIVE/scenario_uk_give_way_ego_init_50_smpc_var_risk,50,S1_ADAPTIVE,defensive_reactive,0,0.21512682993767682,0.23723568423265745,-2.4072954992528577
train_mean,test,S1_ADAPTIVE/scenario_uk_give_way_ego_init_50_smpc_var_risk,50,S1_ADAPTIVE,defensive_reactive,0,0.36610065170967265,0.4204230601412576,-2.2854000505219547
CV,test,S1_ADAPTIVE/scenario_uk_give_way_ego_init_50_smpc_var_risk,50,S1_ADAPTIVE,defensive_reactive,0,0.11667106702467148,0.24445968707270388,-2.3926004679453703
CA,test,S1_ADAPTIVE/scenario_uk_give_way_ego_init_50_smpc_var_risk,50,S1_ADAPTIVE,defensive_reactive,0,1.8444855183456852,4.756578988238669,-2.0954615510159083
train_mean,test,S1_ADAPTIVE/scenario_uk_give_way_ego_init_50_smpc_var_risk,50,S1_ADAPTIVE,defensive_reactive,0,0.38497885021237876,0.43854373667093455,-2.268907610562474
CV,test,S1_ADAPTIVE/scenario_uk_give_way_ego_init_50_smpc_var_risk,50,S1_ADAPTIVE,defensive_reactive,0,0.305663496479952,0.5539926356127304,-2.352712670877606
CA,test,S1_ADAPTIVE/scenario_uk_give_way_ego_init_50_smpc_var_risk,50,S1_ADAPTIVE,defensive_reactive,0,0.822544457182992,1.8965407742433669,-2.343645220427822
train_mean,test,S1_ADAPTIVE/scenario_uk_give_way_ego_init_50_smpc_var_risk,50,S1_ADAPTIVE,defensive_reactive,0,0.33431426249125884,0.3975174880007475,-2.2949070610083946
CV,test,S1_ADAPTIVE/scenario_uk_give_way_ego_init_50_smpc_var_risk,50,S1_ADAPTIVE,defensive_reactive,0,0.06335031135177997,0.08110818096037499,-2.3905125995922614
CA,test,S1_ADAPTIVE/scenario_uk_give_way_ego_init_50_smpc_var_risk,50,S1_ADAPTIVE,defensive_reactive,0,0.904026798284044,2.431099512952828,-2.396691290971634
train_mean,test,S1_ADAPTIVE/scenario_uk_give_way_ego_init_50_smpc_var_risk,50,S1_ADAPTIVE,defensive_reactive,0,0.3002853798514432,0.36796295622790687,-2.3139045574863313
CV,test,S1_ADAPTIVE/scenario_uk_give_way_ego_init_50_smpc_var_risk,50,S1_ADAPTIVE,defensive_reactive,0,0.1784184410568806,0.3377020327535351,-2.3884701640820296
CA,test,S1_ADAPTIVE/scenario_uk_give_way_ego_init_50_smpc_var_risk,50,S1_ADAPTIVE,defensive_reactive,0,0.9569363772619127,2.359826606523797,-2.3507487521693697
train_mean,test,S1_ADAPTIVE/scenario_uk_give_way_ego_init_50_smpc_var_risk,50,S1_ADAPTIVE,defensive_reactive,0,0.319620968189749,0.38235062286366817,-2.307172393217537
CV,test,S1_ADAPTIVE/scenario_uk_give_way_ego_init_50_smpc_var_risk,50,S1_ADAPTIVE,defensive_reactive,0,0.12164234076935698,0.20218377358499837,-2.389035209090395
CA,test,S1_ADAPTIVE/scenario_uk_give_way_ego_init_50_smpc_var_risk,50,S1_ADAPTIVE,defensive_reactive,0,0.2034169613450753,0.6119602067058348,-2.470192593856101
train_mean,test,S1_ADAPTIVE/scenario_uk_give_way_ego_init_50_smpc_var_risk,50,S1_ADAPTIVE,defensive_reactive,0,0.3524002958588121,0.4096600717355823,-2.290543191582743
CV,test,S1_ADAPTIVE/scenario_uk_give_way_ego_init_50_smpc_var_risk,50,S1_ADAPTIVE,defensive_reactive,0,0.08369149620198645,0.16847213398823255,-2.3991328011137876
CA,test,S1_ADAPTIVE/scenario_uk_give_way_ego_init_50_smpc_var_risk,50,S1_ADAPTIVE,defensive_reactive,0,0.7985755319927283,2.0277272492048466,-2.4007242018597745
train_mean,test,S1_ADAPTIVE/scenario_uk_give_way_ego_init_50_smpc_var_risk,50,S1_ADAPTIVE,defensive_reactive,0,0.3525132767841069,0.4108534127772674,-2.288148709739636
CV,test,S1_ADAPTIVE/scenario_uk_give_way_ego_init_50_smpc_var_risk,50,S1_ADAPTIVE,defensive_reactive,0,0.12475713923356602,0.22137338775200802,-2.3925884082345776
CA,test,S1_ADAPTIVE/scenario_uk_give_way_ego_init_50_smpc_var_risk,50,S1_ADAPTIVE,defensive_reactive,0,0.18983062040866244,0.39039569278713987,-2.465056425681165
train_mean,test,S1_ADAPTIVE/scenario_uk_give_way_ego_init_50_smpc_var_risk,50,S1_ADAPTIVE,defensive_reactive,0,0.32911047918647834,0.3917555581941025,-2.2998800911303467
CV,test,S1_ADAPTIVE/scenario_uk_give_way_ego_init_50_smpc_var_risk,50,S1_ADAPTIVE,defensive_reactive,0,0.007278224294101128,0.011771139922271924,-2.400654709783017
CA,test,S1_ADAPTIVE/scenario_uk_give_way_ego_init_50_smpc_var_risk,50,S1_ADAPTIVE,defensive_reactive,0,0.46465391206304724,1.2230994610867179,-2.4547898365705816
train_mean,test,S1_ADAPTIVE/scenario_uk_give_way_ego_init_50_smpc_var_risk,50,S1_ADAPTIVE,defensive_reactive,0,0.3189141363157388,0.38263515948518634,-2.3060990034166813
CV,test,S1_FIXED/scenario_uk_give_way_ego_init_46_smpc_fixed_risk,46,S1_FIXED,defensive_reactive,1,0.7580221740128379,0.7284668382020868,-1.711536039323868
CA,test,S1_FIXED/scenario_uk_give_way_ego_init_46_smpc_fixed_risk,46,S1_FIXED,defensive_reactive,1,2.528816975091631,8.72846976240902,-1.8991209900321047
train_mean,test,S1_FIXED/scenario_uk_give_way_ego_init_46_smpc_fixed_risk,46,S1_FIXED,defensive_reactive,1,3.3335198578885055,4.490633079483679,3.70676063164647
CV,test,S1_FIXED/scenario_uk_give_way_ego_init_46_smpc_fixed_risk,46,S1_FIXED,defensive_reactive,1,1.016746739588201,3.162481513423791,-1.900286201902302
CA,test,S1_FIXED/scenario_uk_give_way_ego_init_46_smpc_fixed_risk,46,S1_FIXED,defensive_reactive,1,3.745678588891632,11.162483294535853,-1.241965390952314
train_mean,test,S1_FIXED/scenario_uk_give_way_ego_init_46_smpc_fixed_risk,46,S1_FIXED,defensive_reactive,1,3.1041902039271085,3.8970394761213196,3.048402939064329
CV,test,S1_FIXED/scenario_uk_give_way_ego_init_46_smpc_fixed_risk,46,S1_FIXED,defensive_reactive,1,2.184370921611276,5.816837114854354,-0.9946443689208262
CA,test,S1_FIXED/scenario_uk_give_way_ego_init_46_smpc_fixed_risk,46,S1_FIXED,defensive_reactive,1,5.249894664112827,13.816836219127385,0.22101543764195303
train_mean,test,S1_FIXED/scenario_uk_give_way_ego_init_46_smpc_fixed_risk,46,S1_FIXED,defensive_reactive,1,2.6109435968614214,3.087688823095603,1.7195547862664564
CV,test,S1_FIXED/scenario_uk_give_way_ego_init_46_smpc_fixed_risk,46,S1_FIXED,defensive_reactive,1,3.1602453337714533,7.3070906170936505,0.7042947929677705
CA,test,S1_FIXED/scenario_uk_give_way_ego_init_46_smpc_fixed_risk,46,S1_FIXED,defensive_reactive,1,4.090100574055678,9.722298975109876,-0.4470387140505734
train_mean,test,S1_FIXED/scenario_uk_give_way_ego_init_46_smpc_fixed_risk,46,S1_FIXED,defensive_reactive,1,1.8862678798646542,2.080483353676691,-0.018527465940226383
CV,test,S1_FIXED/scenario_uk_give_way_ego_init_46_smpc_fixed_risk,46,S1_FIXED,defensive_reactive,0,3.121399108989067,6.799085904044495,0.8305013533727204
CA,test,S1_FIXED/scenario_uk_give_way_ego_init_46_smpc_fixed_risk,46,S1_FIXED,defensive_reactive,0,0.408561149752604,0.5152207731127509,-2.3909452725973876
train_mean,test,S1_FIXED/scenario_uk_give_way_ego_init_46_smpc_fixed_risk,46,S1_FIXED,defensive_reactive,0,1.1205461947057775,1.1256433276393885,-1.3821129025534644
CV,test,S1_FIXED/scenario_uk_give_way_ego_init_46_smpc_fixed_risk,46,S1_FIXED,defensive_reactive,0,3.0080381706737818,6.123870459831566,0.9043954419959419
CA,test,S1_FIXED/scenario_uk_give_way_ego_init_46_smpc_fixed_risk,46,S1_FIXED,defensive_reactive,0,0.5347134238968783,0.9116148344774198,-2.2624911613835295
train_mean,test,S1_FIXED/scenario_uk_give_way_ego_init_46_smpc_fixed_risk,46,S1_FIXED,defensive_reactive,0,0.4600157803250318,0.39380279563623133,-2.0697872924503065
CV,test,S1_FIXED/scenario_uk_give_way_ego_init_46_smpc_fixed_risk,46,S1_FIXED,defensive_reactive,0,2.243344046786471,4.225608165227567,0.08227318812364112
CA,test,S1_FIXED/scenario_uk_give_way_ego_init_46_smpc_fixed_risk,46,S1_FIXED,defensive_reactive,0,1.0948760961758768,3.77439461342511,-2.073169893109561
train_mean,test,S1_FIXED/scenario_uk_give_way_ego_init_46_smpc_fixed_risk,46,S1_FIXED,defensive_reactive,0,0.1741357699958376,0.2044415748166593,-2.3341431303013227
CV,test,S1_FIXED/scenario_uk_give_way_ego_init_46_smpc_fixed_risk,46,S1_FIXED,defensive_reactive,0,0.6331540082515039,1.0760611610650421,-2.0218005235700454
CA,test,S1_FIXED/scenario_uk_give_way_ego_init_46_smpc_fixed_risk,46,S1_FIXED,defensive_reactive,0,2.4564395518535203,6.923944553669653,-1.8875282666860749
train_mean,test,S1_FIXED/scenario_uk_give_way_ego_init_46_smpc_fixed_risk,46,S1_FIXED,defensive_reactive,0,0.4041311584885198,0.4475760955529623,-2.259468383565811
CV,test,S1_FIXED/scenario_uk_give_way_ego_init_46_smpc_fixed_risk,46,S1_FIXED,defensive_reactive,0,0.50876527035212,0.9721306619686632,-2.2958820943106915
CA,test,S1_FIXED/scenario_uk_give_way_ego_init_46_smpc_fixed_risk,46,S1_FIXED,defensive_reactive,0,3.588768918755921,8.972140461222095,-0.7223527146973848
train_mean,test,S1_FIXED/scenario_uk_give_way_ego_init_46_smpc_fixed_risk,46,S1_FIXED,defensive_reactive,0,0.3860088129299357,0.44264687918395884,-2.2595364860463145
CV,test,S1_FIXED/scenario_uk_give_way_ego_init_46_smpc_fixed_risk,46,S1_FIXED,defensive_reactive,0,0.39504380283286883,0.6683320250328163,-2.2787540336969605
CA,test,S1_FIXED/scenario_uk_give_way_ego_init_46_smpc_fixed_risk,46,S1_FIXED,defensive_reactive,0,0.40084868807041507,1.2618608141306067,-2.4244462123132955
train_mean,test,S1_FIXED/scenario_uk_give_way_ego_init_46_smpc_fixed_risk,46,S1_FIXED,defensive_reactive,0,0.2874088869506819,0.3604047604312733,-2.3159077194589885
CV,test,S1_FIXED/scenario_uk_give_way_ego_init_46_smpc_fixed_risk,46,S1_FIXED,defensive_reactive,0,0.18683762783436758,0.38172123897425114,-2.385228144101657
CA,test,S1_FIXED/scenario_uk_give_way_ego_init_46_smpc_fixed_risk,46,S1_FIXED,defensive_reactive,0,2.221842047493816,5.685086268786828,-1.9074446293503153
train_mean,test,S1_FIXED/scenario_uk_give_way_ego_init_46_smpc_fixed_risk,46,S1_FIXED,defensive_reactive,0,0.2791299912465993,0.34978962145019693,-2.3235937394301596
CV,test,S1_FIXED/scenario_uk_give_way_ego_init_46_smpc_fixed_risk,46,S1_FIXED,defensive_reactive,0,0.36982546612456,0.6600944993271316,-2.324804833091542
CA,test,S1_FIXED/scenario_uk_give_way_ego_init_46_smpc_fixed_risk,46,S1_FIXED,defensive_reactive,0,0.8041428869364724,1.7881920114418464,-2.3241976384830507
train_mean,test,S1_FIXED/scenario_uk_give_way_ego_init_46_smpc_fixed_risk,46,S1_FIXED,defensive_reactive,0,0.3448198704357661,0.4025474512256075,-2.2964430468738426
CV,test,S1_FIXED/scenario_uk_give_way_ego_init_46_smpc_fixed_risk,46,S1_FIXED,defensive_reactive,0,0.02240103454863051,0.012603346004190013,-2.390007825869172
CA,test,S1_FIXED/scenario_uk_give_way_ego_init_46_smpc_fixed_risk,46,S1_FIXED,defensive_reactive,0,1.337566266495402,3.534790620558734,-2.2932205676591275
train_mean,test,S1_FIXED/scenario_uk_give_way_ego_init_46_smpc_fixed_risk,46,S1_FIXED,defensive_reactive,0,0.38091384426756913,0.4342932988230172,-2.273180301248332
CV,test,S1_FIXED/scenario_uk_give_way_ego_init_46_smpc_fixed_risk,46,S1_FIXED,defensive_reactive,0,0.2620722836732743,0.4879015494298172,-2.370492175170464
CA,test,S1_FIXED/scenario_uk_give_way_ego_init_46_smpc_fixed_risk,46,S1_FIXED,defensive_reactive,0,1.126022690039952,2.7319286625485404,-2.285735493465176
train_mean,test,S1_FIXED/scenario_uk_give_way_ego_init_46_smpc_fixed_risk,46,S1_FIXED,defensive_reactive,0,0.3472044885342168,0.4077888675776087,-2.2886145187629365
CV,test,S1_FIXED/scenario_uk_give_way_ego_init_46_smpc_fixed_risk,46,S1_FIXED,defensive_reactive,0,0.12732461194459882,0.20491615082087683,-2.384623513821259
CA,test,S1_FIXED/scenario_uk_give_way_ego_init_46_smpc_fixed_risk,46,S1_FIXED,defensive_reactive,0,0.4852722670415428,1.3754848805638558,-2.453956788616358
train_mean,test,S1_FIXED/scenario_uk_give_way_ego_init_46_smpc_fixed_risk,46,S1_FIXED,defensive_reactive,0,0.30810841631323893,0.3746952196362346,-2.3098636344917347
CV,test,S1_FIXED/scenario_uk_give_way_ego_init_46_smpc_fixed_risk,46,S1_FIXED,defensive_reactive,0,0.11932446867001231,0.23472187507820105,-2.396347834998976
CA,test,S1_FIXED/scenario_uk_give_way_ego_init_46_smpc_fixed_risk,46,S1_FIXED,defensive_reactive,0,0.9584885767021332,2.4165009719081123,-2.3634417947904707
train_mean,test,S1_FIXED/scenario_uk_give_way_ego_init_46_smpc_fixed_risk,46,S1_FIXED,defensive_reactive,0,0.31394148465651467,0.3779797300565919,-2.309337257326957
CV,test,S1_FIXED/scenario_uk_give_way_ego_init_46_smpc_fixed_risk,46,S1_FIXED,defensive_reactive,0,0.14056769806965566,0.24480438672572116,-2.388952727985092
CA,test,S1_FIXED/scenario_uk_give_way_ego_init_46_smpc_fixed_risk,46,S1_FIXED,defensive_reactive,0,0.11267656394274654,0.17236170432978223,-2.4665282115954734
train_mean,test,S1_FIXED/scenario_uk_give_way_ego_init_46_smpc_fixed_risk,46,S1_FIXED,defensive_reactive,0,0.34397510072187304,0.4025524478190725,-2.295147631159853
CV,test,S1_FIXED/scenario_uk_give_way_ego_init_46_smpc_fixed_risk,46,S1_FIXED,defensive_reactive,0,0.034693210703898046,0.0738272666025965,-2.4006197797250555
CA,test,S1_FIXED/scenario_uk_give_way_ego_init_46_smpc_fixed_risk,46,S1_FIXED,defensive_reactive,0,0.6596761216866017,1.708549043418623,-2.429289708129786
train_mean,test,S1_FIXED/scenario_uk_give_way_ego_init_46_smpc_fixed_risk,46,S1_FIXED,defensive_reactive,0,0.3529183771515421,0.410864077525734,-2.288588257473533
CV,test,S1_FIXED/scenario_uk_give_way_ego_init_47_smpc_fixed_risk,47,S1_FIXED,defensive_reactive,0,1.930094643124757,3.706742859811446,-0.889935467059958
CA,test,S1_FIXED/scenario_uk_give_way_ego_init_47_smpc_fixed_risk,47,S1_FIXED,defensive_reactive,0,2.2681960616697734,4.584929386250788,-1.3653455551948208
train_mean,test,S1_FIXED/scenario_uk_give_way_ego_init_47_smpc_fixed_risk,47,S1_FIXED,defensive_reactive,0,0.2250076874824023,0.2670545482166456,-2.3124438809089543
CV,test,S1_FIXED/scenario_uk_give_way_ego_init_47_smpc_fixed_risk,47,S1_FIXED,defensive_reactive,0,1.8628794872425491,3.2494752731976546,0.07852548006928997
CA,test,S1_FIXED/scenario_uk_give_way_ego_init_47_smpc_fixed_risk,47,S1_FIXED,defensive_reactive,0,0.5311050322002961,0.5438406024933108,-1.1599582479662305
train_mean,test,S1_FIXED/scenario_uk_give_way_ego_init_47_smpc_fixed_risk,47,S1_FIXED,defensive_reactive,0,0.5049395812469102,0.568415960250049,-2.2082217261270705
CV,test,S1_FIXED/scenario_uk_give_way_ego_init_47_smpc_fixed_risk,47,S1_FIXED,defensive_reactive,0,0.556141186601317,1.191331371984684,-2.2796493564432287
CA,test,S1_FIXED/scenario_uk_give_way_ego_init_47_smpc_fixed_risk,47,S1_FIXED,defensive_reactive,0,3.6240024806820292,9.191334896495386,-0.956982630859075
train_mean,test,S1_FIXED/scenario_uk_give_way_ego_init_47_smpc_fixed_risk,47,S1_FIXED,defensive_reactive,0,0.5601909061583629,0.6042042556496335,-2.1349561224087936
CV,test,S1_FIXED/scenario_uk_give_way_ego_init_47_smpc_fixed_risk,47,S1_FIXED,defensive_reactive,0,0.911265430903114,1.6908122380318935,-1.9953504429946496
CA,test,S1_FIXED/scenario_uk_give_way_ego_init_47_smpc_fixed_risk,47,S1_FIXED,defensive_reactive,0,1.5564038864651677,3.3664985858575682,-1.856466099588646
train_mean,test,S1_FIXED/scenario_uk_give_way_ego_init_47_smpc_fixed_risk,47,S1_FIXED,defensive_reactive,0,0.3772496525295649,0.43985436901596625,-2.262239594383822
CV,test,S1_FIXED/scenario_uk_give_way_ego_init_47_smpc_fixed_risk,47,S1_FIXED,defensive_reactive,0,0.2954865342072366,0.46603407054864,-2.297771719193944
CA,test,S1_FIXED/scenario_uk_give_way_ego_init_47_smpc_fixed_risk,47,S1_FIXED,defensive_reactive,0,2.2490219521698736,6.14307389142764,-1.9931683817282546
train_mean,test,S1_FIXED/scenario_uk_give_way_ego_init_47_smpc_fixed_risk,47,S1_FIXED,defensive_reactive,0,0.26602777340372696,0.3428150070921628,-2.325568275657725
CV,test,S1_FIXED/scenario_uk_give_way_ego_init_47_smpc_fixed_risk,47,S1_FIXED,defensive_reactive,0,0.336499741305269,0.6552650660643389,-2.3576989358197515
CA,test,S1_FIXED/scenario_uk_give_way_ego_init_47_smpc_fixed_risk,47,S1_FIXED,defensive_reactive,0,2.4694734874726407,6.19928231400168,-1.6989898004656738
train_mean,test,S1_FIXED/scenario_uk_give_way_ego_init_47_smpc_fixed_risk,47,S1_FIXED,defensive_reactive,0,0.286700535309087,0.3553165095885364,-2.321135386976759
CV,test,S1_FIXED/scenario_uk_give_way_ego_init_47_smpc_fixed_risk,47,S1_FIXED,defensive_reactive,0,0.37014097452173733,0.6398512072010649,-2.307574149054383
CA,test,S1_FIXED/scenario_uk_give_way_ego_init_47_smpc_fixed_risk,47,S1_FIXED,defensive_reactive,0,0.21514451917438354,0.23727621397622614,-2.4072971542677166
train_mean,test,S1_FIXED/scenario_uk_give_way_ego_init_47_smpc_fixed_risk,47,S1_FIXED,defensive_reactive,0,0.3661020576678998,0.42042536235510203,-2.2854170604660395
CV,test,S1_FIXED/scenario_uk_give_way_ego_init_47_smpc_fixed_risk,47,S1_FIXED,defensive_reactive,0,0.11666806218476836,0.24445539606613684,-2.392600192865328
CA,test,S1_FIXED/scenario_uk_give_way_ego_init_47_smpc_fixed_risk,47,S1_FIXED,defensive_reactive,0,1.8445001097077185,4.756622380472638,-2.0954554563648857
train_mean,test,S1_FIXED/scenario_uk_give_way_ego_init_47_smpc_fixed_risk,47,S1_FIXED,defensive_reactive,0,0.3849826192649446,0.43854803918171403,-2.268904896455608
CV,test,S1_FIXED/scenario_uk_give_way_ego_init_47_smpc_fixed_risk,47,S1_FIXED,defensive_reactive,0,0.3056654517056289,0.5539964504649715,-2.3527116729967927
CA,test,S1_FIXED/scenario_uk_give_way_ego_init_47_smpc_fixed_risk,47,S1_FIXED,defensive_reactive,0,0.82256109904556,1.8965827354592266,-2.3436387266926397
train_mean,test,S1_FIXED/scenario_uk_give_way_ego_init_47_smpc_fixed_risk,47,S1_FIXED,defensive_reactive,0,0.3343165051770101,0.39752130891492227,-2.2949058003059117
CV,test,S1_FIXED/scenario_uk_give_way_ego_init_47_smpc_fixed_risk,47,S1_FIXED,defensive_reactive,0,0.06335284516660283,0.08111300835570064,-2.390512540529143
CA,test,S1_FIXED/scenario_uk_give_way_ego_init_47_smpc_fixed_risk,47,S1_FIXED,defensive_reactive,0,0.9040204225312152,2.4310851482542057,-2.3966921025121475
train_mean,test,S1_FIXED/scenario_uk_give_way_ego_init_47_smpc_fixed_risk,47,S1_FIXED,defensive_reactive,0,0.3002880943551273,0.3679676754798007,-2.3139027136089574
CV,test,S1_FIXED/scenario_uk_give_way_ego_init_47_smpc_fixed_risk,47,S1_FIXED,defensive_reactive,0,0.17842375194448232,0.3377127617359091,-2.388469427429923
CA,test,S1_FIXED/scenario_uk_give_way_ego_init_47_smpc_fixed_risk,47,S1_FIXED,defensive_reactive,0,0.9569747328368082,2.3599231663414417,-2.350738886582432
train_mean,test,S1_FIXED/scenario_uk_give_way_ego_init_47_smpc_fixed_risk,47,S1_FIXED,defensive_reactive,0,0.3196220865374231,0.38235373644210446,-2.3071704042772767
CV,test,S1_FIXED/scenario_uk_give_way_ego_init_47_smpc_fixed_risk,47,S1_FIXED,defensive_reactive,0,0.12164686526580729,0.2021911658647439,-2.3890343886529544
CA,test,S1_FIXED/scenario_uk_give_way_ego_init_47_smpc_fixed_risk,47,S1_FIXED,defensive_reactive,0,0.20342046866906313,0.6119718922458727,-2.47018948080047
train_mean,test,S1_FIXED/scenario_uk_give_way_ego_init_47_smpc_fixed_risk,47,S1_FIXED,defensive_reactive,0,0.3524026957274715,0.4096635554794112,-2.2905583665646385
CV,test,S1_FIXED/scenario_uk_give_way_ego_init_47_smpc_fixed_risk,47,S1_FIXED,defensive_reactive,0,0.0836900337380294,0.16847165754745466,-2.399132786401726
CA,test,S1_FIXED/scenario_uk_give_way_ego_init_47_smpc_fixed_risk,47,S1_FIXED,defensive_reactive,0,0.7985849316674392,2.027755382951478,-2.4007231262161115
train_mean,test,S1_FIXED/scenario_uk_give_way_ego_init_47_smpc_fixed_risk,47,S1_FIXED,defensive_reactive,0,0.35251594478900283,0.41085580969951757,-2.2881453614589624
CV,test,S1_FIXED/scenario_uk_give_way_ego_init_47_smpc_fixed_risk,47,S1_FIXED,defensive_reactive,0,0.12475843240827231,0.22137767912685516,-2.3925887686173604
CA,test,S1_FIXED/scenario_uk_give_way_ego_init_47_smpc_fixed_risk,47,S1_FIXED,defensive_reactive,0,0.18983925593923584,0.39041905654964837,-2.465058078782312
train_mean,test,S1_FIXED/scenario_uk_give_way_ego_init_47_smpc_fixed_risk,47,S1_FIXED,defensive_reactive,0,0.32911233615584234,0.39175699993264196,-2.2998775336468613
CV,test,S1_FIXED/scenario_uk_give_way_ego_init_47_smpc_fixed_risk,47,S1_FIXED,defensive_reactive,0,0.0072779794710769435,0.0117682780595921,-2.4006548221438413
CA,test,S1_FIXED/scenario_uk_give_way_ego_init_47_smpc_fixed_risk,47,S1_FIXED,defensive_reactive,0,0.4646600571664874,1.223115673458258,-2.454789308242936
train_mean,test,S1_FIXED/scenario_uk_give_way_ego_init_47_smpc_fixed_risk,47,S1_FIXED,defensive_reactive,0,0.31891399115408986,0.38263421822304167,-2.3060968762771363
CV,test,S1_FIXED/scenario_uk_give_way_ego_init_48_smpc_fixed_risk,48,S1_FIXED,defensive_reactive,1,0.9700229778007096,2.955811176448848,-1.8720855806592938
CA,test,S1_FIXED/scenario_uk_give_way_ego_init_48_smpc_fixed_risk,48,S1_FIXED,defensive_reactive,1,3.649667882798461,10.955820961395213,-1.212614917678282
train_mean,test,S1_FIXED/scenario_uk_give_way_ego_init_48_smpc_fixed_risk,48,S1_FIXED,defensive_reactive,1,3.0424905626939496,3.800560325053726,2.838092624733752
CV,test,S1_FIXED/scenario_uk_give_way_ego_init_48_smpc_fixed_risk,48,S1_FIXED,defensive_reactive,1,2.1701839450227616,5.763386349439864,-1.001025624931688
CA,test,S1_FIXED/scenario_uk_give_way_ego_init_48_smpc_fixed_risk,48,S1_FIXED,defensive_reactive,1,5.228453534369106,13.763384681371416,0.1719996665626901
train_mean,test,S1_FIXED/scenario_uk_give_way_ego_init_48_smpc_fixed_risk,48,S1_FIXED,defensive_reactive,1,2.565993013540802,3.0204285434801625,1.6042545122247602
CV,test,S1_FIXED/scenario_uk_give_way_ego_init_48_smpc_fixed_risk,48,S1_FIXED,defensive_reactive,0,3.2703887545243986,7.475843780652801,0.9650627098964492
CA,test,S1_FIXED/scenario_uk_give_way_ego_init_48_smpc_fixed_risk,48,S1_FIXED,defensive_reactive,0,4.6345406837063035,11.019095357476086,0.19540967324362768
train_mean,test,S1_FIXED/scenario_uk_give_way_ego_init_48_smpc_fixed_risk,48,S1_FIXED,defensive_reactive,0,1.833817530134954,2.016627183307716,-0.12289450845915643
CV,test,S1_FIXED/scenario_uk_give_way_ego_init_48_smpc_fixed_risk,48,S1_FIXED,defensive_reactive,0,3.0898427533470434,6.703025970509163,0.772652579699973
CA,test,S1_FIXED/scenario_uk_give_way_ego_init_48_smpc_fixed_risk,48,S1_FIXED,defensive_reactive,0,0.42391458935341325,1.2969844896152174,-2.420737805130025
train_mean,test,S1_FIXED/scenario_uk_give_way_ego_init_48_smpc_fixed_risk,48,S1_FIXED,defensive_reactive,0,1.0638246985840552,1.061201601862917,-1.4590563956053262
CV,test,S1_FIXED/scenario_uk_give_way_ego_init_48_smpc_fixed_risk,48,S1_FIXED,defensive_reactive,0,3.140870767837407,6.3288885711172655,1.324632575784829
CA,test,S1_FIXED/scenario_uk_give_way_ego_init_48_smpc_fixed_risk,48,S1_FIXED,defensive_reactive,0,1.0232824505536042,0.8286614660289836,-1.9515190174933104
train_mean,test,S1_FIXED/scenario_uk_give_way_ego_init_48_smpc_fixed_risk,48,S1_FIXED,defensive_reactive,0,0.40778766807137873,0.3353555755884591,-2.1098043890950526
CV,test,S1_FIXED/scenario_uk_give_way_ego_init_48_smpc_fixed_risk,48,S1_FIXED,defensive_reactive,0,2.082853749173469,3.9092371966101402,-0.22743175489131592
CA,test,S1_FIXED/scenario_uk_give_way_ego_init_48_smpc_fixed_risk,48,S1_FIXED,defensive_reactive,0,1.2073545914543058,4.09076710097711,-2.1158168357455276
train_mean,test,S1_FIXED/scenario_uk_give_way_ego_init_48_smpc_fixed_risk,48,S1_FIXED,defensive_reactive,0,0.20041274764804928,0.23918250602274893,-2.3317043063139566
CV,test,S1_FIXED/scenario_uk_give_way_ego_init_48_smpc_fixed_risk,48,S1_FIXED,defensive_reactive,0,0.5165433704531994,0.8559866173206315,-2.124165104074931
CA,test,S1_FIXED/scenario_uk_give_way_ego_init_48_smpc_fixed_risk,48,S1_FIXED,defensive_reactive,0,2.5691979975053627,7.144022683491167,-1.847955401638219
train_mean,test,S1_FIXED/scenario_uk_give_way_ego_init_48_smpc_fixed_risk,48,S1_FIXED,defensive_reactive,0,0.41057367746898166,0.45123735295300216,-2.255725652122955
CV,test,S1_FIXED/scenario_uk_give_way_ego_init_48_smpc_fixed_risk,48,S1_FIXED,defensive_reactive,0,0.4543365534722296,0.8772390937103394,-2.317985950809476
CA,test,S1_FIXED/scenario_uk_give_way_ego_init_48_smpc_fixed_risk,48,S1_FIXED,defensive_reactive,0,3.5341648198619753,8.877234315808956,-0.8942737500127811
train_mean,test,S1_FIXED/scenario_uk_give_way_ego_init_48_smpc_fixed_risk,48,S1_FIXED,defensive_reactive,0,0.38622032502786613,0.4386482115772679,-2.2571743360895837
CV,test,S1_FIXED/scenario_uk_give_way_ego_init_48_smpc_fixed_risk,48,S1_FIXED,defensive_reactive,0,0.4145820641785168,0.7077343133156052,-2.2748966392275465
CA,test,S1_FIXED/scenario_uk_give_way_ego_init_48_smpc_fixed_risk,48,S1_FIXED,defensive_reactive,0,0.17021221320451335,0.5278780131888757,-2.410827354079834
train_mean,test,S1_FIXED/scenario_uk_give_way_ego_init_48_smpc_fixed_risk,48,S1_FIXED,defensive_reactive,0,0.2898908180068195,0.3610344213473383,-2.3101210292301855
CV,test,S1_FIXED/scenario_uk_give_way_ego_init_48_smpc_fixed_risk,48,S1_FIXED,defensive_reactive,0,0.15691701606427788,0.3249201099916859,-2.386778484661236
CA,test,S1_FIXED/scenario_uk_give_way_ego_init_48_smpc_fixed_risk,48,S1_FIXED,defensive_reactive,0,2.1628621221519246,5.561891002173644,-1.9489050996836224
train_mean,test,S1_FIXED/scenario_uk_give_way_ego_init_48_smpc_fixed_risk,48,S1_FIXED,defensive_reactive,0,0.2750286933629319,0.346280983249419,-2.32218319506875
CV,test,S1_FIXED/scenario_uk_give_way_ego_init_48_smpc_fixed_risk,48,S1_FIXED,defensive_reactive,0,0.3788571031483946,0.682084093455009,-2.3234032011769257
CA,test,S1_FIXED/scenario_uk_give_way_ego_init_48_smpc_fixed_risk,48,S1_FIXED,defensive_reactive,0,0.9716407290070468,2.221780940586966,-2.281539704166744
train_mean,test,S1_FIXED/scenario_uk_give_way_ego_init_48_smpc_fixed_risk,48,S1_FIXED,defensive_reactive,0,0.3378904624147624,0.39550674416532805,-2.298693542333393
CV,test,S1_FIXED/scenario_uk_give_way_ego_init_48_smpc_fixed_risk,48,S1_FIXED,defensive_reactive,0,0.06095968053661984,0.06349104767634249,-2.383097466549566
CA,test,S1_FIXED/scenario_uk_give_way_ego_init_48_smpc_fixed_risk,48,S1_FIXED,defensive_reactive,0,1.1969161323864066,3.203418156250615,-2.3331258186954553
train_mean,test,S1_FIXED/scenario_uk_give_way_ego_init_48_smpc_fixed_risk,48,S1_FIXED,defensive_reactive,0,0.379321373133802,0.4301986428833962,-2.2730322713723834
CV,test,S1_FIXED/scenario_uk_give_way_ego_init_48_smpc_fixed_risk,48,S1_FIXED,defensive_reactive,0,0.250734157602284,0.4727209647579063,-2.373482003718403
CA,test,S1_FIXED/scenario_uk_give_way_ego_init_48_smpc_fixed_risk,48,S1_FIXED,defensive_reactive,0,1.2393531786826038,3.0405616441327328,-2.2620843777523243
train_mean,test,S1_FIXED/scenario_uk_give_way_ego_init_48_smpc_fixed_risk,48,S1_FIXED,defensive_reactive,0,0.35011869689253755,0.40765111124530323,-2.283734800578544
CV,test,S1_FIXED/scenario_uk_give_way_ego_init_48_smpc_fixed_risk,48,S1_FIXED,defensive_reactive,0,0.15174948723609377,0.2507499031658431,-2.3805099773972316
CA,test,S1_FIXED/scenario_uk_give_way_ego_init_48_smpc_fixed_risk,48,S1_FIXED,defensive_reactive,0,0.34988086820283293,1.0309423632615051,-2.46295356174209
train_mean,test,S1_FIXED/scenario_uk_give_way_ego_init_48_smpc_fixed_risk,48,S1_FIXED,defensive_reactive,0,0.3081195425181494,0.37328996620635824,-2.306010535411798
CV,test,S1_FIXED/scenario_uk_give_way_ego_init_48_smpc_fixed_risk,48,S1_FIXED,defensive_reactive,0,0.1040897524212252,0.2098323887263589,-2.396476571860045
CA,test,S1_FIXED/scenario_uk_give_way_ego_init_48_smpc_fixed_risk,48,S1_FIXED,defensive_reactive,0,0.9900588067463303,2.5145494238869914,-2.3597588266026763
train_mean,test,S1_FIXED/scenario_uk_give_way_ego_init_48_smpc_fixed_risk,48,S1_FIXED,defensive_reactive,0,0.3090797628600269,0.37289417572261807,-2.3087481714727156
CV,test,S1_FIXED/scenario_uk_give_way_ego_init_48_smpc_fixed_risk,48,S1_FIXED,defensive_reactive,0,0.15882354110046668,0.2809732665626029,-2.3853219124780267
CA,test,S1_FIXED/scenario_uk_give_way_ego_init_48_smpc_fixed_risk,48,S1_FIXED,defensive_reactive,0,0.24971120774971506,0.5170427216294194,-2.4554599424921055
train_mean,test,S1_FIXED/scenario_uk_give_way_ego_init_48_smpc_fixed_risk,48,S1_FIXED,defensive_reactive,0,0.3391926608988654,0.3968201822377122,-2.295746287684279
CV,test,S1_FIXED/scenario_uk_give_way_ego_init_48_smpc_fixed_risk,48,S1_FIXED,defensive_reactive,0,0.01369489830133431,0.027143218547396913,-2.398464628263349
CA,test,S1_FIXED/scenario_uk_give_way_ego_init_48_smpc_fixed_risk,48,S1_FIXED,defensive_reactive,0,0.617986033393382,1.6229424591501846,-2.4369099323879846
train_mean,test,S1_FIXED/scenario_uk_give_way_ego_init_48_smpc_fixed_risk,48,S1_FIXED,defensive_reactive,0,0.35239751870998687,0.4080938315851416,-2.2867734143004794
CV,test,S1_FIXED/scenario_uk_give_way_ego_init_48_smpc_fixed_risk,48,S1_FIXED,defensive_reactive,0,0.11571162900052032,0.21422287757369754,-2.3943954572791633
CA,test,S1_FIXED/scenario_uk_give_way_ego_init_48_smpc_fixed_risk,48,S1_FIXED,defensive_reactive,0,0.4519707395068696,1.0876204398545968,-2.4460358865913143
train_mean,test,S1_FIXED/scenario_uk_give_way_ego_init_48_smpc_fixed_risk,48,S1_FIXED,defensive_reactive,0,0.3363028567159339,0.39553847573176504,-2.293242045387219
CV,test,S1_FIXED/scenario_uk_give_way_ego_init_49_smpc_fixed_risk,49,S1_FIXED,defensive_reactive,1,0.6113861524488051,1.0507999871338511,-1.9876902329319648
CA,test,S1_FIXED/scenario_uk_give_way_ego_init_49_smpc_fixed_risk,49,S1_FIXED,defensive_reactive,1,1.4360915959335177,4.860999294202439,-2.2014588491012135
train_mean,test,S1_FIXED/scenario_uk_give_way_ego_init_49_smpc_fixed_risk,49,S1_FIXED,defensive_reactive,1,2.318896937807212,2.97537698046159,0.5863527559086854
CV,test,S1_FIXED/scenario_uk_give_way_ego_init_49_smpc_fixed_risk,49,S1_FIXED,defensive_reactive,1,1.0323561924040128,2.904595536750068,-1.920518441543522
CA,test,S1_FIXED/scenario_uk_give_way_ego_init_49_smpc_fixed_risk,49,S1_FIXED,defensive_reactive,1,3.42099433909423,9.804697599980582,-1.4121577339654767
train_mean,test,S1_FIXED/scenario_uk_give_way_ego_init_49_smpc_fixed_risk,49,S1_FIXED,defensive_reactive,1,2.1003464724792176,2.5016073259869813,0.21193008799932195
CV,test,S1_FIXED/scenario_uk_give_way_ego_init_49_smpc_fixed_risk,49,S1_FIXED,defensive_reactive,0,2.1462600778210925,5.274569481043485,-0.9947725697611979
CA,test,S1_FIXED/scenario_uk_give_way_ego_init_49_smpc_fixed_risk,49,S1_FIXED,defensive_reactive,0,5.201431986709694,13.274568777221228,0.39705885984949274
train_mean,test,S1_FIXED/scenario_uk_give_way_ego_init_49_smpc_fixed_risk,49,S1_FIXED,defensive_reactive,0,1.6528394262382438,1.7998525282323325,-0.5215857304380294
CV,test,S1_FIXED/scenario_uk_give_way_ego_init_49_smpc_fixed_risk,49,S1_FIXED,defensive_reactive,0,3.0661096533360506,6.631180787216385,0.6919094567946672
CA,test,S1_FIXED/scenario_uk_give_way_ego_init_49_smpc_fixed_risk,49,S1_FIXED,defensive_reactive,0,4.079536174230189,9.263458859880696,-0.28756616125877826
train_mean,test,S1_FIXED/scenario_uk_give_way_ego_init_49_smpc_fixed_risk,49,S1_FIXED,defensive_reactive,0,0.997705883980484,0.9696777413457642,-1.4994552485094403
CV,test,S1_FIXED/scenario_uk_give_way_ego_init_49_smpc_fixed_risk,49,S1_FIXED,defensive_reactive,0,3.6475291269161447,7.149157592764914,3.2915282591786523
CA,test,S1_FIXED/scenario_uk_give_way_ego_init_49_smpc_fixed_risk,49,S1_FIXED,defensive_reactive,0,3.1526948986455468,5.863874540060213,0.5072038080665051
train_mean,test,S1_FIXED/scenario_uk_give_way_ego_init_49_smpc_fixed_risk,49,S1_FIXED,defensive_reactive,0,0.2749338279513052,0.1947479561519433,-2.2013957167149916
CV,test,S1_FIXED/scenario_uk_give_way_ego_init_49_smpc_fixed_risk,49,S1_FIXED,defensive_reactive,0,1.7172082169584495,3.1906276831944638,-0.8815827210295384
CA,test,S1_FIXED/scenario_uk_give_way_ego_init_49_smpc_fixed_risk,49,S1_FIXED,defensive_reactive,0,1.4668914783268767,4.80937453881981,-2.1875980373213513
train_mean,test,S1_FIXED/scenario_uk_give_way_ego_init_49_smpc_fixed_risk,49,S1_FIXED,defensive_reactive,0,0.2568925405468224,0.30706852323282163,-2.3243600878673756
CV,test,S1_FIXED/scenario_uk_give_way_ego_init_49_smpc_fixed_risk,49,S1_FIXED,defensive_reactive,0,0.4027569062819105,0.6382712843967403,-2.1980553598174613
CA,test,S1_FIXED/scenario_uk_give_way_ego_init_49_smpc_fixed_risk,49,S1_FIXED,defensive_reactive,0,2.680634376994356,7.361733955121881,-1.772702951588538
train_mean,test,S1_FIXED/scenario_uk_give_way_ego_init_49_smpc_fixed_risk,49,S1_FIXED,defensive_reactive,0,0.4271334401173026,0.4705080179187054,-2.2474926290263566
CV,test,S1_FIXED/scenario_uk_give_way_ego_init_49_smpc_fixed_risk,49,S1_FIXED,defensive_reactive,0,0.5340084774324043,1.0232047150937043,-2.2858154586359185
CA,test,S1_FIXED/scenario_uk_give_way_ego_init_49_smpc_fixed_risk,49,S1_FIXED,defensive_reactive,0,3.614009671188748,9.02320803121028,-0.7519727234417569
train_mean,test,S1_FIXED/scenario_uk_give_way_ego_init_49_smpc_fixed_risk,49,S1_FIXED,defensive_reactive,0,0.3917537480087251,0.4479128359589831,-2.2562459982456367
CV,test,S1_FIXED/scenario_uk_give_way_ego_init_49_smpc_fixed_risk,49,S1_FIXED,defensive_reactive,0,0.41637616993278687,0.70770484854217,-2.2685637259682836
CA,test,S1_FIXED/scenario_uk_give_way_ego_init_49_smpc_fixed_risk,49,S1_FIXED,defensive_reactive,0,0.4129750691674863,1.3027431366784203,-2.4163507478906237
train_mean,test,S1_FIXED/scenario_uk_give_way_ego_init_49_smpc_fixed_risk,49,S1_FIXED,defensive_reactive,0,0.2882379722795853,0.3613253045079552,-2.315316538368408
CV,test,S1_FIXED/scenario_uk_give_way_ego_init_49_smpc_fixed_risk,49,S1_FIXED,defensive_reactive,0,0.1809580046770362,0.3706407520447739,-2.3852846488863806
CA,test,S1_FIXED/scenario_uk_give_way_ego_init_49_smpc_fixed_risk,49,S1_FIXED,defensive_reactive,0,2.2737526974,5.827625010629985,-1.882548140794168
train_mean,test,S1_FIXED/scenario_uk_give_way_ego_init_49_smpc_fixed_risk,49,S1_FIXED,defensive_reactive,0,0.27716106140397334,0.34827961878039493,-2.3242785814647258
CV,test,S1_FIXED/scenario_uk_give_way_ego_init_49_smpc_fixed_risk,49,S1_FIXED,defensive_reactive,0,0.3804588176877267,0.6806568659062386,-2.3214566620803163
CA,test,S1_FIXED/scenario_uk_give_way_ego_init_49_smpc_fixed_risk,49,S1_FIXED,defensive_reactive,0,0.8748299543626386,1.9647380475565939,-2.3044321072897342
train_mean,test,S1_FIXED/scenario_uk_give_way_ego_init_49_smpc_fixed_risk,49,S1_FIXED,defensive_reactive,0,0.34355831694240885,0.4014828036776516,-2.2971175669493236
CV,test,S1_FIXED/scenario_uk_give_way_ego_init_49_smpc_fixed_risk,49,S1_FIXED,defensive_reactive,0,0.0288267745266031,0.005132393939773802,-2.388439391000717
CA,test,S1_FIXED/scenario_uk_give_way_ego_init_49_smpc_fixed_risk,49,S1_FIXED,defensive_reactive,0,1.3364795230618798,3.5411295567202177,-2.2948582062177687
train_mean,test,S1_FIXED/scenario_uk_give_way_ego_init_49_smpc_fixed_risk,49,S1_FIXED,defensive_reactive,0,0.3820072832910968,0.43517928974639686,-2.272669572853672
CV,test,S1_FIXED/scenario_uk_give_way_ego_init_49_smpc_fixed_risk,49,S1_FIXED,defensive_reactive,0,0.26610366955149345,0.49659303430081325,-2.3698783782122606
CA,test,S1_FIXED/scenario_uk_give_way_ego_init_49_smpc_fixed_risk,49,S1_FIXED,defensive_reactive,0,1.181505087698449,2.8742591387149643,-2.2693447084731444
train_mean,test,S1_FIXED/scenario_uk_give_way_ego_init_49_smpc_fixed_risk,49,S1_FIXED,defensive_reactive,0,0.34862376085328,0.40900765812167217,-2.287776484532548
CV,test,S1_FIXED/scenario_uk_give_way_ego_init_49_smpc_fixed_risk,49,S1_FIXED,defensive_reactive,0,0.13569942009297936,0.21999761918150273,-2.383072596600255
CA,test,S1_FIXED/scenario_uk_give_way_ego_init_49_smpc_fixed_risk,49,S1_FIXED,defensive_reactive,0,0.4679180069160244,1.3345589350435385,-2.4551420739927385
train_mean,test,S1_FIXED/scenario_uk_give_way_ego_init_49_smpc_fixed_risk,49,S1_FIXED,defensive_reactive,0,0.30802715568090416,0.37469289667412287,-2.3098139884497506
CV,test,S1_FIXED/scenario_uk_give_way_ego_init_49_smpc_fixed_risk,49,S1_FIXED,defensive_reactive,0,0.11822326451151836,0.23344492269575293,-2.396438215037421
CA,test,S1_FIXED/scenario_uk_give_way_ego_init_49_smpc_fixed_risk,49,S1_FIXED,defensive_reactive,0,0.9853096500976843,2.4881137480948707,-2.357875009486486
train_mean,test,S1_FIXED/scenario_uk_give_way_ego_init_49_smpc_fixed_risk,49,S1_FIXED,defensive_reactive,0,0.31297565492006507,0.37720391670130354,-2.309761730380262
CV,test,S1_FIXED/scenario_uk_give_way_ego_init_49_smpc_fixed_risk,49,S1_FIXED,defensive_reactive,0,0.14603229806604834,0.25506121037916035,-2.3881709177180337
CA,test,S1_FIXED/scenario_uk_give_way_ego_init_49_smpc_fixed_risk,49,S1_FIXED,defensive_reactive,0,0.13944007979999298,0.23793971386052956,-2.4647121271931764
train_mean,test,S1_FIXED/scenario_uk_give_way_ego_init_49_smpc_fixed_risk,49,S1_FIXED,defensive_reactive,0,0.3436298716171305,0.4022460141508845,-2.29535766695031
CV,test,S1_FIXED/scenario_uk_give_way_ego_init_49_smpc_fixed_risk,49,S1_FIXED,defensive_reactive,0,0.03192767196489935,0.06852676433326785,-2.400539647841582
CA,test,S1_FIXED/scenario_uk_give_way_ego_init_49_smpc_fixed_risk,49,S1_FIXED,defensive_reactive,0,0.6674643553069174,1.7318780097779332,-2.4284966123972795
train_mean,test,S1_FIXED/scenario_uk_give_way_ego_init_49_smpc_fixed_risk,49,S1_FIXED,defensive_reactive,0,0.35349192195738827,0.41132722311047537,-2.2883092124120035
CV,test,S1_FIXED/scenario_uk_give_way_ego_init_50_smpc_fixed_risk,50,S1_FIXED,defensive_reactive,0,1.9301005919065184,3.706749511229802,-0.8899906699584843
CA,test,S1_FIXED/scenario_uk_give_way_ego_init_50_smpc_fixed_risk,50,S1_FIXED,defensive_reactive,0,2.2682074939242214,4.584950280832635,-1.3659418922546274
train_mean,test,S1_FIXED/scenario_uk_give_way_ego_init_50_smpc_fixed_risk,50,S1_FIXED,defensive_reactive,0,0.2250118072391364,0.26705756752228765,-2.3125651575756203
CV,test,S1_FIXED/scenario_uk_give_way_ego_init_50_smpc_fixed_risk,50,S1_FIXED,defensive_reactive,0,1.862884334308119,3.2494800110436306,0.07844756292145387
CA,test,S1_FIXED/scenario_uk_give_way_ego_init_50_smpc_fixed_risk,50,S1_FIXED,defensive_reactive,0,0.5311077230209781,0.5438499960598769,-1.1601439181993123
train_mean,test,S1_FIXED/scenario_uk_give_way_ego_init_50_smpc_fixed_risk,50,S1_FIXED,defensive_reactive,0,0.5049443218546339,0.5684203660644582,-2.2083696517106275
CV,test,S1_FIXED/scenario_uk_give_way_ego_init_50_smpc_fixed_risk,50,S1_FIXED,defensive_reactive,0,0.5561394859057708,1.1913294408979418,-2.2796845572667417
CA,test,S1_FIXED/scenario_uk_give_way_ego_init_50_smpc_fixed_risk,50,S1_FIXED,defensive_reactive,0,3.623998305370088,9.19133302952995,-0.956512236573013
train_mean,test,S1_FIXED/scenario_uk_give_way_ego_init_50_smpc_fixed_risk,50,S1_FIXED,defensive_reactive,0,0.5601961148027493,0.604207938020825,-2.134983014356053
CV,test,S1_FIXED/scenario_uk_give_way_ego_init_50_smpc_fixed_risk,50,S1_FIXED,defensive_reactive,0,0.9115872910749466,1.6913958689563668,-1.9950443078447724
CA,test,S1_FIXED/scenario_uk_give_way_ego_init_50_smpc_fixed_risk,50,S1_FIXED,defensive_reactive,0,1.5578304397819922,3.369951392430885,-1.8609278685919215
train_mean,test,S1_FIXED/scenario_uk_give_way_ego_init_50_smpc_fixed_risk,50,S1_FIXED,defensive_reactive,0,0.37724470090560647,0.43984644403209683,-2.2619550688460133
CV,test,S1_FIXED/scenario_uk_give_way_ego_init_50_smpc_fixed_risk,50,S1_FIXED,defensive_reactive,0,0.2954776148431381,0.46602061922069815,-2.297811486322676
CA,test,S1_FIXED/scenario_uk_give_way_ego_init_50_smpc_fixed_risk,50,S1_FIXED,defensive_reactive,0,2.250168386514192,6.146043644741953,-1.9926169500904813
train_mean,test,S1_FIXED/scenario_uk_give_way_ego_init_50_smpc_fixed_risk,50,S1_FIXED,defensive_reactive,0,0.26602824566500655,0.3428130761208889,-2.325568171239165
CV,test,S1_FIXED/scenario_uk_give_way_ego_init_50_smpc_fixed_risk,50,S1_FIXED,defensive_reactive,0,0.3364966607178447,0.6552579134924656,-2.3576997525225094
CA,test,S1_FIXED/scenario_uk_give_way_ego_init_50_smpc_fixed_risk,50,S1_FIXED,defensive_reactive,0,2.469430219437338,6.199170074254997,-1.7000279891256092
train_mean,test,S1_FIXED/scenario_uk_give_way_ego_init_50_smpc_fixed_risk,50,S1_FIXED,defensive_reactive,0,0.28670086949085605,0.3553150756992296,-2.3211353732146054
CV,test,S1_FIXED/scenario_uk_give_way_ego_init_50_smpc_fixed_risk,50,S1_FIXED,defensive_reactive,0,0.37013172287893015,0.6398345142899483,-2.3075772540673416
CA,test,S1_FIXED/scenario_uk_give_way_ego_init_50_smpc_fixed_risk,50,S1_FIXED,defensive_reactive,0,0.21512051607101154,0.23722109626271218,-2.4073600563060635
train_mean,test,S1_FIXED/scenario_uk_give_way_ego_init_50_smpc_fixed_risk,50,S1_FIXED,defensive_reactive,0,0.3661001408719632,0.42042198224200256,-2.2854236983542773
CV,test,S1_FIXED/scenario_uk_give_way_ego_init_50_smpc_fixed_risk,50,S1_FIXED,defensive_reactive,0,0.11667032193727614,0.24445873151033196,-2.392600716719796
CA,test,S1_FIXED/scenario_uk_give_way_ego_init_50_smpc_fixed_risk,50,S1_FIXED,defensive_reactive,0,1.8444740257389989,4.7565494220084785,-2.095460178708231
train_mean,test,S1_FIXED/scenario_uk_give_way_ego_init_50_smpc_fixed_risk,50,S1_FIXED,defensive_reactive,0,0.38497828440553655,0.4385428064887966,-2.2689030981265
CV,test,S1_FIXED/scenario_uk_give_way_ego_init_50_smpc_fixed_risk,50,S1_FIXED,defensive_reactive,0,0.3056619706607663,0.55398882178256,-2.352712338032022
CA,test,S1_FIXED/scenario_uk_give_way_ego_init_50_smpc_fixed_risk,50,S1_FIXED,defensive_reactive,0,0.8225392577138996,1.89652741918936,-2.343634972417326
train_mean,test,S1_FIXED/scenario_uk_give_way_ego_init_50_smpc_fixed_risk,50,S1_FIXED,defensive_reactive,0,0.334313697949653,0.3975175208014018,-2.2949044523624975
CV,test,S1_FIXED/scenario_uk_give_way_ego_init_50_smpc_fixed_risk,50,S1_FIXED,defensive_reactive,0,0.06335083155458869,0.08110956163592829,-2.3905136603377466
CA,test,S1_FIXED/scenario_uk_give_way_ego_init_50_smpc_fixed_risk,50,S1_FIXED,defensive_reactive,0,0.9040113634393905,2.431059995723001,-2.396693563189149
train_mean,test,S1_FIXED/scenario_uk_give_way_ego_init_50_smpc_fixed_risk,50,S1_FIXED,defensive_reactive,0,0.3002869529962733,0.3679653724660119,-2.3139059442727588
CV,test,S1_FIXED/scenario_uk_give_way_ego_init_50_smpc_fixed_risk,50,S1_FIXED,defensive_reactive,0,0.17841925672752731,0.3377048925135871,-2.388470287234799
CA,test,S1_FIXED/scenario_uk_give_way_ego_init_50_smpc_fixed_risk,50,S1_FIXED,defensive_reactive,0,0.9569482059435929,2.359858070447585,-2.350752321923271
train_mean,test,S1_FIXED/scenario_uk_give_way_ego_init_50_smpc_fixed_risk,50,S1_FIXED,defensive_reactive,0,0.3196207349956687,0.382351573418983,-2.307172398500687
CV,test,S1_FIXED/scenario_uk_give_way_ego_init_50_smpc_fixed_risk,50,S1_FIXED,defensive_reactive,0,0.1216442976053123,0.20218853272718396,-2.3890364995510516
CA,test,S1_FIXED/scenario_uk_give_way_ego_init_50_smpc_fixed_risk,50,S1_FIXED,defensive_reactive,0,0.20341147361065195,0.6119458943702685,-2.470200793675012
train_mean,test,S1_FIXED/scenario_uk_give_way_ego_init_50_smpc_fixed_risk,50,S1_FIXED,defensive_reactive,0,0.35240012449328073,0.40966090082641476,-2.2905645093649083
CV,test,S1_FIXED/scenario_uk_give_way_ego_init_50_smpc_fixed_risk,50,S1_FIXED,defensive_reactive,0,0.08368933156732926,0.16846879299696602,-2.3991335276593455
CA,test,S1_FIXED/scenario_uk_give_way_ego_init_50_smpc_fixed_risk,50,S1_FIXED,defensive_reactive,0,0.7985771955643199,2.0277334485793337,-2.400716368823479
train_mean,test,S1_FIXED/scenario_uk_give_way_ego_init_50_smpc_fixed_risk,50,S1_FIXED,defensive_reactive,0,0.3525142260313333,0.41085480697196414,-2.2881540035424153
CV,test,S1_FIXED/scenario_uk_give_way_ego_init_50_smpc_fixed_risk,50,S1_FIXED,defensive_reactive,0,0.12475808875241445,0.2213762521532338,-2.3925880702164273
CA,test,S1_FIXED/scenario_uk_give_way_ego_init_50_smpc_fixed_risk,50,S1_FIXED,defensive_reactive,0,0.18984626342311972,0.39043672178027977,-2.465043964152579
train_mean,test,S1_FIXED/scenario_uk_give_way_ego_init_50_smpc_fixed_risk,50,S1_FIXED,defensive_reactive,0,0.32911267327266536,0.3917583968802728,-2.2998812570200533
CV,test,S1_FIXED/scenario_uk_give_way_ego_init_50_smpc_fixed_risk,50,S1_FIXED,defensive_reactive,0,0.007278146969296291,0.011768324457007474,-2.400654419499618
CA,test,S1_FIXED/scenario_uk_give_way_ego_init_50_smpc_fixed_risk,50,S1_FIXED,defensive_reactive,0,0.4646558725584482,1.2231061349216552,-2.4547906371147863
train_mean,test,S1_FIXED/scenario_uk_give_way_ego_init_50_smpc_fixed_risk,50,S1_FIXED,defensive_reactive,0,0.31891452498049494,0.38263610821924765,-2.3060973098259794
