scalar_id,generated_table,row_identity,field,value,unit,estimator,independent_unit_count,evidence_status,source_artifact,source_field
offline_cells:model_cell_id=head-large:trainable_parameters,table_offline_model_cells.csv,model_cell_id=head-large,trainable_parameters,1034208,unitless,macro mean over declared grouping unit,,retrospective_held_out,postprocess/offline_synthesis.json,model_cell_id=head-large.trainable_parameters
offline_cells:model_cell_id=head-large:selection_median_rollout_macro_nll,table_offline_model_cells.csv,model_cell_id=head-large,selection_median_rollout_macro_nll,4.624917984008789,nats per valid prediction step,macro mean over declared grouping unit,,retrospective_held_out,postprocess/offline_synthesis.json,model_cell_id=head-large.selection_median_rollout_macro_nll
offline_cells:model_cell_id=head-large:heldout_rollout_macro_nll_mean,table_offline_model_cells.csv,model_cell_id=head-large,heldout_rollout_macro_nll_mean,3.943328189849854,nats per valid prediction step,macro mean over declared grouping unit,,retrospective_held_out,postprocess/offline_synthesis.json,model_cell_id=head-large.heldout_rollout_macro_nll_mean
offline_cells:model_cell_id=head-large:heldout_rollout_macro_nll_seed_sd,table_offline_model_cells.csv,model_cell_id=head-large,heldout_rollout_macro_nll_seed_sd,0.0006674471670288078,nats per valid prediction step,macro mean over declared grouping unit,,retrospective_held_out,postprocess/offline_synthesis.json,model_cell_id=head-large.heldout_rollout_macro_nll_seed_sd
offline_cells:model_cell_id=head-large:seed_11_nll,table_offline_model_cells.csv,model_cell_id=head-large,seed_11_nll,3.943555450439453,nats per valid prediction step,macro mean over declared grouping unit,,retrospective_held_out,postprocess/offline_synthesis.json,model_cell_id=head-large.seed_11_nll
offline_cells:model_cell_id=head-large:seed_23_nll,table_offline_model_cells.csv,model_cell_id=head-large,seed_23_nll,3.9438523292541503,nats per valid prediction step,macro mean over declared grouping unit,,retrospective_held_out,postprocess/offline_synthesis.json,model_cell_id=head-large.seed_23_nll
offline_cells:model_cell_id=head-large:seed_37_nll,table_offline_model_cells.csv,model_cell_id=head-large,seed_37_nll,3.942576789855957,nats per valid prediction step,macro mean over declared grouping unit,,retrospective_held_out,postprocess/offline_synthesis.json,model_cell_id=head-large.seed_37_nll
offline_cells:model_cell_id=mlp-h0p0-large:history_horizon_s,table_offline_model_cells.csv,model_cell_id=mlp-h0p0-large,history_horizon_s,0.0,seconds,macro mean over declared grouping unit,,retrospective_held_out,postprocess/offline_synthesis.json,model_cell_id=mlp-h0p0-large.history_horizon_s
offline_cells:model_cell_id=mlp-h0p0-large:trainable_parameters,table_offline_model_cells.csv,model_cell_id=mlp-h0p0-large,trainable_parameters,1035312,unitless,macro mean over declared grouping unit,,retrospective_held_out,postprocess/offline_synthesis.json,model_cell_id=mlp-h0p0-large.trainable_parameters
offline_cells:model_cell_id=mlp-h0p0-large:selection_median_rollout_macro_nll,table_offline_model_cells.csv,model_cell_id=mlp-h0p0-large,selection_median_rollout_macro_nll,4.5907793045043945,nats per valid prediction step,macro mean over declared grouping unit,,retrospective_held_out,postprocess/offline_synthesis.json,model_cell_id=mlp-h0p0-large.selection_median_rollout_macro_nll
offline_cells:model_cell_id=mlp-h0p0-large:heldout_rollout_macro_nll_mean,table_offline_model_cells.csv,model_cell_id=mlp-h0p0-large,heldout_rollout_macro_nll_mean,3.927073987325033,nats per valid prediction step,macro mean over declared grouping unit,,retrospective_held_out,postprocess/offline_synthesis.json,model_cell_id=mlp-h0p0-large.heldout_rollout_macro_nll_mean
offline_cells:model_cell_id=mlp-h0p0-large:heldout_rollout_macro_nll_seed_sd,table_offline_model_cells.csv,model_cell_id=mlp-h0p0-large,heldout_rollout_macro_nll_seed_sd,0.0008563587256699753,nats per valid prediction step,macro mean over declared grouping unit,,retrospective_held_out,postprocess/offline_synthesis.json,model_cell_id=mlp-h0p0-large.heldout_rollout_macro_nll_seed_sd
offline_cells:model_cell_id=mlp-h0p0-large:seed_11_nll,table_offline_model_cells.csv,model_cell_id=mlp-h0p0-large,seed_11_nll,3.927510452270508,nats per valid prediction step,macro mean over declared grouping unit,,retrospective_held_out,postprocess/offline_synthesis.json,model_cell_id=mlp-h0p0-large.seed_11_nll
offline_cells:model_cell_id=mlp-h0p0-large:seed_23_nll,table_offline_model_cells.csv,model_cell_id=mlp-h0p0-large,seed_23_nll,3.9260873317718508,nats per valid prediction step,macro mean over declared grouping unit,,retrospective_held_out,postprocess/offline_synthesis.json,model_cell_id=mlp-h0p0-large.seed_23_nll
offline_cells:model_cell_id=mlp-h0p0-large:seed_37_nll,table_offline_model_cells.csv,model_cell_id=mlp-h0p0-large,seed_37_nll,3.9276241779327394,nats per valid prediction step,macro mean over declared grouping unit,,retrospective_held_out,postprocess/offline_synthesis.json,model_cell_id=mlp-h0p0-large.seed_37_nll
offline_cells:model_cell_id=mlp-h0p4-large:history_horizon_s,table_offline_model_cells.csv,model_cell_id=mlp-h0p4-large,history_horizon_s,0.4,seconds,macro mean over declared grouping unit,,retrospective_held_out,postprocess/offline_synthesis.json,model_cell_id=mlp-h0p4-large.history_horizon_s
offline_cells:model_cell_id=mlp-h0p4-large:trainable_parameters,table_offline_model_cells.csv,model_cell_id=mlp-h0p4-large,trainable_parameters,1035312,unitless,macro mean over declared grouping unit,,retrospective_held_out,postprocess/offline_synthesis.json,model_cell_id=mlp-h0p4-large.trainable_parameters
offline_cells:model_cell_id=mlp-h0p4-large:selection_median_rollout_macro_nll,table_offline_model_cells.csv,model_cell_id=mlp-h0p4-large,selection_median_rollout_macro_nll,4.580316543579102,nats per valid prediction step,macro mean over declared grouping unit,,retrospective_held_out,postprocess/offline_synthesis.json,model_cell_id=mlp-h0p4-large.selection_median_rollout_macro_nll
offline_cells:model_cell_id=mlp-h0p4-large:heldout_rollout_macro_nll_mean,table_offline_model_cells.csv,model_cell_id=mlp-h0p4-large,heldout_rollout_macro_nll_mean,3.923324282964071,nats per valid prediction step,macro mean over declared grouping unit,,retrospective_held_out,postprocess/offline_synthesis.json,model_cell_id=mlp-h0p4-large.heldout_rollout_macro_nll_mean
offline_cells:model_cell_id=mlp-h0p4-large:heldout_rollout_macro_nll_seed_sd,table_offline_model_cells.csv,model_cell_id=mlp-h0p4-large,heldout_rollout_macro_nll_seed_sd,0.003938390498806065,nats per valid prediction step,macro mean over declared grouping unit,,retrospective_held_out,postprocess/offline_synthesis.json,model_cell_id=mlp-h0p4-large.heldout_rollout_macro_nll_seed_sd
offline_cells:model_cell_id=mlp-h0p4-large:seed_11_nll,table_offline_model_cells.csv,model_cell_id=mlp-h0p4-large,seed_11_nll,3.926110553741455,nats per valid prediction step,macro mean over declared grouping unit,,retrospective_held_out,postprocess/offline_synthesis.json,model_cell_id=mlp-h0p4-large.seed_11_nll
offline_cells:model_cell_id=mlp-h0p4-large:seed_23_nll,table_offline_model_cells.csv,model_cell_id=mlp-h0p4-large,seed_23_nll,3.9188185214996336,nats per valid prediction step,macro mean over declared grouping unit,,retrospective_held_out,postprocess/offline_synthesis.json,model_cell_id=mlp-h0p4-large.seed_23_nll
offline_cells:model_cell_id=mlp-h0p4-large:seed_37_nll,table_offline_model_cells.csv,model_cell_id=mlp-h0p4-large,seed_37_nll,3.9250437736511232,nats per valid prediction step,macro mean over declared grouping unit,,retrospective_held_out,postprocess/offline_synthesis.json,model_cell_id=mlp-h0p4-large.seed_37_nll
offline_cells:model_cell_id=mlp-h1p0-large:history_horizon_s,table_offline_model_cells.csv,model_cell_id=mlp-h1p0-large,history_horizon_s,1.0,seconds,macro mean over declared grouping unit,,retrospective_held_out,postprocess/offline_synthesis.json,model_cell_id=mlp-h1p0-large.history_horizon_s
offline_cells:model_cell_id=mlp-h1p0-large:trainable_parameters,table_offline_model_cells.csv,model_cell_id=mlp-h1p0-large,trainable_parameters,1035312,unitless,macro mean over declared grouping unit,,retrospective_held_out,postprocess/offline_synthesis.json,model_cell_id=mlp-h1p0-large.trainable_parameters
offline_cells:model_cell_id=mlp-h1p0-large:selection_median_rollout_macro_nll,table_offline_model_cells.csv,model_cell_id=mlp-h1p0-large,selection_median_rollout_macro_nll,4.578094482421875,nats per valid prediction step,macro mean over declared grouping unit,,retrospective_held_out,postprocess/offline_synthesis.json,model_cell_id=mlp-h1p0-large.selection_median_rollout_macro_nll
offline_cells:model_cell_id=mlp-h1p0-large:heldout_rollout_macro_nll_mean,table_offline_model_cells.csv,model_cell_id=mlp-h1p0-large,heldout_rollout_macro_nll_mean,3.9230475743611657,nats per valid prediction step,macro mean over declared grouping unit,,retrospective_held_out,postprocess/offline_synthesis.json,model_cell_id=mlp-h1p0-large.heldout_rollout_macro_nll_mean
offline_cells:model_cell_id=mlp-h1p0-large:heldout_rollout_macro_nll_seed_sd,table_offline_model_cells.csv,model_cell_id=mlp-h1p0-large,heldout_rollout_macro_nll_seed_sd,0.0007163233138393457,nats per valid prediction step,macro mean over declared grouping unit,,retrospective_held_out,postprocess/offline_synthesis.json,model_cell_id=mlp-h1p0-large.heldout_rollout_macro_nll_seed_sd
offline_cells:model_cell_id=mlp-h1p0-large:seed_11_nll,table_offline_model_cells.csv,model_cell_id=mlp-h1p0-large,seed_11_nll,3.9232402801513673,nats per valid prediction step,macro mean over declared grouping unit,,retrospective_held_out,postprocess/offline_synthesis.json,model_cell_id=mlp-h1p0-large.seed_11_nll
offline_cells:model_cell_id=mlp-h1p0-large:seed_23_nll,table_offline_model_cells.csv,model_cell_id=mlp-h1p0-large,seed_23_nll,3.9222546100616453,nats per valid prediction step,macro mean over declared grouping unit,,retrospective_held_out,postprocess/offline_synthesis.json,model_cell_id=mlp-h1p0-large.seed_23_nll
offline_cells:model_cell_id=mlp-h1p0-large:seed_37_nll,table_offline_model_cells.csv,model_cell_id=mlp-h1p0-large,seed_37_nll,3.9236478328704836,nats per valid prediction step,macro mean over declared grouping unit,,retrospective_held_out,postprocess/offline_synthesis.json,model_cell_id=mlp-h1p0-large.seed_37_nll
offline_cells:model_cell_id=transformer-h0p0-large:history_horizon_s,table_offline_model_cells.csv,model_cell_id=transformer-h0p0-large,history_horizon_s,0.0,seconds,macro mean over declared grouping unit,,retrospective_held_out,postprocess/offline_synthesis.json,model_cell_id=transformer-h0p0-large.history_horizon_s
offline_cells:model_cell_id=transformer-h0p0-large:trainable_parameters,table_offline_model_cells.csv,model_cell_id=transformer-h0p0-large,trainable_parameters,1026816,unitless,macro mean over declared grouping unit,,retrospective_held_out,postprocess/offline_synthesis.json,model_cell_id=transformer-h0p0-large.trainable_parameters
offline_cells:model_cell_id=transformer-h0p0-large:selection_median_rollout_macro_nll,table_offline_model_cells.csv,model_cell_id=transformer-h0p0-large,selection_median_rollout_macro_nll,4.563243865966797,nats per valid prediction step,macro mean over declared grouping unit,,retrospective_held_out,postprocess/offline_synthesis.json,model_cell_id=transformer-h0p0-large.selection_median_rollout_macro_nll
offline_cells:model_cell_id=transformer-h0p0-large:heldout_rollout_macro_nll_mean,table_offline_model_cells.csv,model_cell_id=transformer-h0p0-large,heldout_rollout_macro_nll_mean,3.9200677553812664,nats per valid prediction step,macro mean over declared grouping unit,,retrospective_held_out,postprocess/offline_synthesis.json,model_cell_id=transformer-h0p0-large.heldout_rollout_macro_nll_mean
offline_cells:model_cell_id=transformer-h0p0-large:heldout_rollout_macro_nll_seed_sd,table_offline_model_cells.csv,model_cell_id=transformer-h0p0-large,heldout_rollout_macro_nll_seed_sd,0.0018113460897964473,nats per valid prediction step,macro mean over declared grouping unit,,retrospective_held_out,postprocess/offline_synthesis.json,model_cell_id=transformer-h0p0-large.heldout_rollout_macro_nll_seed_sd
offline_cells:model_cell_id=transformer-h0p0-large:seed_11_nll,table_offline_model_cells.csv,model_cell_id=transformer-h0p0-large,seed_11_nll,3.9191018104553224,nats per valid prediction step,macro mean over declared grouping unit,,retrospective_held_out,postprocess/offline_synthesis.json,model_cell_id=transformer-h0p0-large.seed_11_nll
offline_cells:model_cell_id=transformer-h0p0-large:seed_23_nll,table_offline_model_cells.csv,model_cell_id=transformer-h0p0-large,seed_23_nll,3.922157335281372,nats per valid prediction step,macro mean over declared grouping unit,,retrospective_held_out,postprocess/offline_synthesis.json,model_cell_id=transformer-h0p0-large.seed_23_nll
offline_cells:model_cell_id=transformer-h0p0-large:seed_37_nll,table_offline_model_cells.csv,model_cell_id=transformer-h0p0-large,seed_37_nll,3.9189441204071045,nats per valid prediction step,macro mean over declared grouping unit,,retrospective_held_out,postprocess/offline_synthesis.json,model_cell_id=transformer-h0p0-large.seed_37_nll
offline_cells:model_cell_id=transformer-h0p4-large:history_horizon_s,table_offline_model_cells.csv,model_cell_id=transformer-h0p4-large,history_horizon_s,0.4,seconds,macro mean over declared grouping unit,,retrospective_held_out,postprocess/offline_synthesis.json,model_cell_id=transformer-h0p4-large.history_horizon_s
offline_cells:model_cell_id=transformer-h0p4-large:trainable_parameters,table_offline_model_cells.csv,model_cell_id=transformer-h0p4-large,trainable_parameters,1026816,unitless,macro mean over declared grouping unit,,retrospective_held_out,postprocess/offline_synthesis.json,model_cell_id=transformer-h0p4-large.trainable_parameters
offline_cells:model_cell_id=transformer-h0p4-large:selection_median_rollout_macro_nll,table_offline_model_cells.csv,model_cell_id=transformer-h0p4-large,selection_median_rollout_macro_nll,4.559441566467285,nats per valid prediction step,macro mean over declared grouping unit,,retrospective_held_out,postprocess/offline_synthesis.json,model_cell_id=transformer-h0p4-large.selection_median_rollout_macro_nll
offline_cells:model_cell_id=transformer-h0p4-large:heldout_rollout_macro_nll_mean,table_offline_model_cells.csv,model_cell_id=transformer-h0p4-large,heldout_rollout_macro_nll_mean,3.9158212502797447,nats per valid prediction step,macro mean over declared grouping unit,,retrospective_held_out,postprocess/offline_synthesis.json,model_cell_id=transformer-h0p4-large.heldout_rollout_macro_nll_mean
offline_cells:model_cell_id=transformer-h0p4-large:heldout_rollout_macro_nll_seed_sd,table_offline_model_cells.csv,model_cell_id=transformer-h0p4-large,heldout_rollout_macro_nll_seed_sd,0.0014595835898484092,nats per valid prediction step,macro mean over declared grouping unit,,retrospective_held_out,postprocess/offline_synthesis.json,model_cell_id=transformer-h0p4-large.heldout_rollout_macro_nll_seed_sd
offline_cells:model_cell_id=transformer-h0p4-large:seed_11_nll,table_offline_model_cells.csv,model_cell_id=transformer-h0p4-large,seed_11_nll,3.9142078399658202,nats per valid prediction step,macro mean over declared grouping unit,,retrospective_held_out,postprocess/offline_synthesis.json,model_cell_id=transformer-h0p4-large.seed_11_nll
offline_cells:model_cell_id=transformer-h0p4-large:seed_23_nll,table_offline_model_cells.csv,model_cell_id=transformer-h0p4-large,seed_23_nll,3.9162059783935548,nats per valid prediction step,macro mean over declared grouping unit,,retrospective_held_out,postprocess/offline_synthesis.json,model_cell_id=transformer-h0p4-large.seed_23_nll
offline_cells:model_cell_id=transformer-h0p4-large:seed_37_nll,table_offline_model_cells.csv,model_cell_id=transformer-h0p4-large,seed_37_nll,3.917049932479858,nats per valid prediction step,macro mean over declared grouping unit,,retrospective_held_out,postprocess/offline_synthesis.json,model_cell_id=transformer-h0p4-large.seed_37_nll
offline_cells:model_cell_id=transformer-h1p0-large:history_horizon_s,table_offline_model_cells.csv,model_cell_id=transformer-h1p0-large,history_horizon_s,1.0,seconds,macro mean over declared grouping unit,,retrospective_held_out,postprocess/offline_synthesis.json,model_cell_id=transformer-h1p0-large.history_horizon_s
offline_cells:model_cell_id=transformer-h1p0-large:trainable_parameters,table_offline_model_cells.csv,model_cell_id=transformer-h1p0-large,trainable_parameters,1026816,unitless,macro mean over declared grouping unit,,retrospective_held_out,postprocess/offline_synthesis.json,model_cell_id=transformer-h1p0-large.trainable_parameters
offline_cells:model_cell_id=transformer-h1p0-large:selection_median_rollout_macro_nll,table_offline_model_cells.csv,model_cell_id=transformer-h1p0-large,selection_median_rollout_macro_nll,4.555816650390625,nats per valid prediction step,macro mean over declared grouping unit,,retrospective_held_out,postprocess/offline_synthesis.json,model_cell_id=transformer-h1p0-large.selection_median_rollout_macro_nll
offline_cells:model_cell_id=transformer-h1p0-large:heldout_rollout_macro_nll_mean,table_offline_model_cells.csv,model_cell_id=transformer-h1p0-large,heldout_rollout_macro_nll_mean,3.916339747111003,nats per valid prediction step,macro mean over declared grouping unit,,retrospective_held_out,postprocess/offline_synthesis.json,model_cell_id=transformer-h1p0-large.heldout_rollout_macro_nll_mean
offline_cells:model_cell_id=transformer-h1p0-large:heldout_rollout_macro_nll_seed_sd,table_offline_model_cells.csv,model_cell_id=transformer-h1p0-large,heldout_rollout_macro_nll_seed_sd,0.000781666810399791,nats per valid prediction step,macro mean over declared grouping unit,,retrospective_held_out,postprocess/offline_synthesis.json,model_cell_id=transformer-h1p0-large.heldout_rollout_macro_nll_seed_sd
offline_cells:model_cell_id=transformer-h1p0-large:seed_11_nll,table_offline_model_cells.csv,model_cell_id=transformer-h1p0-large,seed_11_nll,3.9159616947174074,nats per valid prediction step,macro mean over declared grouping unit,,retrospective_held_out,postprocess/offline_synthesis.json,model_cell_id=transformer-h1p0-large.seed_11_nll
offline_cells:model_cell_id=transformer-h1p0-large:seed_23_nll,table_offline_model_cells.csv,model_cell_id=transformer-h1p0-large,seed_23_nll,3.9172385692596436,nats per valid prediction step,macro mean over declared grouping unit,,retrospective_held_out,postprocess/offline_synthesis.json,model_cell_id=transformer-h1p0-large.seed_23_nll
offline_cells:model_cell_id=transformer-h1p0-large:seed_37_nll,table_offline_model_cells.csv,model_cell_id=transformer-h1p0-large,seed_37_nll,3.915818977355957,nats per valid prediction step,macro mean over declared grouping unit,,retrospective_held_out,postprocess/offline_synthesis.json,model_cell_id=transformer-h1p0-large.seed_37_nll
offline_cells:model_cell_id=transformer-h1p0-medium:history_horizon_s,table_offline_model_cells.csv,model_cell_id=transformer-h1p0-medium,history_horizon_s,1.0,seconds,macro mean over declared grouping unit,,retrospective_held_out,postprocess/offline_synthesis.json,model_cell_id=transformer-h1p0-medium.history_horizon_s
offline_cells:model_cell_id=transformer-h1p0-medium:trainable_parameters,table_offline_model_cells.csv,model_cell_id=transformer-h1p0-medium,trainable_parameters,497840,unitless,macro mean over declared grouping unit,,retrospective_held_out,postprocess/offline_synthesis.json,model_cell_id=transformer-h1p0-medium.trainable_parameters
offline_cells:model_cell_id=transformer-h1p0-medium:selection_median_rollout_macro_nll,table_offline_model_cells.csv,model_cell_id=transformer-h1p0-medium,selection_median_rollout_macro_nll,4.556626319885254,nats per valid prediction step,macro mean over declared grouping unit,,retrospective_held_out,postprocess/offline_synthesis.json,model_cell_id=transformer-h1p0-medium.selection_median_rollout_macro_nll
offline_cells:model_cell_id=transformer-h1p0-medium:heldout_rollout_macro_nll_mean,table_offline_model_cells.csv,model_cell_id=transformer-h1p0-medium,heldout_rollout_macro_nll_mean,3.915355491638184,nats per valid prediction step,macro mean over declared grouping unit,,retrospective_held_out,postprocess/offline_synthesis.json,model_cell_id=transformer-h1p0-medium.heldout_rollout_macro_nll_mean
offline_cells:model_cell_id=transformer-h1p0-medium:heldout_rollout_macro_nll_seed_sd,table_offline_model_cells.csv,model_cell_id=transformer-h1p0-medium,heldout_rollout_macro_nll_seed_sd,0.0019270695487161513,nats per valid prediction step,macro mean over declared grouping unit,,retrospective_held_out,postprocess/offline_synthesis.json,model_cell_id=transformer-h1p0-medium.heldout_rollout_macro_nll_seed_sd
offline_cells:model_cell_id=transformer-h1p0-medium:seed_11_nll,table_offline_model_cells.csv,model_cell_id=transformer-h1p0-medium,seed_11_nll,3.9162472248077393,nats per valid prediction step,macro mean over declared grouping unit,,retrospective_held_out,postprocess/offline_synthesis.json,model_cell_id=transformer-h1p0-medium.seed_11_nll
offline_cells:model_cell_id=transformer-h1p0-medium:seed_23_nll,table_offline_model_cells.csv,model_cell_id=transformer-h1p0-medium,seed_23_nll,3.9166751861572267,nats per valid prediction step,macro mean over declared grouping unit,,retrospective_held_out,postprocess/offline_synthesis.json,model_cell_id=transformer-h1p0-medium.seed_23_nll
offline_cells:model_cell_id=transformer-h1p0-medium:seed_37_nll,table_offline_model_cells.csv,model_cell_id=transformer-h1p0-medium,seed_37_nll,3.913144063949585,nats per valid prediction step,macro mean over declared grouping unit,,retrospective_held_out,postprocess/offline_synthesis.json,model_cell_id=transformer-h1p0-medium.seed_37_nll
offline_cells:model_cell_id=transformer-h1p0-small:history_horizon_s,table_offline_model_cells.csv,model_cell_id=transformer-h1p0-small,history_horizon_s,1.0,seconds,macro mean over declared grouping unit,,retrospective_held_out,postprocess/offline_synthesis.json,model_cell_id=transformer-h1p0-small.history_horizon_s
offline_cells:model_cell_id=transformer-h1p0-small:trainable_parameters,table_offline_model_cells.csv,model_cell_id=transformer-h1p0-small,trainable_parameters,167384,unitless,macro mean over declared grouping unit,,retrospective_held_out,postprocess/offline_synthesis.json,model_cell_id=transformer-h1p0-small.trainable_parameters
offline_cells:model_cell_id=transformer-h1p0-small:selection_median_rollout_macro_nll,table_offline_model_cells.csv,model_cell_id=transformer-h1p0-small,selection_median_rollout_macro_nll,4.560210227966309,nats per valid prediction step,macro mean over declared grouping unit,,retrospective_held_out,postprocess/offline_synthesis.json,model_cell_id=transformer-h1p0-small.selection_median_rollout_macro_nll
offline_cells:model_cell_id=transformer-h1p0-small:heldout_rollout_macro_nll_mean,table_offline_model_cells.csv,model_cell_id=transformer-h1p0-small,heldout_rollout_macro_nll_mean,3.9167527516682945,nats per valid prediction step,macro mean over declared grouping unit,,retrospective_held_out,postprocess/offline_synthesis.json,model_cell_id=transformer-h1p0-small.heldout_rollout_macro_nll_mean
offline_cells:model_cell_id=transformer-h1p0-small:heldout_rollout_macro_nll_seed_sd,table_offline_model_cells.csv,model_cell_id=transformer-h1p0-small,heldout_rollout_macro_nll_seed_sd,0.0015156542229132648,nats per valid prediction step,macro mean over declared grouping unit,,retrospective_held_out,postprocess/offline_synthesis.json,model_cell_id=transformer-h1p0-small.heldout_rollout_macro_nll_seed_sd
offline_cells:model_cell_id=transformer-h1p0-small:seed_11_nll,table_offline_model_cells.csv,model_cell_id=transformer-h1p0-small,seed_11_nll,3.917714500427246,nats per valid prediction step,macro mean over declared grouping unit,,retrospective_held_out,postprocess/offline_synthesis.json,model_cell_id=transformer-h1p0-small.seed_11_nll
offline_cells:model_cell_id=transformer-h1p0-small:seed_23_nll,table_offline_model_cells.csv,model_cell_id=transformer-h1p0-small,seed_23_nll,3.915005588531494,nats per valid prediction step,macro mean over declared grouping unit,,retrospective_held_out,postprocess/offline_synthesis.json,model_cell_id=transformer-h1p0-small.seed_23_nll
offline_cells:model_cell_id=transformer-h1p0-small:seed_37_nll,table_offline_model_cells.csv,model_cell_id=transformer-h1p0-small,seed_37_nll,3.9175381660461426,nats per valid prediction step,macro mean over declared grouping unit,,retrospective_held_out,postprocess/offline_synthesis.json,model_cell_id=transformer-h1p0-small.seed_37_nll
offline_contrasts:contrast_id=H1_capacity_transformer_full_small_minus_large;category=primary:effect,table_three_axis_contrasts.csv,contrast_id=H1_capacity_transformer_full_small_minus_large;category=primary,effect,0.0004130045572916666,nats per valid prediction step,paired initialisation-group contrast,5,retrospective_held_out,postprocess/offline_synthesis.json,contrast_id=H1_capacity_transformer_full_small_minus_large;category=primary.effect
offline_contrasts:contrast_id=H1_capacity_transformer_full_small_minus_large;category=primary:ci95_low,table_three_axis_contrasts.csv,contrast_id=H1_capacity_transformer_full_small_minus_large;category=primary,ci95_low,0.0003067970275878906,nats per valid prediction step,paired initialisation-group contrast,5,retrospective_held_out,postprocess/offline_synthesis.json,contrast_id=H1_capacity_transformer_full_small_minus_large;category=primary.ci95_low
offline_contrasts:contrast_id=H1_capacity_transformer_full_small_minus_large;category=primary:ci95_high,table_three_axis_contrasts.csv,contrast_id=H1_capacity_transformer_full_small_minus_large;category=primary,ci95_high,0.0004961013793945313,nats per valid prediction step,paired initialisation-group contrast,5,retrospective_held_out,postprocess/offline_synthesis.json,contrast_id=H1_capacity_transformer_full_small_minus_large;category=primary.ci95_high
offline_contrasts:contrast_id=H1_capacity_transformer_full_small_minus_large;category=primary:raw_sign_flip_p,table_three_axis_contrasts.csv,contrast_id=H1_capacity_transformer_full_small_minus_large;category=primary,raw_sign_flip_p,0.09090909090909091,unitless,paired initialisation-group contrast,5,retrospective_held_out,postprocess/offline_synthesis.json,contrast_id=H1_capacity_transformer_full_small_minus_large;category=primary.raw_sign_flip_p
offline_contrasts:contrast_id=H1_capacity_transformer_full_small_minus_large;category=primary:holm_adjusted_p,table_three_axis_contrasts.csv,contrast_id=H1_capacity_transformer_full_small_minus_large;category=primary,holm_adjusted_p,0.36363636363636365,unitless,paired initialisation-group contrast,5,retrospective_held_out,postprocess/offline_synthesis.json,contrast_id=H1_capacity_transformer_full_small_minus_large;category=primary.holm_adjusted_p
offline_contrasts:contrast_id=H1_capacity_transformer_full_small_minus_large;category=primary:independent_groups,table_three_axis_contrasts.csv,contrast_id=H1_capacity_transformer_full_small_minus_large;category=primary,independent_groups,5,count,paired initialisation-group contrast,5,retrospective_held_out,postprocess/offline_synthesis.json,contrast_id=H1_capacity_transformer_full_small_minus_large;category=primary.independent_groups
offline_contrasts:contrast_id=H2_information_mlp_snapshot_minus_full;category=primary:effect,table_three_axis_contrasts.csv,contrast_id=H2_information_mlp_snapshot_minus_full;category=primary,effect,0.004026412963867188,nats per valid prediction step,paired initialisation-group contrast,5,retrospective_held_out,postprocess/offline_synthesis.json,contrast_id=H2_information_mlp_snapshot_minus_full;category=primary.effect
offline_contrasts:contrast_id=H2_information_mlp_snapshot_minus_full;category=primary:ci95_low,table_three_axis_contrasts.csv,contrast_id=H2_information_mlp_snapshot_minus_full;category=primary,ci95_low,0.00338279406229655,nats per valid prediction step,paired initialisation-group contrast,5,retrospective_held_out,postprocess/offline_synthesis.json,contrast_id=H2_information_mlp_snapshot_minus_full;category=primary.ci95_low
offline_contrasts:contrast_id=H2_information_mlp_snapshot_minus_full;category=primary:ci95_high,table_three_axis_contrasts.csv,contrast_id=H2_information_mlp_snapshot_minus_full;category=primary,ci95_high,0.004649766286214193,nats per valid prediction step,paired initialisation-group contrast,5,retrospective_held_out,postprocess/offline_synthesis.json,contrast_id=H2_information_mlp_snapshot_minus_full;category=primary.ci95_high
offline_contrasts:contrast_id=H2_information_mlp_snapshot_minus_full;category=primary:raw_sign_flip_p,table_three_axis_contrasts.csv,contrast_id=H2_information_mlp_snapshot_minus_full;category=primary,raw_sign_flip_p,0.09090909090909091,unitless,paired initialisation-group contrast,5,retrospective_held_out,postprocess/offline_synthesis.json,contrast_id=H2_information_mlp_snapshot_minus_full;category=primary.raw_sign_flip_p
offline_contrasts:contrast_id=H2_information_mlp_snapshot_minus_full;category=primary:holm_adjusted_p,table_three_axis_contrasts.csv,contrast_id=H2_information_mlp_snapshot_minus_full;category=primary,holm_adjusted_p,0.36363636363636365,unitless,paired initialisation-group contrast,5,retrospective_held_out,postprocess/offline_synthesis.json,contrast_id=H2_information_mlp_snapshot_minus_full;category=primary.holm_adjusted_p
offline_contrasts:contrast_id=H2_information_mlp_snapshot_minus_full;category=primary:independent_groups,table_three_axis_contrasts.csv,contrast_id=H2_information_mlp_snapshot_minus_full;category=primary,independent_groups,5,count,paired initialisation-group contrast,5,retrospective_held_out,postprocess/offline_synthesis.json,contrast_id=H2_information_mlp_snapshot_minus_full;category=primary.independent_groups
offline_contrasts:contrast_id=H2_information_transformer_snapshot_minus_full;category=primary:effect,table_three_axis_contrasts.csv,contrast_id=H2_information_transformer_snapshot_minus_full;category=primary,effect,0.003728008270263672,nats per valid prediction step,paired initialisation-group contrast,5,retrospective_held_out,postprocess/offline_synthesis.json,contrast_id=H2_information_transformer_snapshot_minus_full;category=primary.effect
offline_contrasts:contrast_id=H2_information_transformer_snapshot_minus_full;category=primary:ci95_low,table_three_axis_contrasts.csv,contrast_id=H2_information_transformer_snapshot_minus_full;category=primary,ci95_low,0.002824831008911133,nats per valid prediction step,paired initialisation-group contrast,5,retrospective_held_out,postprocess/offline_synthesis.json,contrast_id=H2_information_transformer_snapshot_minus_full;category=primary.ci95_low
offline_contrasts:contrast_id=H2_information_transformer_snapshot_minus_full;category=primary:ci95_high,table_three_axis_contrasts.csv,contrast_id=H2_information_transformer_snapshot_minus_full;category=primary,ci95_high,0.004523388544718425,nats per valid prediction step,paired initialisation-group contrast,5,retrospective_held_out,postprocess/offline_synthesis.json,contrast_id=H2_information_transformer_snapshot_minus_full;category=primary.ci95_high
offline_contrasts:contrast_id=H2_information_transformer_snapshot_minus_full;category=primary:raw_sign_flip_p,table_three_axis_contrasts.csv,contrast_id=H2_information_transformer_snapshot_minus_full;category=primary,raw_sign_flip_p,0.09090909090909091,unitless,paired initialisation-group contrast,5,retrospective_held_out,postprocess/offline_synthesis.json,contrast_id=H2_information_transformer_snapshot_minus_full;category=primary.raw_sign_flip_p
offline_contrasts:contrast_id=H2_information_transformer_snapshot_minus_full;category=primary:holm_adjusted_p,table_three_axis_contrasts.csv,contrast_id=H2_information_transformer_snapshot_minus_full;category=primary,holm_adjusted_p,0.36363636363636365,unitless,paired initialisation-group contrast,5,retrospective_held_out,postprocess/offline_synthesis.json,contrast_id=H2_information_transformer_snapshot_minus_full;category=primary.holm_adjusted_p
offline_contrasts:contrast_id=H2_information_transformer_snapshot_minus_full;category=primary:independent_groups,table_three_axis_contrasts.csv,contrast_id=H2_information_transformer_snapshot_minus_full;category=primary,independent_groups,5,count,paired initialisation-group contrast,5,retrospective_held_out,postprocess/offline_synthesis.json,contrast_id=H2_information_transformer_snapshot_minus_full;category=primary.independent_groups
offline_contrasts:contrast_id=H3_attention_history_gain_difference_in_differences;category=primary:effect,table_three_axis_contrasts.csv,contrast_id=H3_attention_history_gain_difference_in_differences;category=primary,effect,-0.0002984046936035156,nats per valid prediction step,paired initialisation-group contrast,5,retrospective_held_out,postprocess/offline_synthesis.json,contrast_id=H3_attention_history_gain_difference_in_differences;category=primary.effect
offline_contrasts:contrast_id=H3_attention_history_gain_difference_in_differences;category=primary:ci95_low,table_three_axis_contrasts.csv,contrast_id=H3_attention_history_gain_difference_in_differences;category=primary,ci95_low,-0.0014114379882812498,nats per valid prediction step,paired initialisation-group contrast,5,retrospective_held_out,postprocess/offline_synthesis.json,contrast_id=H3_attention_history_gain_difference_in_differences;category=primary.ci95_low
offline_contrasts:contrast_id=H3_attention_history_gain_difference_in_differences;category=primary:ci95_high,table_three_axis_contrasts.csv,contrast_id=H3_attention_history_gain_difference_in_differences;category=primary,ci95_high,0.0006196498870849609,nats per valid prediction step,paired initialisation-group contrast,5,retrospective_held_out,postprocess/offline_synthesis.json,contrast_id=H3_attention_history_gain_difference_in_differences;category=primary.ci95_high
offline_contrasts:contrast_id=H3_attention_history_gain_difference_in_differences;category=primary:raw_sign_flip_p,table_three_axis_contrasts.csv,contrast_id=H3_attention_history_gain_difference_in_differences;category=primary,raw_sign_flip_p,0.696969696969697,unitless,paired initialisation-group contrast,5,retrospective_held_out,postprocess/offline_synthesis.json,contrast_id=H3_attention_history_gain_difference_in_differences;category=primary.raw_sign_flip_p
offline_contrasts:contrast_id=H3_attention_history_gain_difference_in_differences;category=primary:holm_adjusted_p,table_three_axis_contrasts.csv,contrast_id=H3_attention_history_gain_difference_in_differences;category=primary,holm_adjusted_p,0.696969696969697,unitless,paired initialisation-group contrast,5,retrospective_held_out,postprocess/offline_synthesis.json,contrast_id=H3_attention_history_gain_difference_in_differences;category=primary.holm_adjusted_p
offline_contrasts:contrast_id=H3_attention_history_gain_difference_in_differences;category=primary:independent_groups,table_three_axis_contrasts.csv,contrast_id=H3_attention_history_gain_difference_in_differences;category=primary,independent_groups,5,count,paired initialisation-group contrast,5,retrospective_held_out,postprocess/offline_synthesis.json,contrast_id=H3_attention_history_gain_difference_in_differences;category=primary.independent_groups
offline_contrasts:contrast_id=architecture_direct_mlp_minus_transformer__h0p0__large;category=direct_architecture:effect,table_three_axis_contrasts.csv,contrast_id=architecture_direct_mlp_minus_transformer__h0p0__large;category=direct_architecture,effect,0.007006231943766277,nats per valid prediction step,paired initialisation-group contrast,5,retrospective_held_out,postprocess/offline_synthesis.json,contrast_id=architecture_direct_mlp_minus_transformer__h0p0__large;category=direct_architecture.effect
offline_contrasts:contrast_id=architecture_direct_mlp_minus_transformer__h0p0__large;category=direct_architecture:ci95_low,table_three_axis_contrasts.csv,contrast_id=architecture_direct_mlp_minus_transformer__h0p0__large;category=direct_architecture,ci95_low,0.0061345736185709635,nats per valid prediction step,paired initialisation-group contrast,5,retrospective_held_out,postprocess/offline_synthesis.json,contrast_id=architecture_direct_mlp_minus_transformer__h0p0__large;category=direct_architecture.ci95_low
offline_contrasts:contrast_id=architecture_direct_mlp_minus_transformer__h0p0__large;category=direct_architecture:ci95_high,table_three_axis_contrasts.csv,contrast_id=architecture_direct_mlp_minus_transformer__h0p0__large;category=direct_architecture,ci95_high,0.008150307337443034,nats per valid prediction step,paired initialisation-group contrast,5,retrospective_held_out,postprocess/offline_synthesis.json,contrast_id=architecture_direct_mlp_minus_transformer__h0p0__large;category=direct_architecture.ci95_high
offline_contrasts:contrast_id=architecture_direct_mlp_minus_transformer__h0p0__large;category=direct_architecture:raw_sign_flip_p,table_three_axis_contrasts.csv,contrast_id=architecture_direct_mlp_minus_transformer__h0p0__large;category=direct_architecture,raw_sign_flip_p,0.09090909090909091,unitless,paired initialisation-group contrast,5,retrospective_held_out,postprocess/offline_synthesis.json,contrast_id=architecture_direct_mlp_minus_transformer__h0p0__large;category=direct_architecture.raw_sign_flip_p
offline_contrasts:contrast_id=architecture_direct_mlp_minus_transformer__h0p0__large;category=direct_architecture:independent_groups,table_three_axis_contrasts.csv,contrast_id=architecture_direct_mlp_minus_transformer__h0p0__large;category=direct_architecture,independent_groups,5,count,paired initialisation-group contrast,5,retrospective_held_out,postprocess/offline_synthesis.json,contrast_id=architecture_direct_mlp_minus_transformer__h0p0__large;category=direct_architecture.independent_groups
offline_contrasts:contrast_id=architecture_direct_mlp_minus_transformer__h0p4__large;category=direct_architecture:effect,table_three_axis_contrasts.csv,contrast_id=architecture_direct_mlp_minus_transformer__h0p4__large;category=direct_architecture,effect,0.007503032684326172,nats per valid prediction step,paired initialisation-group contrast,5,retrospective_held_out,postprocess/offline_synthesis.json,contrast_id=architecture_direct_mlp_minus_transformer__h0p4__large;category=direct_architecture.effect
offline_contrasts:contrast_id=architecture_direct_mlp_minus_transformer__h0p4__large;category=direct_architecture:ci95_low,table_three_axis_contrasts.csv,contrast_id=architecture_direct_mlp_minus_transformer__h0p4__large;category=direct_architecture,ci95_low,0.005857515335083008,nats per valid prediction step,paired initialisation-group contrast,5,retrospective_held_out,postprocess/offline_synthesis.json,contrast_id=architecture_direct_mlp_minus_transformer__h0p4__large;category=direct_architecture.ci95_low
offline_contrasts:contrast_id=architecture_direct_mlp_minus_transformer__h0p4__large;category=direct_architecture:ci95_high,table_three_axis_contrasts.csv,contrast_id=architecture_direct_mlp_minus_transformer__h0p4__large;category=direct_architecture,ci95_high,0.008625125885009766,nats per valid prediction step,paired initialisation-group contrast,5,retrospective_held_out,postprocess/offline_synthesis.json,contrast_id=architecture_direct_mlp_minus_transformer__h0p4__large;category=direct_architecture.ci95_high
offline_contrasts:contrast_id=architecture_direct_mlp_minus_transformer__h0p4__large;category=direct_architecture:raw_sign_flip_p,table_three_axis_contrasts.csv,contrast_id=architecture_direct_mlp_minus_transformer__h0p4__large;category=direct_architecture,raw_sign_flip_p,0.09090909090909091,unitless,paired initialisation-group contrast,5,retrospective_held_out,postprocess/offline_synthesis.json,contrast_id=architecture_direct_mlp_minus_transformer__h0p4__large;category=direct_architecture.raw_sign_flip_p
offline_contrasts:contrast_id=architecture_direct_mlp_minus_transformer__h0p4__large;category=direct_architecture:independent_groups,table_three_axis_contrasts.csv,contrast_id=architecture_direct_mlp_minus_transformer__h0p4__large;category=direct_architecture,independent_groups,5,count,paired initialisation-group contrast,5,retrospective_held_out,postprocess/offline_synthesis.json,contrast_id=architecture_direct_mlp_minus_transformer__h0p4__large;category=direct_architecture.independent_groups
offline_contrasts:contrast_id=architecture_direct_mlp_minus_transformer__h1p0__large;category=direct_architecture:effect,table_three_axis_contrasts.csv,contrast_id=architecture_direct_mlp_minus_transformer__h1p0__large;category=direct_architecture,effect,0.006707827250162761,nats per valid prediction step,paired initialisation-group contrast,5,retrospective_held_out,postprocess/offline_synthesis.json,contrast_id=architecture_direct_mlp_minus_transformer__h1p0__large;category=direct_architecture.effect
offline_contrasts:contrast_id=architecture_direct_mlp_minus_transformer__h1p0__large;category=direct_architecture:ci95_low,table_three_axis_contrasts.csv,contrast_id=architecture_direct_mlp_minus_transformer__h1p0__large;category=direct_architecture,ci95_low,0.005067761739095053,nats per valid prediction step,paired initialisation-group contrast,5,retrospective_held_out,postprocess/offline_synthesis.json,contrast_id=architecture_direct_mlp_minus_transformer__h1p0__large;category=direct_architecture.ci95_low
offline_contrasts:contrast_id=architecture_direct_mlp_minus_transformer__h1p0__large;category=direct_architecture:ci95_high,table_three_axis_contrasts.csv,contrast_id=architecture_direct_mlp_minus_transformer__h1p0__large;category=direct_architecture,ci95_high,0.008057117462158203,nats per valid prediction step,paired initialisation-group contrast,5,retrospective_held_out,postprocess/offline_synthesis.json,contrast_id=architecture_direct_mlp_minus_transformer__h1p0__large;category=direct_architecture.ci95_high
offline_contrasts:contrast_id=architecture_direct_mlp_minus_transformer__h1p0__large;category=direct_architecture:raw_sign_flip_p,table_three_axis_contrasts.csv,contrast_id=architecture_direct_mlp_minus_transformer__h1p0__large;category=direct_architecture,raw_sign_flip_p,0.09090909090909091,unitless,paired initialisation-group contrast,5,retrospective_held_out,postprocess/offline_synthesis.json,contrast_id=architecture_direct_mlp_minus_transformer__h1p0__large;category=direct_architecture.raw_sign_flip_p
offline_contrasts:contrast_id=architecture_direct_mlp_minus_transformer__h1p0__large;category=direct_architecture:independent_groups,table_three_axis_contrasts.csv,contrast_id=architecture_direct_mlp_minus_transformer__h1p0__large;category=direct_architecture,independent_groups,5,count,paired initialisation-group contrast,5,retrospective_held_out,postprocess/offline_synthesis.json,contrast_id=architecture_direct_mlp_minus_transformer__h1p0__large;category=direct_architecture.independent_groups
offline_contrasts:contrast_id=capacity_transformer_full_medium_minus_large;category=supporting:effect,table_three_axis_contrasts.csv,contrast_id=capacity_transformer_full_medium_minus_large;category=supporting,effect,-0.0009842554728190104,nats per valid prediction step,paired initialisation-group contrast,5,retrospective_held_out,postprocess/offline_synthesis.json,contrast_id=capacity_transformer_full_medium_minus_large;category=supporting.effect
offline_contrasts:contrast_id=capacity_transformer_full_medium_minus_large;category=supporting:ci95_low,table_three_axis_contrasts.csv,contrast_id=capacity_transformer_full_medium_minus_large;category=supporting,ci95_low,-0.001726706822713216,nats per valid prediction step,paired initialisation-group contrast,5,retrospective_held_out,postprocess/offline_synthesis.json,contrast_id=capacity_transformer_full_medium_minus_large;category=supporting.ci95_low
offline_contrasts:contrast_id=capacity_transformer_full_medium_minus_large;category=supporting:ci95_high,table_three_axis_contrasts.csv,contrast_id=capacity_transformer_full_medium_minus_large;category=supporting,ci95_high,-0.00040946006774902346,nats per valid prediction step,paired initialisation-group contrast,5,retrospective_held_out,postprocess/offline_synthesis.json,contrast_id=capacity_transformer_full_medium_minus_large;category=supporting.ci95_high
offline_contrasts:contrast_id=capacity_transformer_full_medium_minus_large;category=supporting:raw_sign_flip_p,table_three_axis_contrasts.csv,contrast_id=capacity_transformer_full_medium_minus_large;category=supporting,raw_sign_flip_p,0.09090909090909091,unitless,paired initialisation-group contrast,5,retrospective_held_out,postprocess/offline_synthesis.json,contrast_id=capacity_transformer_full_medium_minus_large;category=supporting.raw_sign_flip_p
offline_contrasts:contrast_id=capacity_transformer_full_medium_minus_large;category=supporting:independent_groups,table_three_axis_contrasts.csv,contrast_id=capacity_transformer_full_medium_minus_large;category=supporting,independent_groups,5,count,paired initialisation-group contrast,5,retrospective_held_out,postprocess/offline_synthesis.json,contrast_id=capacity_transformer_full_medium_minus_large;category=supporting.independent_groups
offline_contrasts:contrast_id=capacity_transformer_full_small_minus_medium;category=supporting:effect,table_three_axis_contrasts.csv,contrast_id=capacity_transformer_full_small_minus_medium;category=supporting,effect,0.0013972600301106772,nats per valid prediction step,paired initialisation-group contrast,5,retrospective_held_out,postprocess/offline_synthesis.json,contrast_id=capacity_transformer_full_small_minus_medium;category=supporting.effect
offline_contrasts:contrast_id=capacity_transformer_full_small_minus_medium;category=supporting:ci95_low,table_three_axis_contrasts.csv,contrast_id=capacity_transformer_full_small_minus_medium;category=supporting,ci95_low,0.0008618036905924479,nats per valid prediction step,paired initialisation-group contrast,5,retrospective_held_out,postprocess/offline_synthesis.json,contrast_id=capacity_transformer_full_small_minus_medium;category=supporting.ci95_low
offline_contrasts:contrast_id=capacity_transformer_full_small_minus_medium;category=supporting:ci95_high,table_three_axis_contrasts.csv,contrast_id=capacity_transformer_full_small_minus_medium;category=supporting,ci95_high,0.0020664850870768226,nats per valid prediction step,paired initialisation-group contrast,5,retrospective_held_out,postprocess/offline_synthesis.json,contrast_id=capacity_transformer_full_small_minus_medium;category=supporting.ci95_high
offline_contrasts:contrast_id=capacity_transformer_full_small_minus_medium;category=supporting:raw_sign_flip_p,table_three_axis_contrasts.csv,contrast_id=capacity_transformer_full_small_minus_medium;category=supporting,raw_sign_flip_p,0.09090909090909091,unitless,paired initialisation-group contrast,5,retrospective_held_out,postprocess/offline_synthesis.json,contrast_id=capacity_transformer_full_small_minus_medium;category=supporting.raw_sign_flip_p
offline_contrasts:contrast_id=capacity_transformer_full_small_minus_medium;category=supporting:independent_groups,table_three_axis_contrasts.csv,contrast_id=capacity_transformer_full_small_minus_medium;category=supporting,independent_groups,5,count,paired initialisation-group contrast,5,retrospective_held_out,postprocess/offline_synthesis.json,contrast_id=capacity_transformer_full_small_minus_medium;category=supporting.independent_groups
offline_contrasts:contrast_id=B1_minus_mlp_full_large;category=supporting:effect,table_three_axis_contrasts.csv,contrast_id=B1_minus_mlp_full_large;category=supporting,effect,0.020280615488688154,nats per valid prediction step,paired initialisation-group contrast,5,retrospective_held_out,postprocess/offline_synthesis.json,contrast_id=B1_minus_mlp_full_large;category=supporting.effect
offline_contrasts:contrast_id=B1_minus_mlp_full_large;category=supporting:ci95_low,table_three_axis_contrasts.csv,contrast_id=B1_minus_mlp_full_large;category=supporting,ci95_low,0.01589811642964681,nats per valid prediction step,paired initialisation-group contrast,5,retrospective_held_out,postprocess/offline_synthesis.json,contrast_id=B1_minus_mlp_full_large;category=supporting.ci95_low
offline_contrasts:contrast_id=B1_minus_mlp_full_large;category=supporting:ci95_high,table_three_axis_contrasts.csv,contrast_id=B1_minus_mlp_full_large;category=supporting,ci95_high,0.02489811579386393,nats per valid prediction step,paired initialisation-group contrast,5,retrospective_held_out,postprocess/offline_synthesis.json,contrast_id=B1_minus_mlp_full_large;category=supporting.ci95_high
offline_contrasts:contrast_id=B1_minus_mlp_full_large;category=supporting:raw_sign_flip_p,table_three_axis_contrasts.csv,contrast_id=B1_minus_mlp_full_large;category=supporting,raw_sign_flip_p,0.09090909090909091,unitless,paired initialisation-group contrast,5,retrospective_held_out,postprocess/offline_synthesis.json,contrast_id=B1_minus_mlp_full_large;category=supporting.raw_sign_flip_p
offline_contrasts:contrast_id=B1_minus_mlp_full_large;category=supporting:independent_groups,table_three_axis_contrasts.csv,contrast_id=B1_minus_mlp_full_large;category=supporting,independent_groups,5,count,paired initialisation-group contrast,5,retrospective_held_out,postprocess/offline_synthesis.json,contrast_id=B1_minus_mlp_full_large;category=supporting.independent_groups
offline_contrasts:contrast_id=B1_minus_transformer_full_large;category=supporting:effect,table_three_axis_contrasts.csv,contrast_id=B1_minus_transformer_full_large;category=supporting,effect,0.02698844273885091,nats per valid prediction step,paired initialisation-group contrast,5,retrospective_held_out,postprocess/offline_synthesis.json,contrast_id=B1_minus_transformer_full_large;category=supporting.effect
offline_contrasts:contrast_id=B1_minus_transformer_full_large;category=supporting:ci95_low,table_three_axis_contrasts.csv,contrast_id=B1_minus_transformer_full_large;category=supporting,ci95_low,0.024020210901896162,nats per valid prediction step,paired initialisation-group contrast,5,retrospective_held_out,postprocess/offline_synthesis.json,contrast_id=B1_minus_transformer_full_large;category=supporting.ci95_low
offline_contrasts:contrast_id=B1_minus_transformer_full_large;category=supporting:ci95_high,table_three_axis_contrasts.csv,contrast_id=B1_minus_transformer_full_large;category=supporting,ci95_high,0.029987780253092445,nats per valid prediction step,paired initialisation-group contrast,5,retrospective_held_out,postprocess/offline_synthesis.json,contrast_id=B1_minus_transformer_full_large;category=supporting.ci95_high
offline_contrasts:contrast_id=B1_minus_transformer_full_large;category=supporting:raw_sign_flip_p,table_three_axis_contrasts.csv,contrast_id=B1_minus_transformer_full_large;category=supporting,raw_sign_flip_p,0.09090909090909091,unitless,paired initialisation-group contrast,5,retrospective_held_out,postprocess/offline_synthesis.json,contrast_id=B1_minus_transformer_full_large;category=supporting.raw_sign_flip_p
offline_contrasts:contrast_id=B1_minus_transformer_full_large;category=supporting:independent_groups,table_three_axis_contrasts.csv,contrast_id=B1_minus_transformer_full_large;category=supporting,independent_groups,5,count,paired initialisation-group contrast,5,retrospective_held_out,postprocess/offline_synthesis.json,contrast_id=B1_minus_transformer_full_large;category=supporting.independent_groups
response_strata:model_cell_id=head-large;response_stratum=assertive:retained_seeds,table_response_strata.csv,model_cell_id=head-large;response_stratum=assertive,retained_seeds,3,count,macro mean over declared grouping unit,5,retrospective_held_out,postprocess/heldout/*/heldout_metrics.json,model_cell_id=head-large;response_stratum=assertive.retained_seeds
response_strata:model_cell_id=head-large;response_stratum=assertive:independent_init_groups,table_response_strata.csv,model_cell_id=head-large;response_stratum=assertive,independent_init_groups,5,count,macro mean over declared grouping unit,5,retrospective_held_out,postprocess/heldout/*/heldout_metrics.json,model_cell_id=head-large;response_stratum=assertive.independent_init_groups
response_strata:model_cell_id=head-large;response_stratum=assertive:independent_rollouts,table_response_strata.csv,model_cell_id=head-large;response_stratum=assertive,independent_rollouts,10,count,macro mean over declared grouping unit,5,retrospective_held_out,postprocess/heldout/*/heldout_metrics.json,model_cell_id=head-large;response_stratum=assertive.independent_rollouts
response_strata:model_cell_id=head-large;response_stratum=assertive:windows_mean,table_response_strata.csv,model_cell_id=head-large;response_stratum=assertive,windows_mean,240.0,count,macro mean over declared grouping unit,5,retrospective_held_out,postprocess/heldout/*/heldout_metrics.json,model_cell_id=head-large;response_stratum=assertive.windows_mean
response_strata:model_cell_id=head-large;response_stratum=assertive:target_speed_profile_RMSE_mps,table_response_strata.csv,model_cell_id=head-large;response_stratum=assertive,target_speed_profile_RMSE_mps,5.5968122482299805,metres per second,macro mean over declared grouping unit,5,retrospective_held_out,postprocess/heldout/*/heldout_metrics.json,model_cell_id=head-large;response_stratum=assertive.target_speed_profile_RMSE_mps
response_strata:model_cell_id=head-large;response_stratum=assertive:response_onset_timing_error_s,table_response_strata.csv,model_cell_id=head-large;response_stratum=assertive,response_onset_timing_error_s,1.2000000476837158,seconds,macro mean over declared grouping unit,5,retrospective_held_out,postprocess/heldout/*/heldout_metrics.json,model_cell_id=head-large;response_stratum=assertive.response_onset_timing_error_s
response_strata:model_cell_id=head-large;response_stratum=assertive:conflict_zone_entry_time_error_s,table_response_strata.csv,model_cell_id=head-large;response_stratum=assertive,conflict_zone_entry_time_error_s,0.0,seconds,macro mean over declared grouping unit,5,retrospective_held_out,postprocess/heldout/*/heldout_metrics.json,model_cell_id=head-large;response_stratum=assertive.conflict_zone_entry_time_error_s
response_strata:model_cell_id=head-large;response_stratum=assertive:conflict_zone_probability_mass,table_response_strata.csv,model_cell_id=head-large;response_stratum=assertive,conflict_zone_probability_mass,0.5136731266975403,unitless,macro mean over declared grouping unit,5,retrospective_held_out,postprocess/heldout/*/heldout_metrics.json,model_cell_id=head-large;response_stratum=assertive.conflict_zone_probability_mass
response_strata:model_cell_id=head-large;response_stratum=reactive_pre_response:retained_seeds,table_response_strata.csv,model_cell_id=head-large;response_stratum=reactive_pre_response,retained_seeds,3,count,macro mean over declared grouping unit,5,retrospective_held_out,postprocess/heldout/*/heldout_metrics.json,model_cell_id=head-large;response_stratum=reactive_pre_response.retained_seeds
response_strata:model_cell_id=head-large;response_stratum=reactive_pre_response:independent_init_groups,table_response_strata.csv,model_cell_id=head-large;response_stratum=reactive_pre_response,independent_init_groups,5,count,macro mean over declared grouping unit,5,retrospective_held_out,postprocess/heldout/*/heldout_metrics.json,model_cell_id=head-large;response_stratum=reactive_pre_response.independent_init_groups
response_strata:model_cell_id=head-large;response_stratum=reactive_pre_response:independent_rollouts,table_response_strata.csv,model_cell_id=head-large;response_stratum=reactive_pre_response,independent_rollouts,10,count,macro mean over declared grouping unit,5,retrospective_held_out,postprocess/heldout/*/heldout_metrics.json,model_cell_id=head-large;response_stratum=reactive_pre_response.independent_rollouts
response_strata:model_cell_id=head-large;response_stratum=reactive_pre_response:windows_mean,table_response_strata.csv,model_cell_id=head-large;response_stratum=reactive_pre_response,windows_mean,266.0,count,macro mean over declared grouping unit,5,retrospective_held_out,postprocess/heldout/*/heldout_metrics.json,model_cell_id=head-large;response_stratum=reactive_pre_response.windows_mean
response_strata:model_cell_id=head-large;response_stratum=reactive_pre_response:target_speed_profile_RMSE_mps,table_response_strata.csv,model_cell_id=head-large;response_stratum=reactive_pre_response,target_speed_profile_RMSE_mps,5.368046760559082,metres per second,macro mean over declared grouping unit,5,retrospective_held_out,postprocess/heldout/*/heldout_metrics.json,model_cell_id=head-large;response_stratum=reactive_pre_response.target_speed_profile_RMSE_mps
response_strata:model_cell_id=head-large;response_stratum=reactive_pre_response:response_onset_timing_error_s,table_response_strata.csv,model_cell_id=head-large;response_stratum=reactive_pre_response,response_onset_timing_error_s,0.6299999952316284,seconds,macro mean over declared grouping unit,5,retrospective_held_out,postprocess/heldout/*/heldout_metrics.json,model_cell_id=head-large;response_stratum=reactive_pre_response.response_onset_timing_error_s
response_strata:model_cell_id=head-large;response_stratum=reactive_pre_response:conflict_zone_entry_time_error_s,table_response_strata.csv,model_cell_id=head-large;response_stratum=reactive_pre_response,conflict_zone_entry_time_error_s,0.0028571428265422583,seconds,macro mean over declared grouping unit,5,retrospective_held_out,postprocess/heldout/*/heldout_metrics.json,model_cell_id=head-large;response_stratum=reactive_pre_response.conflict_zone_entry_time_error_s
response_strata:model_cell_id=head-large;response_stratum=reactive_pre_response:conflict_zone_probability_mass,table_response_strata.csv,model_cell_id=head-large;response_stratum=reactive_pre_response,conflict_zone_probability_mass,0.47909273703893024,unitless,macro mean over declared grouping unit,5,retrospective_held_out,postprocess/heldout/*/heldout_metrics.json,model_cell_id=head-large;response_stratum=reactive_pre_response.conflict_zone_probability_mass
response_strata:model_cell_id=head-large;response_stratum=response_onset:retained_seeds,table_response_strata.csv,model_cell_id=head-large;response_stratum=response_onset,retained_seeds,0,count,macro mean over declared grouping unit,0,retrospective_held_out,postprocess/heldout/*/heldout_metrics.json,model_cell_id=head-large;response_stratum=response_onset.retained_seeds
response_strata:model_cell_id=head-large;response_stratum=response_onset:independent_init_groups,table_response_strata.csv,model_cell_id=head-large;response_stratum=response_onset,independent_init_groups,0,count,macro mean over declared grouping unit,0,retrospective_held_out,postprocess/heldout/*/heldout_metrics.json,model_cell_id=head-large;response_stratum=response_onset.independent_init_groups
response_strata:model_cell_id=head-large;response_stratum=response_onset:independent_rollouts,table_response_strata.csv,model_cell_id=head-large;response_stratum=response_onset,independent_rollouts,0,count,macro mean over declared grouping unit,0,retrospective_held_out,postprocess/heldout/*/heldout_metrics.json,model_cell_id=head-large;response_stratum=response_onset.independent_rollouts
response_strata:model_cell_id=head-large;response_stratum=response_active:retained_seeds,table_response_strata.csv,model_cell_id=head-large;response_stratum=response_active,retained_seeds,0,count,macro mean over declared grouping unit,0,retrospective_held_out,postprocess/heldout/*/heldout_metrics.json,model_cell_id=head-large;response_stratum=response_active.retained_seeds
response_strata:model_cell_id=head-large;response_stratum=response_active:independent_init_groups,table_response_strata.csv,model_cell_id=head-large;response_stratum=response_active,independent_init_groups,0,count,macro mean over declared grouping unit,0,retrospective_held_out,postprocess/heldout/*/heldout_metrics.json,model_cell_id=head-large;response_stratum=response_active.independent_init_groups
response_strata:model_cell_id=head-large;response_stratum=response_active:independent_rollouts,table_response_strata.csv,model_cell_id=head-large;response_stratum=response_active,independent_rollouts,0,count,macro mean over declared grouping unit,0,retrospective_held_out,postprocess/heldout/*/heldout_metrics.json,model_cell_id=head-large;response_stratum=response_active.independent_rollouts
response_strata:model_cell_id=mlp-h1p0-large;response_stratum=assertive:retained_seeds,table_response_strata.csv,model_cell_id=mlp-h1p0-large;response_stratum=assertive,retained_seeds,3,count,macro mean over declared grouping unit,5,retrospective_held_out,postprocess/heldout/*/heldout_metrics.json,model_cell_id=mlp-h1p0-large;response_stratum=assertive.retained_seeds
response_strata:model_cell_id=mlp-h1p0-large;response_stratum=assertive:independent_init_groups,table_response_strata.csv,model_cell_id=mlp-h1p0-large;response_stratum=assertive,independent_init_groups,5,count,macro mean over declared grouping unit,5,retrospective_held_out,postprocess/heldout/*/heldout_metrics.json,model_cell_id=mlp-h1p0-large;response_stratum=assertive.independent_init_groups
response_strata:model_cell_id=mlp-h1p0-large;response_stratum=assertive:independent_rollouts,table_response_strata.csv,model_cell_id=mlp-h1p0-large;response_stratum=assertive,independent_rollouts,10,count,macro mean over declared grouping unit,5,retrospective_held_out,postprocess/heldout/*/heldout_metrics.json,model_cell_id=mlp-h1p0-large;response_stratum=assertive.independent_rollouts
response_strata:model_cell_id=mlp-h1p0-large;response_stratum=assertive:windows_mean,table_response_strata.csv,model_cell_id=mlp-h1p0-large;response_stratum=assertive,windows_mean,240.0,count,macro mean over declared grouping unit,5,retrospective_held_out,postprocess/heldout/*/heldout_metrics.json,model_cell_id=mlp-h1p0-large;response_stratum=assertive.windows_mean
response_strata:model_cell_id=mlp-h1p0-large;response_stratum=assertive:target_speed_profile_RMSE_mps,table_response_strata.csv,model_cell_id=mlp-h1p0-large;response_stratum=assertive,target_speed_profile_RMSE_mps,5.571308612823486,metres per second,macro mean over declared grouping unit,5,retrospective_held_out,postprocess/heldout/*/heldout_metrics.json,model_cell_id=mlp-h1p0-large;response_stratum=assertive.target_speed_profile_RMSE_mps
response_strata:model_cell_id=mlp-h1p0-large;response_stratum=assertive:response_onset_timing_error_s,table_response_strata.csv,model_cell_id=mlp-h1p0-large;response_stratum=assertive,response_onset_timing_error_s,0.41155557831128436,seconds,macro mean over declared grouping unit,5,retrospective_held_out,postprocess/heldout/*/heldout_metrics.json,model_cell_id=mlp-h1p0-large;response_stratum=assertive.response_onset_timing_error_s
response_strata:model_cell_id=mlp-h1p0-large;response_stratum=assertive:conflict_zone_entry_time_error_s,table_response_strata.csv,model_cell_id=mlp-h1p0-large;response_stratum=assertive,conflict_zone_entry_time_error_s,-0.0010256410265962284,seconds,macro mean over declared grouping unit,5,retrospective_held_out,postprocess/heldout/*/heldout_metrics.json,model_cell_id=mlp-h1p0-large;response_stratum=assertive.conflict_zone_entry_time_error_s
response_strata:model_cell_id=mlp-h1p0-large;response_stratum=assertive:conflict_zone_probability_mass,table_response_strata.csv,model_cell_id=mlp-h1p0-large;response_stratum=assertive,conflict_zone_probability_mass,0.5201015671094259,unitless,macro mean over declared grouping unit,5,retrospective_held_out,postprocess/heldout/*/heldout_metrics.json,model_cell_id=mlp-h1p0-large;response_stratum=assertive.conflict_zone_probability_mass
response_strata:model_cell_id=mlp-h1p0-large;response_stratum=reactive_pre_response:retained_seeds,table_response_strata.csv,model_cell_id=mlp-h1p0-large;response_stratum=reactive_pre_response,retained_seeds,3,count,macro mean over declared grouping unit,5,retrospective_held_out,postprocess/heldout/*/heldout_metrics.json,model_cell_id=mlp-h1p0-large;response_stratum=reactive_pre_response.retained_seeds
response_strata:model_cell_id=mlp-h1p0-large;response_stratum=reactive_pre_response:independent_init_groups,table_response_strata.csv,model_cell_id=mlp-h1p0-large;response_stratum=reactive_pre_response,independent_init_groups,5,count,macro mean over declared grouping unit,5,retrospective_held_out,postprocess/heldout/*/heldout_metrics.json,model_cell_id=mlp-h1p0-large;response_stratum=reactive_pre_response.independent_init_groups
response_strata:model_cell_id=mlp-h1p0-large;response_stratum=reactive_pre_response:independent_rollouts,table_response_strata.csv,model_cell_id=mlp-h1p0-large;response_stratum=reactive_pre_response,independent_rollouts,10,count,macro mean over declared grouping unit,5,retrospective_held_out,postprocess/heldout/*/heldout_metrics.json,model_cell_id=mlp-h1p0-large;response_stratum=reactive_pre_response.independent_rollouts
response_strata:model_cell_id=mlp-h1p0-large;response_stratum=reactive_pre_response:windows_mean,table_response_strata.csv,model_cell_id=mlp-h1p0-large;response_stratum=reactive_pre_response,windows_mean,266.0,count,macro mean over declared grouping unit,5,retrospective_held_out,postprocess/heldout/*/heldout_metrics.json,model_cell_id=mlp-h1p0-large;response_stratum=reactive_pre_response.windows_mean
response_strata:model_cell_id=mlp-h1p0-large;response_stratum=reactive_pre_response:target_speed_profile_RMSE_mps,table_response_strata.csv,model_cell_id=mlp-h1p0-large;response_stratum=reactive_pre_response,target_speed_profile_RMSE_mps,5.345967133839925,metres per second,macro mean over declared grouping unit,5,retrospective_held_out,postprocess/heldout/*/heldout_metrics.json,model_cell_id=mlp-h1p0-large;response_stratum=reactive_pre_response.target_speed_profile_RMSE_mps
response_strata:model_cell_id=mlp-h1p0-large;response_stratum=reactive_pre_response:response_onset_timing_error_s,table_response_strata.csv,model_cell_id=mlp-h1p0-large;response_stratum=reactive_pre_response,response_onset_timing_error_s,0.25742856164773303,seconds,macro mean over declared grouping unit,5,retrospective_held_out,postprocess/heldout/*/heldout_metrics.json,model_cell_id=mlp-h1p0-large;response_stratum=reactive_pre_response.response_onset_timing_error_s
response_strata:model_cell_id=mlp-h1p0-large;response_stratum=reactive_pre_response:conflict_zone_entry_time_error_s,table_response_strata.csv,model_cell_id=mlp-h1p0-large;response_stratum=reactive_pre_response,conflict_zone_entry_time_error_s,0.0030036629953732095,seconds,macro mean over declared grouping unit,5,retrospective_held_out,postprocess/heldout/*/heldout_metrics.json,model_cell_id=mlp-h1p0-large;response_stratum=reactive_pre_response.conflict_zone_entry_time_error_s
response_strata:model_cell_id=mlp-h1p0-large;response_stratum=reactive_pre_response:conflict_zone_probability_mass,table_response_strata.csv,model_cell_id=mlp-h1p0-large;response_stratum=reactive_pre_response,conflict_zone_probability_mass,0.48029278715451557,unitless,macro mean over declared grouping unit,5,retrospective_held_out,postprocess/heldout/*/heldout_metrics.json,model_cell_id=mlp-h1p0-large;response_stratum=reactive_pre_response.conflict_zone_probability_mass
response_strata:model_cell_id=mlp-h1p0-large;response_stratum=response_onset:retained_seeds,table_response_strata.csv,model_cell_id=mlp-h1p0-large;response_stratum=response_onset,retained_seeds,0,count,macro mean over declared grouping unit,0,retrospective_held_out,postprocess/heldout/*/heldout_metrics.json,model_cell_id=mlp-h1p0-large;response_stratum=response_onset.retained_seeds
response_strata:model_cell_id=mlp-h1p0-large;response_stratum=response_onset:independent_init_groups,table_response_strata.csv,model_cell_id=mlp-h1p0-large;response_stratum=response_onset,independent_init_groups,0,count,macro mean over declared grouping unit,0,retrospective_held_out,postprocess/heldout/*/heldout_metrics.json,model_cell_id=mlp-h1p0-large;response_stratum=response_onset.independent_init_groups
response_strata:model_cell_id=mlp-h1p0-large;response_stratum=response_onset:independent_rollouts,table_response_strata.csv,model_cell_id=mlp-h1p0-large;response_stratum=response_onset,independent_rollouts,0,count,macro mean over declared grouping unit,0,retrospective_held_out,postprocess/heldout/*/heldout_metrics.json,model_cell_id=mlp-h1p0-large;response_stratum=response_onset.independent_rollouts
response_strata:model_cell_id=mlp-h1p0-large;response_stratum=response_active:retained_seeds,table_response_strata.csv,model_cell_id=mlp-h1p0-large;response_stratum=response_active,retained_seeds,0,count,macro mean over declared grouping unit,0,retrospective_held_out,postprocess/heldout/*/heldout_metrics.json,model_cell_id=mlp-h1p0-large;response_stratum=response_active.retained_seeds
response_strata:model_cell_id=mlp-h1p0-large;response_stratum=response_active:independent_init_groups,table_response_strata.csv,model_cell_id=mlp-h1p0-large;response_stratum=response_active,independent_init_groups,0,count,macro mean over declared grouping unit,0,retrospective_held_out,postprocess/heldout/*/heldout_metrics.json,model_cell_id=mlp-h1p0-large;response_stratum=response_active.independent_init_groups
response_strata:model_cell_id=mlp-h1p0-large;response_stratum=response_active:independent_rollouts,table_response_strata.csv,model_cell_id=mlp-h1p0-large;response_stratum=response_active,independent_rollouts,0,count,macro mean over declared grouping unit,0,retrospective_held_out,postprocess/heldout/*/heldout_metrics.json,model_cell_id=mlp-h1p0-large;response_stratum=response_active.independent_rollouts
response_strata:model_cell_id=transformer-h1p0-large;response_stratum=assertive:retained_seeds,table_response_strata.csv,model_cell_id=transformer-h1p0-large;response_stratum=assertive,retained_seeds,3,count,macro mean over declared grouping unit,5,retrospective_held_out,postprocess/heldout/*/heldout_metrics.json,model_cell_id=transformer-h1p0-large;response_stratum=assertive.retained_seeds
response_strata:model_cell_id=transformer-h1p0-large;response_stratum=assertive:independent_init_groups,table_response_strata.csv,model_cell_id=transformer-h1p0-large;response_stratum=assertive,independent_init_groups,5,count,macro mean over declared grouping unit,5,retrospective_held_out,postprocess/heldout/*/heldout_metrics.json,model_cell_id=transformer-h1p0-large;response_stratum=assertive.independent_init_groups
response_strata:model_cell_id=transformer-h1p0-large;response_stratum=assertive:independent_rollouts,table_response_strata.csv,model_cell_id=transformer-h1p0-large;response_stratum=assertive,independent_rollouts,10,count,macro mean over declared grouping unit,5,retrospective_held_out,postprocess/heldout/*/heldout_metrics.json,model_cell_id=transformer-h1p0-large;response_stratum=assertive.independent_rollouts
response_strata:model_cell_id=transformer-h1p0-large;response_stratum=assertive:windows_mean,table_response_strata.csv,model_cell_id=transformer-h1p0-large;response_stratum=assertive,windows_mean,240.0,count,macro mean over declared grouping unit,5,retrospective_held_out,postprocess/heldout/*/heldout_metrics.json,model_cell_id=transformer-h1p0-large;response_stratum=assertive.windows_mean
response_strata:model_cell_id=transformer-h1p0-large;response_stratum=assertive:target_speed_profile_RMSE_mps,table_response_strata.csv,model_cell_id=transformer-h1p0-large;response_stratum=assertive,target_speed_profile_RMSE_mps,5.627071539560954,metres per second,macro mean over declared grouping unit,5,retrospective_held_out,postprocess/heldout/*/heldout_metrics.json,model_cell_id=transformer-h1p0-large;response_stratum=assertive.target_speed_profile_RMSE_mps
response_strata:model_cell_id=transformer-h1p0-large;response_stratum=assertive:response_onset_timing_error_s,table_response_strata.csv,model_cell_id=transformer-h1p0-large;response_stratum=assertive,response_onset_timing_error_s,0.765333354473114,seconds,macro mean over declared grouping unit,5,retrospective_held_out,postprocess/heldout/*/heldout_metrics.json,model_cell_id=transformer-h1p0-large;response_stratum=assertive.response_onset_timing_error_s
response_strata:model_cell_id=transformer-h1p0-large;response_stratum=assertive:conflict_zone_entry_time_error_s,table_response_strata.csv,model_cell_id=transformer-h1p0-large;response_stratum=assertive,conflict_zone_entry_time_error_s,-0.004615384774903457,seconds,macro mean over declared grouping unit,5,retrospective_held_out,postprocess/heldout/*/heldout_metrics.json,model_cell_id=transformer-h1p0-large;response_stratum=assertive.conflict_zone_entry_time_error_s
response_strata:model_cell_id=transformer-h1p0-large;response_stratum=assertive:conflict_zone_probability_mass,table_response_strata.csv,model_cell_id=transformer-h1p0-large;response_stratum=assertive,conflict_zone_probability_mass,0.5142671863238016,unitless,macro mean over declared grouping unit,5,retrospective_held_out,postprocess/heldout/*/heldout_metrics.json,model_cell_id=transformer-h1p0-large;response_stratum=assertive.conflict_zone_probability_mass
response_strata:model_cell_id=transformer-h1p0-large;response_stratum=reactive_pre_response:retained_seeds,table_response_strata.csv,model_cell_id=transformer-h1p0-large;response_stratum=reactive_pre_response,retained_seeds,3,count,macro mean over declared grouping unit,5,retrospective_held_out,postprocess/heldout/*/heldout_metrics.json,model_cell_id=transformer-h1p0-large;response_stratum=reactive_pre_response.retained_seeds
response_strata:model_cell_id=transformer-h1p0-large;response_stratum=reactive_pre_response:independent_init_groups,table_response_strata.csv,model_cell_id=transformer-h1p0-large;response_stratum=reactive_pre_response,independent_init_groups,5,count,macro mean over declared grouping unit,5,retrospective_held_out,postprocess/heldout/*/heldout_metrics.json,model_cell_id=transformer-h1p0-large;response_stratum=reactive_pre_response.independent_init_groups
response_strata:model_cell_id=transformer-h1p0-large;response_stratum=reactive_pre_response:independent_rollouts,table_response_strata.csv,model_cell_id=transformer-h1p0-large;response_stratum=reactive_pre_response,independent_rollouts,10,count,macro mean over declared grouping unit,5,retrospective_held_out,postprocess/heldout/*/heldout_metrics.json,model_cell_id=transformer-h1p0-large;response_stratum=reactive_pre_response.independent_rollouts
response_strata:model_cell_id=transformer-h1p0-large;response_stratum=reactive_pre_response:windows_mean,table_response_strata.csv,model_cell_id=transformer-h1p0-large;response_stratum=reactive_pre_response,windows_mean,266.0,count,macro mean over declared grouping unit,5,retrospective_held_out,postprocess/heldout/*/heldout_metrics.json,model_cell_id=transformer-h1p0-large;response_stratum=reactive_pre_response.windows_mean
response_strata:model_cell_id=transformer-h1p0-large;response_stratum=reactive_pre_response:target_speed_profile_RMSE_mps,table_response_strata.csv,model_cell_id=transformer-h1p0-large;response_stratum=reactive_pre_response,target_speed_profile_RMSE_mps,5.3852494557698565,metres per second,macro mean over declared grouping unit,5,retrospective_held_out,postprocess/heldout/*/heldout_metrics.json,model_cell_id=transformer-h1p0-large;response_stratum=reactive_pre_response.target_speed_profile_RMSE_mps
response_strata:model_cell_id=transformer-h1p0-large;response_stratum=reactive_pre_response:response_onset_timing_error_s,table_response_strata.csv,model_cell_id=transformer-h1p0-large;response_stratum=reactive_pre_response,response_onset_timing_error_s,0.3692222038904826,seconds,macro mean over declared grouping unit,5,retrospective_held_out,postprocess/heldout/*/heldout_metrics.json,model_cell_id=transformer-h1p0-large;response_stratum=reactive_pre_response.response_onset_timing_error_s
response_strata:model_cell_id=transformer-h1p0-large;response_stratum=reactive_pre_response:conflict_zone_entry_time_error_s,table_response_strata.csv,model_cell_id=transformer-h1p0-large;response_stratum=reactive_pre_response,conflict_zone_entry_time_error_s,0.0019047618843615055,seconds,macro mean over declared grouping unit,5,retrospective_held_out,postprocess/heldout/*/heldout_metrics.json,model_cell_id=transformer-h1p0-large;response_stratum=reactive_pre_response.conflict_zone_entry_time_error_s
response_strata:model_cell_id=transformer-h1p0-large;response_stratum=reactive_pre_response:conflict_zone_probability_mass,table_response_strata.csv,model_cell_id=transformer-h1p0-large;response_stratum=reactive_pre_response,conflict_zone_probability_mass,0.47641290227572125,unitless,macro mean over declared grouping unit,5,retrospective_held_out,postprocess/heldout/*/heldout_metrics.json,model_cell_id=transformer-h1p0-large;response_stratum=reactive_pre_response.conflict_zone_probability_mass
response_strata:model_cell_id=transformer-h1p0-large;response_stratum=response_onset:retained_seeds,table_response_strata.csv,model_cell_id=transformer-h1p0-large;response_stratum=response_onset,retained_seeds,0,count,macro mean over declared grouping unit,0,retrospective_held_out,postprocess/heldout/*/heldout_metrics.json,model_cell_id=transformer-h1p0-large;response_stratum=response_onset.retained_seeds
response_strata:model_cell_id=transformer-h1p0-large;response_stratum=response_onset:independent_init_groups,table_response_strata.csv,model_cell_id=transformer-h1p0-large;response_stratum=response_onset,independent_init_groups,0,count,macro mean over declared grouping unit,0,retrospective_held_out,postprocess/heldout/*/heldout_metrics.json,model_cell_id=transformer-h1p0-large;response_stratum=response_onset.independent_init_groups
response_strata:model_cell_id=transformer-h1p0-large;response_stratum=response_onset:independent_rollouts,table_response_strata.csv,model_cell_id=transformer-h1p0-large;response_stratum=response_onset,independent_rollouts,0,count,macro mean over declared grouping unit,0,retrospective_held_out,postprocess/heldout/*/heldout_metrics.json,model_cell_id=transformer-h1p0-large;response_stratum=response_onset.independent_rollouts
response_strata:model_cell_id=transformer-h1p0-large;response_stratum=response_active:retained_seeds,table_response_strata.csv,model_cell_id=transformer-h1p0-large;response_stratum=response_active,retained_seeds,0,count,macro mean over declared grouping unit,0,retrospective_held_out,postprocess/heldout/*/heldout_metrics.json,model_cell_id=transformer-h1p0-large;response_stratum=response_active.retained_seeds
response_strata:model_cell_id=transformer-h1p0-large;response_stratum=response_active:independent_init_groups,table_response_strata.csv,model_cell_id=transformer-h1p0-large;response_stratum=response_active,independent_init_groups,0,count,macro mean over declared grouping unit,0,retrospective_held_out,postprocess/heldout/*/heldout_metrics.json,model_cell_id=transformer-h1p0-large;response_stratum=response_active.independent_init_groups
response_strata:model_cell_id=transformer-h1p0-large;response_stratum=response_active:independent_rollouts,table_response_strata.csv,model_cell_id=transformer-h1p0-large;response_stratum=response_active,independent_rollouts,0,count,macro mean over declared grouping unit,0,retrospective_held_out,postprocess/heldout/*/heldout_metrics.json,model_cell_id=transformer-h1p0-large;response_stratum=response_active.independent_rollouts
calibration:model_cell_id=head-large:retained_seeds,table_calibration_summary.csv,model_cell_id=head-large,retained_seeds,3,count,macro mean over declared grouping unit,3,validation_only,postprocess/calibration/*/calibration.json,model_cell_id=head-large.retained_seeds
calibration:model_cell_id=head-large:temperature_mean,table_calibration_summary.csv,model_cell_id=head-large,temperature_mean,3.1748021039363983,unitless,macro mean over declared grouping unit,3,validation_only,postprocess/calibration/*/calibration.json,model_cell_id=head-large.temperature_mean
calibration:model_cell_id=head-large:covariance_scale_mean,table_calibration_summary.csv,model_cell_id=head-large,covariance_scale_mean,2.5722163336702906,unitless,macro mean over declared grouping unit,3,validation_only,postprocess/calibration/*/calibration.json,model_cell_id=head-large.covariance_scale_mean
calibration:model_cell_id=head-large:identity_validation_nll_mean,table_calibration_summary.csv,model_cell_id=head-large,identity_validation_nll_mean,4.626291977678374,nats per valid prediction step,macro mean over declared grouping unit,3,validation_only,postprocess/calibration/*/calibration.json,model_cell_id=head-large.identity_validation_nll_mean
calibration:model_cell_id=head-large:calibrated_validation_nll_mean,table_calibration_summary.csv,model_cell_id=head-large,calibrated_validation_nll_mean,3.9392329752147375,nats per valid prediction step,macro mean over declared grouping unit,3,validation_only,postprocess/calibration/*/calibration.json,model_cell_id=head-large.calibrated_validation_nll_mean
calibration:model_cell_id=mlp-h0p0-large:retained_seeds,table_calibration_summary.csv,model_cell_id=mlp-h0p0-large,retained_seeds,3,count,macro mean over declared grouping unit,3,validation_only,postprocess/calibration/*/calibration.json,model_cell_id=mlp-h0p0-large.retained_seeds
calibration:model_cell_id=mlp-h0p0-large:temperature_mean,table_calibration_summary.csv,model_cell_id=mlp-h0p0-large,temperature_mean,3.1748021039363983,unitless,macro mean over declared grouping unit,3,validation_only,postprocess/calibration/*/calibration.json,model_cell_id=mlp-h0p0-large.temperature_mean
calibration:model_cell_id=mlp-h0p0-large:covariance_scale_mean,table_calibration_summary.csv,model_cell_id=mlp-h0p0-large,covariance_scale_mean,2.5722163336702906,unitless,macro mean over declared grouping unit,3,validation_only,postprocess/calibration/*/calibration.json,model_cell_id=mlp-h0p0-large.covariance_scale_mean
calibration:model_cell_id=mlp-h0p0-large:identity_validation_nll_mean,table_calibration_summary.csv,model_cell_id=mlp-h0p0-large,identity_validation_nll_mean,4.589750934328257,nats per valid prediction step,macro mean over declared grouping unit,3,validation_only,postprocess/calibration/*/calibration.json,model_cell_id=mlp-h0p0-large.identity_validation_nll_mean
calibration:model_cell_id=mlp-h0p0-large:calibrated_validation_nll_mean,table_calibration_summary.csv,model_cell_id=mlp-h0p0-large,calibrated_validation_nll_mean,3.9212359107154935,nats per valid prediction step,macro mean over declared grouping unit,3,validation_only,postprocess/calibration/*/calibration.json,model_cell_id=mlp-h0p0-large.calibrated_validation_nll_mean
calibration:model_cell_id=mlp-h0p4-large:retained_seeds,table_calibration_summary.csv,model_cell_id=mlp-h0p4-large,retained_seeds,3,count,macro mean over declared grouping unit,3,validation_only,postprocess/calibration/*/calibration.json,model_cell_id=mlp-h0p4-large.retained_seeds
calibration:model_cell_id=mlp-h0p4-large:temperature_mean,table_calibration_summary.csv,model_cell_id=mlp-h0p4-large,temperature_mean,3.1748021039363983,unitless,macro mean over declared grouping unit,3,validation_only,postprocess/calibration/*/calibration.json,model_cell_id=mlp-h0p4-large.temperature_mean
calibration:model_cell_id=mlp-h0p4-large:covariance_scale_mean,table_calibration_summary.csv,model_cell_id=mlp-h0p4-large,covariance_scale_mean,2.5722163336702906,unitless,macro mean over declared grouping unit,3,validation_only,postprocess/calibration/*/calibration.json,model_cell_id=mlp-h0p4-large.covariance_scale_mean
calibration:model_cell_id=mlp-h0p4-large:identity_validation_nll_mean,table_calibration_summary.csv,model_cell_id=mlp-h0p4-large,identity_validation_nll_mean,4.5795142220989895,nats per valid prediction step,macro mean over declared grouping unit,3,validation_only,postprocess/calibration/*/calibration.json,model_cell_id=mlp-h0p4-large.identity_validation_nll_mean
calibration:model_cell_id=mlp-h0p4-large:calibrated_validation_nll_mean,table_calibration_summary.csv,model_cell_id=mlp-h0p4-large,calibrated_validation_nll_mean,3.9169501018860076,nats per valid prediction step,macro mean over declared grouping unit,3,validation_only,postprocess/calibration/*/calibration.json,model_cell_id=mlp-h0p4-large.calibrated_validation_nll_mean
calibration:model_cell_id=mlp-h1p0-large:retained_seeds,table_calibration_summary.csv,model_cell_id=mlp-h1p0-large,retained_seeds,3,count,macro mean over declared grouping unit,3,validation_only,postprocess/calibration/*/calibration.json,model_cell_id=mlp-h1p0-large.retained_seeds
calibration:model_cell_id=mlp-h1p0-large:temperature_mean,table_calibration_summary.csv,model_cell_id=mlp-h1p0-large,temperature_mean,3.1748021039363983,unitless,macro mean over declared grouping unit,3,validation_only,postprocess/calibration/*/calibration.json,model_cell_id=mlp-h1p0-large.temperature_mean
calibration:model_cell_id=mlp-h1p0-large:covariance_scale_mean,table_calibration_summary.csv,model_cell_id=mlp-h1p0-large,covariance_scale_mean,2.5722163336702906,unitless,macro mean over declared grouping unit,3,validation_only,postprocess/calibration/*/calibration.json,model_cell_id=mlp-h1p0-large.covariance_scale_mean
calibration:model_cell_id=mlp-h1p0-large:identity_validation_nll_mean,table_calibration_summary.csv,model_cell_id=mlp-h1p0-large,identity_validation_nll_mean,4.57761709766612,nats per valid prediction step,macro mean over declared grouping unit,3,validation_only,postprocess/calibration/*/calibration.json,model_cell_id=mlp-h1p0-large.identity_validation_nll_mean
calibration:model_cell_id=mlp-h1p0-large:calibrated_validation_nll_mean,table_calibration_summary.csv,model_cell_id=mlp-h1p0-large,calibrated_validation_nll_mean,3.916643409261012,nats per valid prediction step,macro mean over declared grouping unit,3,validation_only,postprocess/calibration/*/calibration.json,model_cell_id=mlp-h1p0-large.calibrated_validation_nll_mean
calibration:model_cell_id=transformer-h0p0-large:retained_seeds,table_calibration_summary.csv,model_cell_id=transformer-h0p0-large,retained_seeds,3,count,macro mean over declared grouping unit,3,validation_only,postprocess/calibration/*/calibration.json,model_cell_id=transformer-h0p0-large.retained_seeds
calibration:model_cell_id=transformer-h0p0-large:temperature_mean,table_calibration_summary.csv,model_cell_id=transformer-h0p0-large,temperature_mean,3.1748021039363983,unitless,macro mean over declared grouping unit,3,validation_only,postprocess/calibration/*/calibration.json,model_cell_id=transformer-h0p0-large.temperature_mean
calibration:model_cell_id=transformer-h0p0-large:covariance_scale_mean,table_calibration_summary.csv,model_cell_id=transformer-h0p0-large,covariance_scale_mean,2.5722163336702906,unitless,macro mean over declared grouping unit,3,validation_only,postprocess/calibration/*/calibration.json,model_cell_id=transformer-h0p0-large.covariance_scale_mean
calibration:model_cell_id=transformer-h0p0-large:identity_validation_nll_mean,table_calibration_summary.csv,model_cell_id=transformer-h0p0-large,identity_validation_nll_mean,4.566282189403913,nats per valid prediction step,macro mean over declared grouping unit,3,validation_only,postprocess/calibration/*/calibration.json,model_cell_id=transformer-h0p0-large.identity_validation_nll_mean
calibration:model_cell_id=transformer-h0p0-large:calibrated_validation_nll_mean,table_calibration_summary.csv,model_cell_id=transformer-h0p0-large,calibrated_validation_nll_mean,3.9148513179018507,nats per valid prediction step,macro mean over declared grouping unit,3,validation_only,postprocess/calibration/*/calibration.json,model_cell_id=transformer-h0p0-large.calibrated_validation_nll_mean
calibration:model_cell_id=transformer-h0p4-large:retained_seeds,table_calibration_summary.csv,model_cell_id=transformer-h0p4-large,retained_seeds,3,count,macro mean over declared grouping unit,3,validation_only,postprocess/calibration/*/calibration.json,model_cell_id=transformer-h0p4-large.retained_seeds
calibration:model_cell_id=transformer-h0p4-large:temperature_mean,table_calibration_summary.csv,model_cell_id=transformer-h0p4-large,temperature_mean,3.1748021039363983,unitless,macro mean over declared grouping unit,3,validation_only,postprocess/calibration/*/calibration.json,model_cell_id=transformer-h0p4-large.temperature_mean
calibration:model_cell_id=transformer-h0p4-large:covariance_scale_mean,table_calibration_summary.csv,model_cell_id=transformer-h0p4-large,covariance_scale_mean,2.5722163336702906,unitless,macro mean over declared grouping unit,3,validation_only,postprocess/calibration/*/calibration.json,model_cell_id=transformer-h0p4-large.covariance_scale_mean
calibration:model_cell_id=transformer-h0p4-large:identity_validation_nll_mean,table_calibration_summary.csv,model_cell_id=transformer-h0p4-large,identity_validation_nll_mean,4.557472325312173,nats per valid prediction step,macro mean over declared grouping unit,3,validation_only,postprocess/calibration/*/calibration.json,model_cell_id=transformer-h0p4-large.identity_validation_nll_mean
calibration:model_cell_id=transformer-h0p4-large:calibrated_validation_nll_mean,table_calibration_summary.csv,model_cell_id=transformer-h0p4-large,calibrated_validation_nll_mean,3.910621765557909,nats per valid prediction step,macro mean over declared grouping unit,3,validation_only,postprocess/calibration/*/calibration.json,model_cell_id=transformer-h0p4-large.calibrated_validation_nll_mean
calibration:model_cell_id=transformer-h1p0-large:retained_seeds,table_calibration_summary.csv,model_cell_id=transformer-h1p0-large,retained_seeds,3,count,macro mean over declared grouping unit,3,validation_only,postprocess/calibration/*/calibration.json,model_cell_id=transformer-h1p0-large.retained_seeds
calibration:model_cell_id=transformer-h1p0-large:temperature_mean,table_calibration_summary.csv,model_cell_id=transformer-h1p0-large,temperature_mean,3.1748021039363983,unitless,macro mean over declared grouping unit,3,validation_only,postprocess/calibration/*/calibration.json,model_cell_id=transformer-h1p0-large.temperature_mean
calibration:model_cell_id=transformer-h1p0-large:covariance_scale_mean,table_calibration_summary.csv,model_cell_id=transformer-h1p0-large,covariance_scale_mean,2.5722163336702906,unitless,macro mean over declared grouping unit,3,validation_only,postprocess/calibration/*/calibration.json,model_cell_id=transformer-h1p0-large.covariance_scale_mean
calibration:model_cell_id=transformer-h1p0-large:identity_validation_nll_mean,table_calibration_summary.csv,model_cell_id=transformer-h1p0-large,identity_validation_nll_mean,4.556468288920332,nats per valid prediction step,macro mean over declared grouping unit,3,validation_only,postprocess/calibration/*/calibration.json,model_cell_id=transformer-h1p0-large.identity_validation_nll_mean
calibration:model_cell_id=transformer-h1p0-large:calibrated_validation_nll_mean,table_calibration_summary.csv,model_cell_id=transformer-h1p0-large,calibrated_validation_nll_mean,3.9115173873155094,nats per valid prediction step,macro mean over declared grouping unit,3,validation_only,postprocess/calibration/*/calibration.json,model_cell_id=transformer-h1p0-large.calibrated_validation_nll_mean
calibration:model_cell_id=transformer-h1p0-medium:retained_seeds,table_calibration_summary.csv,model_cell_id=transformer-h1p0-medium,retained_seeds,3,count,macro mean over declared grouping unit,3,validation_only,postprocess/calibration/*/calibration.json,model_cell_id=transformer-h1p0-medium.retained_seeds
calibration:model_cell_id=transformer-h1p0-medium:temperature_mean,table_calibration_summary.csv,model_cell_id=transformer-h1p0-medium,temperature_mean,3.1748021039363983,unitless,macro mean over declared grouping unit,3,validation_only,postprocess/calibration/*/calibration.json,model_cell_id=transformer-h1p0-medium.temperature_mean
calibration:model_cell_id=transformer-h1p0-medium:covariance_scale_mean,table_calibration_summary.csv,model_cell_id=transformer-h1p0-medium,covariance_scale_mean,2.5722163336702906,unitless,macro mean over declared grouping unit,3,validation_only,postprocess/calibration/*/calibration.json,model_cell_id=transformer-h1p0-medium.covariance_scale_mean
calibration:model_cell_id=transformer-h1p0-medium:identity_validation_nll_mean,table_calibration_summary.csv,model_cell_id=transformer-h1p0-medium,identity_validation_nll_mean,4.557188920726283,nats per valid prediction step,macro mean over declared grouping unit,3,validation_only,postprocess/calibration/*/calibration.json,model_cell_id=transformer-h1p0-medium.identity_validation_nll_mean
calibration:model_cell_id=transformer-h1p0-medium:calibrated_validation_nll_mean,table_calibration_summary.csv,model_cell_id=transformer-h1p0-medium,calibrated_validation_nll_mean,3.9104062999311004,nats per valid prediction step,macro mean over declared grouping unit,3,validation_only,postprocess/calibration/*/calibration.json,model_cell_id=transformer-h1p0-medium.calibrated_validation_nll_mean
calibration:model_cell_id=transformer-h1p0-small:retained_seeds,table_calibration_summary.csv,model_cell_id=transformer-h1p0-small,retained_seeds,3,count,macro mean over declared grouping unit,3,validation_only,postprocess/calibration/*/calibration.json,model_cell_id=transformer-h1p0-small.retained_seeds
calibration:model_cell_id=transformer-h1p0-small:temperature_mean,table_calibration_summary.csv,model_cell_id=transformer-h1p0-small,temperature_mean,3.1748021039363983,unitless,macro mean over declared grouping unit,3,validation_only,postprocess/calibration/*/calibration.json,model_cell_id=transformer-h1p0-small.temperature_mean
calibration:model_cell_id=transformer-h1p0-small:covariance_scale_mean,table_calibration_summary.csv,model_cell_id=transformer-h1p0-small,covariance_scale_mean,2.5722163336702906,unitless,macro mean over declared grouping unit,3,validation_only,postprocess/calibration/*/calibration.json,model_cell_id=transformer-h1p0-small.covariance_scale_mean
calibration:model_cell_id=transformer-h1p0-small:identity_validation_nll_mean,table_calibration_summary.csv,model_cell_id=transformer-h1p0-small,identity_validation_nll_mean,4.558202508816728,nats per valid prediction step,macro mean over declared grouping unit,3,validation_only,postprocess/calibration/*/calibration.json,model_cell_id=transformer-h1p0-small.identity_validation_nll_mean
calibration:model_cell_id=transformer-h1p0-small:calibrated_validation_nll_mean,table_calibration_summary.csv,model_cell_id=transformer-h1p0-small,calibrated_validation_nll_mean,3.91159654919027,nats per valid prediction step,macro mean over declared grouping unit,3,validation_only,postprocess/calibration/*/calibration.json,model_cell_id=transformer-h1p0-small.calibrated_validation_nll_mean
latency:model_cell_id=mlp-h1p0-large:retained_seeds,table_latency_summary.csv,model_cell_id=mlp-h1p0-large,retained_seeds,3,count,macro mean over declared grouping unit,3,validation_latency_and_retrospective_heldout_accuracy,postprocess/latency/*/latency.json,model_cell_id=mlp-h1p0-large.retained_seeds
latency:model_cell_id=mlp-h1p0-large:mean_latency_ms,table_latency_summary.csv,model_cell_id=mlp-h1p0-large,mean_latency_ms,37.13173275192579,milliseconds,macro mean over declared grouping unit,3,validation_latency_and_retrospective_heldout_accuracy,postprocess/latency/*/latency.json,model_cell_id=mlp-h1p0-large.mean_latency_ms
latency:model_cell_id=mlp-h1p0-large:p50_latency_ms,table_latency_summary.csv,model_cell_id=mlp-h1p0-large,p50_latency_ms,36.80442335704962,milliseconds,macro mean over declared grouping unit,3,validation_latency_and_retrospective_heldout_accuracy,postprocess/latency/*/latency.json,model_cell_id=mlp-h1p0-large.p50_latency_ms
latency:model_cell_id=mlp-h1p0-large:p95_latency_ms,table_latency_summary.csv,model_cell_id=mlp-h1p0-large,p95_latency_ms,39.535741259654365,milliseconds,macro mean over declared grouping unit,3,validation_latency_and_retrospective_heldout_accuracy,postprocess/latency/*/latency.json,model_cell_id=mlp-h1p0-large.p95_latency_ms
latency:model_cell_id=mlp-h1p0-large:trainable_parameters,table_latency_summary.csv,model_cell_id=mlp-h1p0-large,trainable_parameters,1035312,unitless,macro mean over declared grouping unit,3,validation_latency_and_retrospective_heldout_accuracy,postprocess/latency/*/latency.json,model_cell_id=mlp-h1p0-large.trainable_parameters
latency:model_cell_id=mlp-h1p0-large:warmup_count,table_latency_summary.csv,model_cell_id=mlp-h1p0-large,warmup_count,20,count,macro mean over declared grouping unit,3,validation_latency_and_retrospective_heldout_accuracy,postprocess/latency/*/latency.json,model_cell_id=mlp-h1p0-large.warmup_count
latency:model_cell_id=mlp-h1p0-large:measured_count,table_latency_summary.csv,model_cell_id=mlp-h1p0-large,measured_count,100,count,macro mean over declared grouping unit,3,validation_latency_and_retrospective_heldout_accuracy,postprocess/latency/*/latency.json,model_cell_id=mlp-h1p0-large.measured_count
latency:model_cell_id=mlp-h1p0-large:heldout_rollout_macro_nll_mean,table_latency_summary.csv,model_cell_id=mlp-h1p0-large,heldout_rollout_macro_nll_mean,3.9230475743611657,nats per valid prediction step,macro mean over declared grouping unit,3,validation_latency_and_retrospective_heldout_accuracy,postprocess/latency/*/latency.json,model_cell_id=mlp-h1p0-large.heldout_rollout_macro_nll_mean
latency:model_cell_id=mlp-h0p4-large:retained_seeds,table_latency_summary.csv,model_cell_id=mlp-h0p4-large,retained_seeds,3,count,macro mean over declared grouping unit,3,validation_latency_and_retrospective_heldout_accuracy,postprocess/latency/*/latency.json,model_cell_id=mlp-h0p4-large.retained_seeds
latency:model_cell_id=mlp-h0p4-large:mean_latency_ms,table_latency_summary.csv,model_cell_id=mlp-h0p4-large,mean_latency_ms,39.51431474337975,milliseconds,macro mean over declared grouping unit,3,validation_latency_and_retrospective_heldout_accuracy,postprocess/latency/*/latency.json,model_cell_id=mlp-h0p4-large.mean_latency_ms
latency:model_cell_id=mlp-h0p4-large:p50_latency_ms,table_latency_summary.csv,model_cell_id=mlp-h0p4-large,p50_latency_ms,38.259273394942284,milliseconds,macro mean over declared grouping unit,3,validation_latency_and_retrospective_heldout_accuracy,postprocess/latency/*/latency.json,model_cell_id=mlp-h0p4-large.p50_latency_ms
latency:model_cell_id=mlp-h0p4-large:p95_latency_ms,table_latency_summary.csv,model_cell_id=mlp-h0p4-large,p95_latency_ms,49.566470893720776,milliseconds,macro mean over declared grouping unit,3,validation_latency_and_retrospective_heldout_accuracy,postprocess/latency/*/latency.json,model_cell_id=mlp-h0p4-large.p95_latency_ms
latency:model_cell_id=mlp-h0p4-large:trainable_parameters,table_latency_summary.csv,model_cell_id=mlp-h0p4-large,trainable_parameters,1035312,unitless,macro mean over declared grouping unit,3,validation_latency_and_retrospective_heldout_accuracy,postprocess/latency/*/latency.json,model_cell_id=mlp-h0p4-large.trainable_parameters
latency:model_cell_id=mlp-h0p4-large:warmup_count,table_latency_summary.csv,model_cell_id=mlp-h0p4-large,warmup_count,20,count,macro mean over declared grouping unit,3,validation_latency_and_retrospective_heldout_accuracy,postprocess/latency/*/latency.json,model_cell_id=mlp-h0p4-large.warmup_count
latency:model_cell_id=mlp-h0p4-large:measured_count,table_latency_summary.csv,model_cell_id=mlp-h0p4-large,measured_count,100,count,macro mean over declared grouping unit,3,validation_latency_and_retrospective_heldout_accuracy,postprocess/latency/*/latency.json,model_cell_id=mlp-h0p4-large.measured_count
latency:model_cell_id=mlp-h0p4-large:heldout_rollout_macro_nll_mean,table_latency_summary.csv,model_cell_id=mlp-h0p4-large,heldout_rollout_macro_nll_mean,3.923324282964071,nats per valid prediction step,macro mean over declared grouping unit,3,validation_latency_and_retrospective_heldout_accuracy,postprocess/latency/*/latency.json,model_cell_id=mlp-h0p4-large.heldout_rollout_macro_nll_mean
latency:model_cell_id=transformer-h1p0-small:retained_seeds,table_latency_summary.csv,model_cell_id=transformer-h1p0-small,retained_seeds,3,count,macro mean over declared grouping unit,3,validation_latency_and_retrospective_heldout_accuracy,postprocess/latency/*/latency.json,model_cell_id=transformer-h1p0-small.retained_seeds
latency:model_cell_id=transformer-h1p0-small:mean_latency_ms,table_latency_summary.csv,model_cell_id=transformer-h1p0-small,mean_latency_ms,40.20205773413181,milliseconds,macro mean over declared grouping unit,3,validation_latency_and_retrospective_heldout_accuracy,postprocess/latency/*/latency.json,model_cell_id=transformer-h1p0-small.mean_latency_ms
latency:model_cell_id=transformer-h1p0-small:p50_latency_ms,table_latency_summary.csv,model_cell_id=transformer-h1p0-small,p50_latency_ms,39.727540065844856,milliseconds,macro mean over declared grouping unit,3,validation_latency_and_retrospective_heldout_accuracy,postprocess/latency/*/latency.json,model_cell_id=transformer-h1p0-small.p50_latency_ms
latency:model_cell_id=transformer-h1p0-small:p95_latency_ms,table_latency_summary.csv,model_cell_id=transformer-h1p0-small,p95_latency_ms,43.48868913948536,milliseconds,macro mean over declared grouping unit,3,validation_latency_and_retrospective_heldout_accuracy,postprocess/latency/*/latency.json,model_cell_id=transformer-h1p0-small.p95_latency_ms
latency:model_cell_id=transformer-h1p0-small:trainable_parameters,table_latency_summary.csv,model_cell_id=transformer-h1p0-small,trainable_parameters,167384,unitless,macro mean over declared grouping unit,3,validation_latency_and_retrospective_heldout_accuracy,postprocess/latency/*/latency.json,model_cell_id=transformer-h1p0-small.trainable_parameters
latency:model_cell_id=transformer-h1p0-small:warmup_count,table_latency_summary.csv,model_cell_id=transformer-h1p0-small,warmup_count,20,count,macro mean over declared grouping unit,3,validation_latency_and_retrospective_heldout_accuracy,postprocess/latency/*/latency.json,model_cell_id=transformer-h1p0-small.warmup_count
latency:model_cell_id=transformer-h1p0-small:measured_count,table_latency_summary.csv,model_cell_id=transformer-h1p0-small,measured_count,100,count,macro mean over declared grouping unit,3,validation_latency_and_retrospective_heldout_accuracy,postprocess/latency/*/latency.json,model_cell_id=transformer-h1p0-small.measured_count
latency:model_cell_id=transformer-h1p0-small:heldout_rollout_macro_nll_mean,table_latency_summary.csv,model_cell_id=transformer-h1p0-small,heldout_rollout_macro_nll_mean,3.9167527516682945,nats per valid prediction step,macro mean over declared grouping unit,3,validation_latency_and_retrospective_heldout_accuracy,postprocess/latency/*/latency.json,model_cell_id=transformer-h1p0-small.heldout_rollout_macro_nll_mean
latency:model_cell_id=transformer-h1p0-medium:retained_seeds,table_latency_summary.csv,model_cell_id=transformer-h1p0-medium,retained_seeds,3,count,macro mean over declared grouping unit,3,validation_latency_and_retrospective_heldout_accuracy,postprocess/latency/*/latency.json,model_cell_id=transformer-h1p0-medium.retained_seeds
latency:model_cell_id=transformer-h1p0-medium:mean_latency_ms,table_latency_summary.csv,model_cell_id=transformer-h1p0-medium,mean_latency_ms,41.48392880956332,milliseconds,macro mean over declared grouping unit,3,validation_latency_and_retrospective_heldout_accuracy,postprocess/latency/*/latency.json,model_cell_id=transformer-h1p0-medium.mean_latency_ms
latency:model_cell_id=transformer-h1p0-medium:p50_latency_ms,table_latency_summary.csv,model_cell_id=transformer-h1p0-medium,p50_latency_ms,39.94906942049662,milliseconds,macro mean over declared grouping unit,3,validation_latency_and_retrospective_heldout_accuracy,postprocess/latency/*/latency.json,model_cell_id=transformer-h1p0-medium.p50_latency_ms
latency:model_cell_id=transformer-h1p0-medium:p95_latency_ms,table_latency_summary.csv,model_cell_id=transformer-h1p0-medium,p95_latency_ms,51.12152447303135,milliseconds,macro mean over declared grouping unit,3,validation_latency_and_retrospective_heldout_accuracy,postprocess/latency/*/latency.json,model_cell_id=transformer-h1p0-medium.p95_latency_ms
latency:model_cell_id=transformer-h1p0-medium:trainable_parameters,table_latency_summary.csv,model_cell_id=transformer-h1p0-medium,trainable_parameters,497840,unitless,macro mean over declared grouping unit,3,validation_latency_and_retrospective_heldout_accuracy,postprocess/latency/*/latency.json,model_cell_id=transformer-h1p0-medium.trainable_parameters
latency:model_cell_id=transformer-h1p0-medium:warmup_count,table_latency_summary.csv,model_cell_id=transformer-h1p0-medium,warmup_count,20,count,macro mean over declared grouping unit,3,validation_latency_and_retrospective_heldout_accuracy,postprocess/latency/*/latency.json,model_cell_id=transformer-h1p0-medium.warmup_count
latency:model_cell_id=transformer-h1p0-medium:measured_count,table_latency_summary.csv,model_cell_id=transformer-h1p0-medium,measured_count,100,count,macro mean over declared grouping unit,3,validation_latency_and_retrospective_heldout_accuracy,postprocess/latency/*/latency.json,model_cell_id=transformer-h1p0-medium.measured_count
latency:model_cell_id=transformer-h1p0-medium:heldout_rollout_macro_nll_mean,table_latency_summary.csv,model_cell_id=transformer-h1p0-medium,heldout_rollout_macro_nll_mean,3.915355491638184,nats per valid prediction step,macro mean over declared grouping unit,3,validation_latency_and_retrospective_heldout_accuracy,postprocess/latency/*/latency.json,model_cell_id=transformer-h1p0-medium.heldout_rollout_macro_nll_mean
latency:model_cell_id=transformer-h0p0-large:retained_seeds,table_latency_summary.csv,model_cell_id=transformer-h0p0-large,retained_seeds,3,count,macro mean over declared grouping unit,3,validation_latency_and_retrospective_heldout_accuracy,postprocess/latency/*/latency.json,model_cell_id=transformer-h0p0-large.retained_seeds
latency:model_cell_id=transformer-h0p0-large:mean_latency_ms,table_latency_summary.csv,model_cell_id=transformer-h0p0-large,mean_latency_ms,41.605261440078415,milliseconds,macro mean over declared grouping unit,3,validation_latency_and_retrospective_heldout_accuracy,postprocess/latency/*/latency.json,model_cell_id=transformer-h0p0-large.mean_latency_ms
latency:model_cell_id=transformer-h0p0-large:p50_latency_ms,table_latency_summary.csv,model_cell_id=transformer-h0p0-large,p50_latency_ms,40.66804796457291,milliseconds,macro mean over declared grouping unit,3,validation_latency_and_retrospective_heldout_accuracy,postprocess/latency/*/latency.json,model_cell_id=transformer-h0p0-large.p50_latency_ms
latency:model_cell_id=transformer-h0p0-large:p95_latency_ms,table_latency_summary.csv,model_cell_id=transformer-h0p0-large,p95_latency_ms,47.33082869400581,milliseconds,macro mean over declared grouping unit,3,validation_latency_and_retrospective_heldout_accuracy,postprocess/latency/*/latency.json,model_cell_id=transformer-h0p0-large.p95_latency_ms
latency:model_cell_id=transformer-h0p0-large:trainable_parameters,table_latency_summary.csv,model_cell_id=transformer-h0p0-large,trainable_parameters,1026816,unitless,macro mean over declared grouping unit,3,validation_latency_and_retrospective_heldout_accuracy,postprocess/latency/*/latency.json,model_cell_id=transformer-h0p0-large.trainable_parameters
latency:model_cell_id=transformer-h0p0-large:warmup_count,table_latency_summary.csv,model_cell_id=transformer-h0p0-large,warmup_count,20,count,macro mean over declared grouping unit,3,validation_latency_and_retrospective_heldout_accuracy,postprocess/latency/*/latency.json,model_cell_id=transformer-h0p0-large.warmup_count
latency:model_cell_id=transformer-h0p0-large:measured_count,table_latency_summary.csv,model_cell_id=transformer-h0p0-large,measured_count,100,count,macro mean over declared grouping unit,3,validation_latency_and_retrospective_heldout_accuracy,postprocess/latency/*/latency.json,model_cell_id=transformer-h0p0-large.measured_count
latency:model_cell_id=transformer-h0p0-large:heldout_rollout_macro_nll_mean,table_latency_summary.csv,model_cell_id=transformer-h0p0-large,heldout_rollout_macro_nll_mean,3.9200677553812664,nats per valid prediction step,macro mean over declared grouping unit,3,validation_latency_and_retrospective_heldout_accuracy,postprocess/latency/*/latency.json,model_cell_id=transformer-h0p0-large.heldout_rollout_macro_nll_mean
latency:model_cell_id=mlp-h0p0-large:retained_seeds,table_latency_summary.csv,model_cell_id=mlp-h0p0-large,retained_seeds,3,count,macro mean over declared grouping unit,3,validation_latency_and_retrospective_heldout_accuracy,postprocess/latency/*/latency.json,model_cell_id=mlp-h0p0-large.retained_seeds
latency:model_cell_id=mlp-h0p0-large:mean_latency_ms,table_latency_summary.csv,model_cell_id=mlp-h0p0-large,mean_latency_ms,41.63828852276007,milliseconds,macro mean over declared grouping unit,3,validation_latency_and_retrospective_heldout_accuracy,postprocess/latency/*/latency.json,model_cell_id=mlp-h0p0-large.mean_latency_ms
latency:model_cell_id=mlp-h0p0-large:p50_latency_ms,table_latency_summary.csv,model_cell_id=mlp-h0p0-large,p50_latency_ms,40.2524167050918,milliseconds,macro mean over declared grouping unit,3,validation_latency_and_retrospective_heldout_accuracy,postprocess/latency/*/latency.json,model_cell_id=mlp-h0p0-large.p50_latency_ms
latency:model_cell_id=mlp-h0p0-large:p95_latency_ms,table_latency_summary.csv,model_cell_id=mlp-h0p0-large,p95_latency_ms,49.68724176287651,milliseconds,macro mean over declared grouping unit,3,validation_latency_and_retrospective_heldout_accuracy,postprocess/latency/*/latency.json,model_cell_id=mlp-h0p0-large.p95_latency_ms
latency:model_cell_id=mlp-h0p0-large:trainable_parameters,table_latency_summary.csv,model_cell_id=mlp-h0p0-large,trainable_parameters,1035312,unitless,macro mean over declared grouping unit,3,validation_latency_and_retrospective_heldout_accuracy,postprocess/latency/*/latency.json,model_cell_id=mlp-h0p0-large.trainable_parameters
latency:model_cell_id=mlp-h0p0-large:warmup_count,table_latency_summary.csv,model_cell_id=mlp-h0p0-large,warmup_count,20,count,macro mean over declared grouping unit,3,validation_latency_and_retrospective_heldout_accuracy,postprocess/latency/*/latency.json,model_cell_id=mlp-h0p0-large.warmup_count
latency:model_cell_id=mlp-h0p0-large:measured_count,table_latency_summary.csv,model_cell_id=mlp-h0p0-large,measured_count,100,count,macro mean over declared grouping unit,3,validation_latency_and_retrospective_heldout_accuracy,postprocess/latency/*/latency.json,model_cell_id=mlp-h0p0-large.measured_count
latency:model_cell_id=mlp-h0p0-large:heldout_rollout_macro_nll_mean,table_latency_summary.csv,model_cell_id=mlp-h0p0-large,heldout_rollout_macro_nll_mean,3.927073987325033,nats per valid prediction step,macro mean over declared grouping unit,3,validation_latency_and_retrospective_heldout_accuracy,postprocess/latency/*/latency.json,model_cell_id=mlp-h0p0-large.heldout_rollout_macro_nll_mean
latency:model_cell_id=head-large:retained_seeds,table_latency_summary.csv,model_cell_id=head-large,retained_seeds,3,count,macro mean over declared grouping unit,3,validation_latency_and_retrospective_heldout_accuracy,postprocess/latency/*/latency.json,model_cell_id=head-large.retained_seeds
latency:model_cell_id=head-large:mean_latency_ms,table_latency_summary.csv,model_cell_id=head-large,mean_latency_ms,42.73865143458048,milliseconds,macro mean over declared grouping unit,3,validation_latency_and_retrospective_heldout_accuracy,postprocess/latency/*/latency.json,model_cell_id=head-large.mean_latency_ms
latency:model_cell_id=head-large:p50_latency_ms,table_latency_summary.csv,model_cell_id=head-large,p50_latency_ms,42.58571440974871,milliseconds,macro mean over declared grouping unit,3,validation_latency_and_retrospective_heldout_accuracy,postprocess/latency/*/latency.json,model_cell_id=head-large.p50_latency_ms
latency:model_cell_id=head-large:p95_latency_ms,table_latency_summary.csv,model_cell_id=head-large,p95_latency_ms,48.51611331105232,milliseconds,macro mean over declared grouping unit,3,validation_latency_and_retrospective_heldout_accuracy,postprocess/latency/*/latency.json,model_cell_id=head-large.p95_latency_ms
latency:model_cell_id=head-large:trainable_parameters,table_latency_summary.csv,model_cell_id=head-large,trainable_parameters,1034208,unitless,macro mean over declared grouping unit,3,validation_latency_and_retrospective_heldout_accuracy,postprocess/latency/*/latency.json,model_cell_id=head-large.trainable_parameters
latency:model_cell_id=head-large:warmup_count,table_latency_summary.csv,model_cell_id=head-large,warmup_count,20,count,macro mean over declared grouping unit,3,validation_latency_and_retrospective_heldout_accuracy,postprocess/latency/*/latency.json,model_cell_id=head-large.warmup_count
latency:model_cell_id=head-large:measured_count,table_latency_summary.csv,model_cell_id=head-large,measured_count,100,count,macro mean over declared grouping unit,3,validation_latency_and_retrospective_heldout_accuracy,postprocess/latency/*/latency.json,model_cell_id=head-large.measured_count
latency:model_cell_id=head-large:heldout_rollout_macro_nll_mean,table_latency_summary.csv,model_cell_id=head-large,heldout_rollout_macro_nll_mean,3.943328189849854,nats per valid prediction step,macro mean over declared grouping unit,3,validation_latency_and_retrospective_heldout_accuracy,postprocess/latency/*/latency.json,model_cell_id=head-large.heldout_rollout_macro_nll_mean
latency:model_cell_id=transformer-h0p4-large:retained_seeds,table_latency_summary.csv,model_cell_id=transformer-h0p4-large,retained_seeds,3,count,macro mean over declared grouping unit,3,validation_latency_and_retrospective_heldout_accuracy,postprocess/latency/*/latency.json,model_cell_id=transformer-h0p4-large.retained_seeds
latency:model_cell_id=transformer-h0p4-large:mean_latency_ms,table_latency_summary.csv,model_cell_id=transformer-h0p4-large,mean_latency_ms,45.69594564537207,milliseconds,macro mean over declared grouping unit,3,validation_latency_and_retrospective_heldout_accuracy,postprocess/latency/*/latency.json,model_cell_id=transformer-h0p4-large.mean_latency_ms
latency:model_cell_id=transformer-h0p4-large:p50_latency_ms,table_latency_summary.csv,model_cell_id=transformer-h0p4-large,p50_latency_ms,45.08958011865616,milliseconds,macro mean over declared grouping unit,3,validation_latency_and_retrospective_heldout_accuracy,postprocess/latency/*/latency.json,model_cell_id=transformer-h0p4-large.p50_latency_ms
latency:model_cell_id=transformer-h0p4-large:p95_latency_ms,table_latency_summary.csv,model_cell_id=transformer-h0p4-large,p95_latency_ms,53.89338315774997,milliseconds,macro mean over declared grouping unit,3,validation_latency_and_retrospective_heldout_accuracy,postprocess/latency/*/latency.json,model_cell_id=transformer-h0p4-large.p95_latency_ms
latency:model_cell_id=transformer-h0p4-large:trainable_parameters,table_latency_summary.csv,model_cell_id=transformer-h0p4-large,trainable_parameters,1026816,unitless,macro mean over declared grouping unit,3,validation_latency_and_retrospective_heldout_accuracy,postprocess/latency/*/latency.json,model_cell_id=transformer-h0p4-large.trainable_parameters
latency:model_cell_id=transformer-h0p4-large:warmup_count,table_latency_summary.csv,model_cell_id=transformer-h0p4-large,warmup_count,20,count,macro mean over declared grouping unit,3,validation_latency_and_retrospective_heldout_accuracy,postprocess/latency/*/latency.json,model_cell_id=transformer-h0p4-large.warmup_count
latency:model_cell_id=transformer-h0p4-large:measured_count,table_latency_summary.csv,model_cell_id=transformer-h0p4-large,measured_count,100,count,macro mean over declared grouping unit,3,validation_latency_and_retrospective_heldout_accuracy,postprocess/latency/*/latency.json,model_cell_id=transformer-h0p4-large.measured_count
latency:model_cell_id=transformer-h0p4-large:heldout_rollout_macro_nll_mean,table_latency_summary.csv,model_cell_id=transformer-h0p4-large,heldout_rollout_macro_nll_mean,3.9158212502797447,nats per valid prediction step,macro mean over declared grouping unit,3,validation_latency_and_retrospective_heldout_accuracy,postprocess/latency/*/latency.json,model_cell_id=transformer-h0p4-large.heldout_rollout_macro_nll_mean
latency:model_cell_id=transformer-h1p0-large:retained_seeds,table_latency_summary.csv,model_cell_id=transformer-h1p0-large,retained_seeds,3,count,macro mean over declared grouping unit,3,validation_latency_and_retrospective_heldout_accuracy,postprocess/latency/*/latency.json,model_cell_id=transformer-h1p0-large.retained_seeds
latency:model_cell_id=transformer-h1p0-large:mean_latency_ms,table_latency_summary.csv,model_cell_id=transformer-h1p0-large,mean_latency_ms,45.921627221008144,milliseconds,macro mean over declared grouping unit,3,validation_latency_and_retrospective_heldout_accuracy,postprocess/latency/*/latency.json,model_cell_id=transformer-h1p0-large.mean_latency_ms
latency:model_cell_id=transformer-h1p0-large:p50_latency_ms,table_latency_summary.csv,model_cell_id=transformer-h1p0-large,p50_latency_ms,45.39593433340391,milliseconds,macro mean over declared grouping unit,3,validation_latency_and_retrospective_heldout_accuracy,postprocess/latency/*/latency.json,model_cell_id=transformer-h1p0-large.p50_latency_ms
latency:model_cell_id=transformer-h1p0-large:p95_latency_ms,table_latency_summary.csv,model_cell_id=transformer-h1p0-large,p95_latency_ms,53.44453708579143,milliseconds,macro mean over declared grouping unit,3,validation_latency_and_retrospective_heldout_accuracy,postprocess/latency/*/latency.json,model_cell_id=transformer-h1p0-large.p95_latency_ms
latency:model_cell_id=transformer-h1p0-large:trainable_parameters,table_latency_summary.csv,model_cell_id=transformer-h1p0-large,trainable_parameters,1026816,unitless,macro mean over declared grouping unit,3,validation_latency_and_retrospective_heldout_accuracy,postprocess/latency/*/latency.json,model_cell_id=transformer-h1p0-large.trainable_parameters
latency:model_cell_id=transformer-h1p0-large:warmup_count,table_latency_summary.csv,model_cell_id=transformer-h1p0-large,warmup_count,20,count,macro mean over declared grouping unit,3,validation_latency_and_retrospective_heldout_accuracy,postprocess/latency/*/latency.json,model_cell_id=transformer-h1p0-large.warmup_count
latency:model_cell_id=transformer-h1p0-large:measured_count,table_latency_summary.csv,model_cell_id=transformer-h1p0-large,measured_count,100,count,macro mean over declared grouping unit,3,validation_latency_and_retrospective_heldout_accuracy,postprocess/latency/*/latency.json,model_cell_id=transformer-h1p0-large.measured_count
latency:model_cell_id=transformer-h1p0-large:heldout_rollout_macro_nll_mean,table_latency_summary.csv,model_cell_id=transformer-h1p0-large,heldout_rollout_macro_nll_mean,3.916339747111003,nats per valid prediction step,macro mean over declared grouping unit,3,validation_latency_and_retrospective_heldout_accuracy,postprocess/latency/*/latency.json,model_cell_id=transformer-h1p0-large.heldout_rollout_macro_nll_mean
closed_loop_cells:predictor=B1;risk_policy=fixed_medium:rollouts,table_closed_loop_cells.csv,predictor=B1;risk_policy=fixed_medium,rollouts,20,count,macro mean over declared grouping unit,10,formal_closed_loop,closed_loop/closed_loop_rows.json,predictor=B1;risk_policy=fixed_medium.rollouts
closed_loop_cells:predictor=B1;risk_policy=fixed_medium:independent_groups,table_closed_loop_cells.csv,predictor=B1;risk_policy=fixed_medium,independent_groups,10,count,macro mean over declared grouping unit,10,formal_closed_loop,closed_loop/closed_loop_rows.json,predictor=B1;risk_policy=fixed_medium.independent_groups
closed_loop_cells:predictor=B1;risk_policy=fixed_medium:target_styles,table_closed_loop_cells.csv,predictor=B1;risk_policy=fixed_medium,target_styles,2,unitless,macro mean over declared grouping unit,10,formal_closed_loop,closed_loop/closed_loop_rows.json,predictor=B1;risk_policy=fixed_medium.target_styles
closed_loop_cells:predictor=B1;risk_policy=fixed_medium:completion_time_s,table_closed_loop_cells.csv,predictor=B1;risk_policy=fixed_medium,completion_time_s,11.502500171400607,seconds,macro mean over declared grouping unit,10,formal_closed_loop,closed_loop/closed_loop_rows.json,predictor=B1;risk_policy=fixed_medium.completion_time_s
closed_loop_cells:predictor=B1;risk_policy=fixed_medium:min_footprint_separation_m,table_closed_loop_cells.csv,predictor=B1;risk_policy=fixed_medium,min_footprint_separation_m,1.1333610922985347,metres,macro mean over declared grouping unit,10,formal_closed_loop,closed_loop/closed_loop_rows.json,predictor=B1;risk_policy=fixed_medium.min_footprint_separation_m
closed_loop_cells:predictor=B1;risk_policy=fixed_medium:footprint_collision_rate,table_closed_loop_cells.csv,predictor=B1;risk_policy=fixed_medium,footprint_collision_rate,0.0,unitless,macro mean over declared grouping unit,10,formal_closed_loop,closed_loop/closed_loop_rows.json,predictor=B1;risk_policy=fixed_medium.footprint_collision_rate
closed_loop_cells:predictor=B1;risk_policy=fixed_medium:solver_failure_fraction,table_closed_loop_cells.csv,predictor=B1;risk_policy=fixed_medium,solver_failure_fraction,0.015082370112522028,unitless,macro mean over declared grouping unit,10,formal_closed_loop,closed_loop/closed_loop_rows.json,predictor=B1;risk_policy=fixed_medium.solver_failure_fraction
closed_loop_cells:predictor=B1;risk_policy=fixed_medium:prediction_fallback_fraction,table_closed_loop_cells.csv,predictor=B1;risk_policy=fixed_medium,prediction_fallback_fraction,0.07898842768094094,unitless,macro mean over declared grouping unit,10,formal_closed_loop,closed_loop/closed_loop_rows.json,predictor=B1;risk_policy=fixed_medium.prediction_fallback_fraction
closed_loop_cells:predictor=B1;risk_policy=fixed_medium:solver_activity_fraction,table_closed_loop_cells.csv,predictor=B1;risk_policy=fixed_medium,solver_activity_fraction,1.0,unitless,macro mean over declared grouping unit,10,formal_closed_loop,closed_loop/closed_loop_rows.json,predictor=B1;risk_policy=fixed_medium.solver_activity_fraction
closed_loop_cells:predictor=B1;risk_policy=fixed_medium:supervisor_active_fraction,table_closed_loop_cells.csv,predictor=B1;risk_policy=fixed_medium,supervisor_active_fraction,0.17410746599686283,unitless,macro mean over declared grouping unit,10,formal_closed_loop,closed_loop/closed_loop_rows.json,predictor=B1;risk_policy=fixed_medium.supervisor_active_fraction
closed_loop_cells:predictor=B1;risk_policy=fixed_medium:inloop_prediction_entropy,table_closed_loop_cells.csv,predictor=B1;risk_policy=fixed_medium,inloop_prediction_entropy,0.887733598994586,unitless,macro mean over declared grouping unit,10,formal_closed_loop,closed_loop/closed_loop_rows.json,predictor=B1;risk_policy=fixed_medium.inloop_prediction_entropy
closed_loop_cells:predictor=B1;risk_policy=fixed_medium:inloop_top1_ADE_m,table_closed_loop_cells.csv,predictor=B1;risk_policy=fixed_medium,inloop_top1_ADE_m,0.26836927661146326,metres,macro mean over declared grouping unit,10,formal_closed_loop,closed_loop/closed_loop_rows.json,predictor=B1;risk_policy=fixed_medium.inloop_top1_ADE_m
closed_loop_cells:predictor=B1;risk_policy=adaptive:rollouts,table_closed_loop_cells.csv,predictor=B1;risk_policy=adaptive,rollouts,20,count,macro mean over declared grouping unit,10,formal_closed_loop,closed_loop/closed_loop_rows.json,predictor=B1;risk_policy=adaptive.rollouts
closed_loop_cells:predictor=B1;risk_policy=adaptive:independent_groups,table_closed_loop_cells.csv,predictor=B1;risk_policy=adaptive,independent_groups,10,count,macro mean over declared grouping unit,10,formal_closed_loop,closed_loop/closed_loop_rows.json,predictor=B1;risk_policy=adaptive.independent_groups
closed_loop_cells:predictor=B1;risk_policy=adaptive:target_styles,table_closed_loop_cells.csv,predictor=B1;risk_policy=adaptive,target_styles,2,unitless,macro mean over declared grouping unit,10,formal_closed_loop,closed_loop/closed_loop_rows.json,predictor=B1;risk_policy=adaptive.target_styles
closed_loop_cells:predictor=B1;risk_policy=adaptive:completion_time_s,table_closed_loop_cells.csv,predictor=B1;risk_policy=adaptive,completion_time_s,11.55750017222017,seconds,macro mean over declared grouping unit,10,formal_closed_loop,closed_loop/closed_loop_rows.json,predictor=B1;risk_policy=adaptive.completion_time_s
closed_loop_cells:predictor=B1;risk_policy=adaptive:min_footprint_separation_m,table_closed_loop_cells.csv,predictor=B1;risk_policy=adaptive,min_footprint_separation_m,1.111110405227947,metres,macro mean over declared grouping unit,10,formal_closed_loop,closed_loop/closed_loop_rows.json,predictor=B1;risk_policy=adaptive.min_footprint_separation_m
closed_loop_cells:predictor=B1;risk_policy=adaptive:footprint_collision_rate,table_closed_loop_cells.csv,predictor=B1;risk_policy=adaptive,footprint_collision_rate,0.0,unitless,macro mean over declared grouping unit,10,formal_closed_loop,closed_loop/closed_loop_rows.json,predictor=B1;risk_policy=adaptive.footprint_collision_rate
closed_loop_cells:predictor=B1;risk_policy=adaptive:solver_failure_fraction,table_closed_loop_cells.csv,predictor=B1;risk_policy=adaptive,solver_failure_fraction,0.014488779015742286,unitless,macro mean over declared grouping unit,10,formal_closed_loop,closed_loop/closed_loop_rows.json,predictor=B1;risk_policy=adaptive.solver_failure_fraction
closed_loop_cells:predictor=B1;risk_policy=adaptive:prediction_fallback_fraction,table_closed_loop_cells.csv,predictor=B1;risk_policy=adaptive,prediction_fallback_fraction,0.078933750667036,unitless,macro mean over declared grouping unit,10,formal_closed_loop,closed_loop/closed_loop_rows.json,predictor=B1;risk_policy=adaptive.prediction_fallback_fraction
closed_loop_cells:predictor=B1;risk_policy=adaptive:solver_activity_fraction,table_closed_loop_cells.csv,predictor=B1;risk_policy=adaptive,solver_activity_fraction,1.0,unitless,macro mean over declared grouping unit,10,formal_closed_loop,closed_loop/closed_loop_rows.json,predictor=B1;risk_policy=adaptive.solver_activity_fraction
closed_loop_cells:predictor=B1;risk_policy=adaptive:supervisor_active_fraction,table_closed_loop_cells.csv,predictor=B1;risk_policy=adaptive,supervisor_active_fraction,0.17090294592717695,unitless,macro mean over declared grouping unit,10,formal_closed_loop,closed_loop/closed_loop_rows.json,predictor=B1;risk_policy=adaptive.supervisor_active_fraction
closed_loop_cells:predictor=B1;risk_policy=adaptive:inloop_prediction_entropy,table_closed_loop_cells.csv,predictor=B1;risk_policy=adaptive,inloop_prediction_entropy,0.883485620718665,unitless,macro mean over declared grouping unit,10,formal_closed_loop,closed_loop/closed_loop_rows.json,predictor=B1;risk_policy=adaptive.inloop_prediction_entropy
closed_loop_cells:predictor=B1;risk_policy=adaptive:inloop_top1_ADE_m,table_closed_loop_cells.csv,predictor=B1;risk_policy=adaptive,inloop_top1_ADE_m,0.25145507176653614,metres,macro mean over declared grouping unit,10,formal_closed_loop,closed_loop/closed_loop_rows.json,predictor=B1;risk_policy=adaptive.inloop_top1_ADE_m
closed_loop_cells:predictor=P_star;risk_policy=fixed_medium:rollouts,table_closed_loop_cells.csv,predictor=P_star;risk_policy=fixed_medium,rollouts,20,count,macro mean over declared grouping unit,10,formal_closed_loop,closed_loop/closed_loop_rows.json,predictor=P_star;risk_policy=fixed_medium.rollouts
closed_loop_cells:predictor=P_star;risk_policy=fixed_medium:independent_groups,table_closed_loop_cells.csv,predictor=P_star;risk_policy=fixed_medium,independent_groups,10,count,macro mean over declared grouping unit,10,formal_closed_loop,closed_loop/closed_loop_rows.json,predictor=P_star;risk_policy=fixed_medium.independent_groups
closed_loop_cells:predictor=P_star;risk_policy=fixed_medium:target_styles,table_closed_loop_cells.csv,predictor=P_star;risk_policy=fixed_medium,target_styles,2,unitless,macro mean over declared grouping unit,10,formal_closed_loop,closed_loop/closed_loop_rows.json,predictor=P_star;risk_policy=fixed_medium.target_styles
closed_loop_cells:predictor=P_star;risk_policy=fixed_medium:completion_time_s,table_closed_loop_cells.csv,predictor=P_star;risk_policy=fixed_medium,completion_time_s,11.595000172778963,seconds,macro mean over declared grouping unit,10,formal_closed_loop,closed_loop/closed_loop_rows.json,predictor=P_star;risk_policy=fixed_medium.completion_time_s
closed_loop_cells:predictor=P_star;risk_policy=fixed_medium:min_footprint_separation_m,table_closed_loop_cells.csv,predictor=P_star;risk_policy=fixed_medium,min_footprint_separation_m,1.1226237605678795,metres,macro mean over declared grouping unit,10,formal_closed_loop,closed_loop/closed_loop_rows.json,predictor=P_star;risk_policy=fixed_medium.min_footprint_separation_m
closed_loop_cells:predictor=P_star;risk_policy=fixed_medium:footprint_collision_rate,table_closed_loop_cells.csv,predictor=P_star;risk_policy=fixed_medium,footprint_collision_rate,0.0,unitless,macro mean over declared grouping unit,10,formal_closed_loop,closed_loop/closed_loop_rows.json,predictor=P_star;risk_policy=fixed_medium.footprint_collision_rate
closed_loop_cells:predictor=P_star;risk_policy=fixed_medium:solver_failure_fraction,table_closed_loop_cells.csv,predictor=P_star;risk_policy=fixed_medium,solver_failure_fraction,0.014627751751382947,unitless,macro mean over declared grouping unit,10,formal_closed_loop,closed_loop/closed_loop_rows.json,predictor=P_star;risk_policy=fixed_medium.solver_failure_fraction
closed_loop_cells:predictor=P_star;risk_policy=fixed_medium:prediction_fallback_fraction,table_closed_loop_cells.csv,predictor=P_star;risk_policy=fixed_medium,prediction_fallback_fraction,0.07840497707002429,unitless,macro mean over declared grouping unit,10,formal_closed_loop,closed_loop/closed_loop_rows.json,predictor=P_star;risk_policy=fixed_medium.prediction_fallback_fraction
closed_loop_cells:predictor=P_star;risk_policy=fixed_medium:solver_activity_fraction,table_closed_loop_cells.csv,predictor=P_star;risk_policy=fixed_medium,solver_activity_fraction,1.0,unitless,macro mean over declared grouping unit,10,formal_closed_loop,closed_loop/closed_loop_rows.json,predictor=P_star;risk_policy=fixed_medium.solver_activity_fraction
closed_loop_cells:predictor=P_star;risk_policy=fixed_medium:supervisor_active_fraction,table_closed_loop_cells.csv,predictor=P_star;risk_policy=fixed_medium,supervisor_active_fraction,0.1716229778460759,unitless,macro mean over declared grouping unit,10,formal_closed_loop,closed_loop/closed_loop_rows.json,predictor=P_star;risk_policy=fixed_medium.supervisor_active_fraction
closed_loop_cells:predictor=P_star;risk_policy=fixed_medium:inloop_prediction_entropy,table_closed_loop_cells.csv,predictor=P_star;risk_policy=fixed_medium,inloop_prediction_entropy,0.9000681892836393,unitless,macro mean over declared grouping unit,10,formal_closed_loop,closed_loop/closed_loop_rows.json,predictor=P_star;risk_policy=fixed_medium.inloop_prediction_entropy
closed_loop_cells:predictor=P_star;risk_policy=fixed_medium:inloop_top1_ADE_m,table_closed_loop_cells.csv,predictor=P_star;risk_policy=fixed_medium,inloop_top1_ADE_m,0.23150288355112547,metres,macro mean over declared grouping unit,10,formal_closed_loop,closed_loop/closed_loop_rows.json,predictor=P_star;risk_policy=fixed_medium.inloop_top1_ADE_m
closed_loop_cells:predictor=P_star;risk_policy=adaptive:rollouts,table_closed_loop_cells.csv,predictor=P_star;risk_policy=adaptive,rollouts,20,count,macro mean over declared grouping unit,10,formal_closed_loop,closed_loop/closed_loop_rows.json,predictor=P_star;risk_policy=adaptive.rollouts
closed_loop_cells:predictor=P_star;risk_policy=adaptive:independent_groups,table_closed_loop_cells.csv,predictor=P_star;risk_policy=adaptive,independent_groups,10,count,macro mean over declared grouping unit,10,formal_closed_loop,closed_loop/closed_loop_rows.json,predictor=P_star;risk_policy=adaptive.independent_groups
closed_loop_cells:predictor=P_star;risk_policy=adaptive:target_styles,table_closed_loop_cells.csv,predictor=P_star;risk_policy=adaptive,target_styles,2,unitless,macro mean over declared grouping unit,10,formal_closed_loop,closed_loop/closed_loop_rows.json,predictor=P_star;risk_policy=adaptive.target_styles
closed_loop_cells:predictor=P_star;risk_policy=adaptive:completion_time_s,table_closed_loop_cells.csv,predictor=P_star;risk_policy=adaptive,completion_time_s,11.337500168941915,seconds,macro mean over declared grouping unit,10,formal_closed_loop,closed_loop/closed_loop_rows.json,predictor=P_star;risk_policy=adaptive.completion_time_s
closed_loop_cells:predictor=P_star;risk_policy=adaptive:min_footprint_separation_m,table_closed_loop_cells.csv,predictor=P_star;risk_policy=adaptive,min_footprint_separation_m,1.1271827040540667,metres,macro mean over declared grouping unit,10,formal_closed_loop,closed_loop/closed_loop_rows.json,predictor=P_star;risk_policy=adaptive.min_footprint_separation_m
closed_loop_cells:predictor=P_star;risk_policy=adaptive:footprint_collision_rate,table_closed_loop_cells.csv,predictor=P_star;risk_policy=adaptive,footprint_collision_rate,0.0,unitless,macro mean over declared grouping unit,10,formal_closed_loop,closed_loop/closed_loop_rows.json,predictor=P_star;risk_policy=adaptive.footprint_collision_rate
closed_loop_cells:predictor=P_star;risk_policy=adaptive:solver_failure_fraction,table_closed_loop_cells.csv,predictor=P_star;risk_policy=adaptive,solver_failure_fraction,0.014850480614501092,unitless,macro mean over declared grouping unit,10,formal_closed_loop,closed_loop/closed_loop_rows.json,predictor=P_star;risk_policy=adaptive.solver_failure_fraction
closed_loop_cells:predictor=P_star;risk_policy=adaptive:prediction_fallback_fraction,table_closed_loop_cells.csv,predictor=P_star;risk_policy=adaptive,prediction_fallback_fraction,0.08038616409824087,unitless,macro mean over declared grouping unit,10,formal_closed_loop,closed_loop/closed_loop_rows.json,predictor=P_star;risk_policy=adaptive.prediction_fallback_fraction
closed_loop_cells:predictor=P_star;risk_policy=adaptive:solver_activity_fraction,table_closed_loop_cells.csv,predictor=P_star;risk_policy=adaptive,solver_activity_fraction,1.0,unitless,macro mean over declared grouping unit,10,formal_closed_loop,closed_loop/closed_loop_rows.json,predictor=P_star;risk_policy=adaptive.solver_activity_fraction
closed_loop_cells:predictor=P_star;risk_policy=adaptive:supervisor_active_fraction,table_closed_loop_cells.csv,predictor=P_star;risk_policy=adaptive,supervisor_active_fraction,0.17596554044493107,unitless,macro mean over declared grouping unit,10,formal_closed_loop,closed_loop/closed_loop_rows.json,predictor=P_star;risk_policy=adaptive.supervisor_active_fraction
closed_loop_cells:predictor=P_star;risk_policy=adaptive:inloop_prediction_entropy,table_closed_loop_cells.csv,predictor=P_star;risk_policy=adaptive,inloop_prediction_entropy,0.9003867478932536,unitless,macro mean over declared grouping unit,10,formal_closed_loop,closed_loop/closed_loop_rows.json,predictor=P_star;risk_policy=adaptive.inloop_prediction_entropy
closed_loop_cells:predictor=P_star;risk_policy=adaptive:inloop_top1_ADE_m,table_closed_loop_cells.csv,predictor=P_star;risk_policy=adaptive,inloop_top1_ADE_m,0.22931534112255117,metres,macro mean over declared grouping unit,10,formal_closed_loop,closed_loop/closed_loop_rows.json,predictor=P_star;risk_policy=adaptive.inloop_top1_ADE_m
closed_loop_contrasts:contrast_id=completion_time_s__P_star_minus_B1__fixed_medium;category=closed_loop:effect,table_model_by_risk_contrasts.csv,contrast_id=completion_time_s__P_star_minus_B1__fixed_medium;category=closed_loop,effect,0.09250000137835741,seconds,paired initialisation-group contrast,10,formal_closed_loop,closed_loop/PREDICTOR_BY_RISK_SYNTHESIS.json,contrast_id=completion_time_s__P_star_minus_B1__fixed_medium;category=closed_loop.effect
closed_loop_contrasts:contrast_id=completion_time_s__P_star_minus_B1__fixed_medium;category=closed_loop:ci95_low,table_model_by_risk_contrasts.csv,contrast_id=completion_time_s__P_star_minus_B1__fixed_medium;category=closed_loop,ci95_low,-0.37000000551342965,seconds,paired initialisation-group contrast,10,formal_closed_loop,closed_loop/PREDICTOR_BY_RISK_SYNTHESIS.json,contrast_id=completion_time_s__P_star_minus_B1__fixed_medium;category=closed_loop.ci95_low
closed_loop_contrasts:contrast_id=completion_time_s__P_star_minus_B1__fixed_medium;category=closed_loop:ci95_high,table_model_by_risk_contrasts.csv,contrast_id=completion_time_s__P_star_minus_B1__fixed_medium;category=closed_loop,ci95_high,0.5750000085681677,seconds,paired initialisation-group contrast,10,formal_closed_loop,closed_loop/PREDICTOR_BY_RISK_SYNTHESIS.json,contrast_id=completion_time_s__P_star_minus_B1__fixed_medium;category=closed_loop.ci95_high
closed_loop_contrasts:contrast_id=completion_time_s__P_star_minus_B1__fixed_medium;category=closed_loop:raw_sign_flip_p,table_model_by_risk_contrasts.csv,contrast_id=completion_time_s__P_star_minus_B1__fixed_medium;category=closed_loop,raw_sign_flip_p,0.6721951219512196,unitless,paired initialisation-group contrast,10,formal_closed_loop,closed_loop/PREDICTOR_BY_RISK_SYNTHESIS.json,contrast_id=completion_time_s__P_star_minus_B1__fixed_medium;category=closed_loop.raw_sign_flip_p
closed_loop_contrasts:contrast_id=completion_time_s__P_star_minus_B1__fixed_medium;category=closed_loop:independent_groups,table_model_by_risk_contrasts.csv,contrast_id=completion_time_s__P_star_minus_B1__fixed_medium;category=closed_loop,independent_groups,10,count,paired initialisation-group contrast,10,formal_closed_loop,closed_loop/PREDICTOR_BY_RISK_SYNTHESIS.json,contrast_id=completion_time_s__P_star_minus_B1__fixed_medium;category=closed_loop.independent_groups
closed_loop_contrasts:contrast_id=completion_time_s__P_star_minus_B1__adaptive;category=closed_loop:effect,table_model_by_risk_contrasts.csv,contrast_id=completion_time_s__P_star_minus_B1__adaptive;category=closed_loop,effect,-0.22000000327825547,seconds,paired initialisation-group contrast,10,formal_closed_loop,closed_loop/PREDICTOR_BY_RISK_SYNTHESIS.json,contrast_id=completion_time_s__P_star_minus_B1__adaptive;category=closed_loop.effect
closed_loop_contrasts:contrast_id=completion_time_s__P_star_minus_B1__adaptive;category=closed_loop:ci95_low,table_model_by_risk_contrasts.csv,contrast_id=completion_time_s__P_star_minus_B1__adaptive;category=closed_loop,ci95_low,-0.7350000109523535,seconds,paired initialisation-group contrast,10,formal_closed_loop,closed_loop/PREDICTOR_BY_RISK_SYNTHESIS.json,contrast_id=completion_time_s__P_star_minus_B1__adaptive;category=closed_loop.ci95_low
closed_loop_contrasts:contrast_id=completion_time_s__P_star_minus_B1__adaptive;category=closed_loop:ci95_high,table_model_by_risk_contrasts.csv,contrast_id=completion_time_s__P_star_minus_B1__adaptive;category=closed_loop,ci95_high,0.3500000052154064,seconds,paired initialisation-group contrast,10,formal_closed_loop,closed_loop/PREDICTOR_BY_RISK_SYNTHESIS.json,contrast_id=completion_time_s__P_star_minus_B1__adaptive;category=closed_loop.ci95_high
closed_loop_contrasts:contrast_id=completion_time_s__P_star_minus_B1__adaptive;category=closed_loop:raw_sign_flip_p,table_model_by_risk_contrasts.csv,contrast_id=completion_time_s__P_star_minus_B1__adaptive;category=closed_loop,raw_sign_flip_p,0.4770731707317073,unitless,paired initialisation-group contrast,10,formal_closed_loop,closed_loop/PREDICTOR_BY_RISK_SYNTHESIS.json,contrast_id=completion_time_s__P_star_minus_B1__adaptive;category=closed_loop.raw_sign_flip_p
closed_loop_contrasts:contrast_id=completion_time_s__P_star_minus_B1__adaptive;category=closed_loop:independent_groups,table_model_by_risk_contrasts.csv,contrast_id=completion_time_s__P_star_minus_B1__adaptive;category=closed_loop,independent_groups,10,count,paired initialisation-group contrast,10,formal_closed_loop,closed_loop/PREDICTOR_BY_RISK_SYNTHESIS.json,contrast_id=completion_time_s__P_star_minus_B1__adaptive;category=closed_loop.independent_groups
closed_loop_contrasts:contrast_id=min_footprint_separation_m__P_star_minus_B1__fixed_medium;category=closed_loop:effect,table_model_by_risk_contrasts.csv,contrast_id=min_footprint_separation_m__P_star_minus_B1__fixed_medium;category=closed_loop,effect,-0.01073733173065502,metres,paired initialisation-group contrast,10,formal_closed_loop,closed_loop/PREDICTOR_BY_RISK_SYNTHESIS.json,contrast_id=min_footprint_separation_m__P_star_minus_B1__fixed_medium;category=closed_loop.effect
closed_loop_contrasts:contrast_id=min_footprint_separation_m__P_star_minus_B1__fixed_medium;category=closed_loop:ci95_low,table_model_by_risk_contrasts.csv,contrast_id=min_footprint_separation_m__P_star_minus_B1__fixed_medium;category=closed_loop,ci95_low,-0.031248009607643894,metres,paired initialisation-group contrast,10,formal_closed_loop,closed_loop/PREDICTOR_BY_RISK_SYNTHESIS.json,contrast_id=min_footprint_separation_m__P_star_minus_B1__fixed_medium;category=closed_loop.ci95_low
closed_loop_contrasts:contrast_id=min_footprint_separation_m__P_star_minus_B1__fixed_medium;category=closed_loop:ci95_high,table_model_by_risk_contrasts.csv,contrast_id=min_footprint_separation_m__P_star_minus_B1__fixed_medium;category=closed_loop,ci95_high,0.006186924653078339,metres,paired initialisation-group contrast,10,formal_closed_loop,closed_loop/PREDICTOR_BY_RISK_SYNTHESIS.json,contrast_id=min_footprint_separation_m__P_star_minus_B1__fixed_medium;category=closed_loop.ci95_high
closed_loop_contrasts:contrast_id=min_footprint_separation_m__P_star_minus_B1__fixed_medium;category=closed_loop:raw_sign_flip_p,table_model_by_risk_contrasts.csv,contrast_id=min_footprint_separation_m__P_star_minus_B1__fixed_medium;category=closed_loop,raw_sign_flip_p,0.35024390243902437,unitless,paired initialisation-group contrast,10,formal_closed_loop,closed_loop/PREDICTOR_BY_RISK_SYNTHESIS.json,contrast_id=min_footprint_separation_m__P_star_minus_B1__fixed_medium;category=closed_loop.raw_sign_flip_p
closed_loop_contrasts:contrast_id=min_footprint_separation_m__P_star_minus_B1__fixed_medium;category=closed_loop:independent_groups,table_model_by_risk_contrasts.csv,contrast_id=min_footprint_separation_m__P_star_minus_B1__fixed_medium;category=closed_loop,independent_groups,10,count,paired initialisation-group contrast,10,formal_closed_loop,closed_loop/PREDICTOR_BY_RISK_SYNTHESIS.json,contrast_id=min_footprint_separation_m__P_star_minus_B1__fixed_medium;category=closed_loop.independent_groups
closed_loop_contrasts:contrast_id=min_footprint_separation_m__P_star_minus_B1__adaptive;category=closed_loop:effect,table_model_by_risk_contrasts.csv,contrast_id=min_footprint_separation_m__P_star_minus_B1__adaptive;category=closed_loop,effect,0.016072298826119623,metres,paired initialisation-group contrast,10,formal_closed_loop,closed_loop/PREDICTOR_BY_RISK_SYNTHESIS.json,contrast_id=min_footprint_separation_m__P_star_minus_B1__adaptive;category=closed_loop.effect
closed_loop_contrasts:contrast_id=min_footprint_separation_m__P_star_minus_B1__adaptive;category=closed_loop:ci95_low,table_model_by_risk_contrasts.csv,contrast_id=min_footprint_separation_m__P_star_minus_B1__adaptive;category=closed_loop,ci95_low,-0.014314048923446555,metres,paired initialisation-group contrast,10,formal_closed_loop,closed_loop/PREDICTOR_BY_RISK_SYNTHESIS.json,contrast_id=min_footprint_separation_m__P_star_minus_B1__adaptive;category=closed_loop.ci95_low
closed_loop_contrasts:contrast_id=min_footprint_separation_m__P_star_minus_B1__adaptive;category=closed_loop:ci95_high,table_model_by_risk_contrasts.csv,contrast_id=min_footprint_separation_m__P_star_minus_B1__adaptive;category=closed_loop,ci95_high,0.061744545400052774,metres,paired initialisation-group contrast,10,formal_closed_loop,closed_loop/PREDICTOR_BY_RISK_SYNTHESIS.json,contrast_id=min_footprint_separation_m__P_star_minus_B1__adaptive;category=closed_loop.ci95_high
closed_loop_contrasts:contrast_id=min_footprint_separation_m__P_star_minus_B1__adaptive;category=closed_loop:raw_sign_flip_p,table_model_by_risk_contrasts.csv,contrast_id=min_footprint_separation_m__P_star_minus_B1__adaptive;category=closed_loop,raw_sign_flip_p,0.6936585365853658,unitless,paired initialisation-group contrast,10,formal_closed_loop,closed_loop/PREDICTOR_BY_RISK_SYNTHESIS.json,contrast_id=min_footprint_separation_m__P_star_minus_B1__adaptive;category=closed_loop.raw_sign_flip_p
closed_loop_contrasts:contrast_id=min_footprint_separation_m__P_star_minus_B1__adaptive;category=closed_loop:independent_groups,table_model_by_risk_contrasts.csv,contrast_id=min_footprint_separation_m__P_star_minus_B1__adaptive;category=closed_loop,independent_groups,10,count,paired initialisation-group contrast,10,formal_closed_loop,closed_loop/PREDICTOR_BY_RISK_SYNTHESIS.json,contrast_id=min_footprint_separation_m__P_star_minus_B1__adaptive;category=closed_loop.independent_groups
closed_loop_contrasts:contrast_id=footprint_collision_rate__P_star_minus_B1__fixed_medium;category=closed_loop:effect,table_model_by_risk_contrasts.csv,contrast_id=footprint_collision_rate__P_star_minus_B1__fixed_medium;category=closed_loop,effect,0.0,unitless,paired initialisation-group contrast,10,formal_closed_loop,closed_loop/PREDICTOR_BY_RISK_SYNTHESIS.json,contrast_id=footprint_collision_rate__P_star_minus_B1__fixed_medium;category=closed_loop.effect
closed_loop_contrasts:contrast_id=footprint_collision_rate__P_star_minus_B1__fixed_medium;category=closed_loop:ci95_low,table_model_by_risk_contrasts.csv,contrast_id=footprint_collision_rate__P_star_minus_B1__fixed_medium;category=closed_loop,ci95_low,0.0,unitless,paired initialisation-group contrast,10,formal_closed_loop,closed_loop/PREDICTOR_BY_RISK_SYNTHESIS.json,contrast_id=footprint_collision_rate__P_star_minus_B1__fixed_medium;category=closed_loop.ci95_low
closed_loop_contrasts:contrast_id=footprint_collision_rate__P_star_minus_B1__fixed_medium;category=closed_loop:ci95_high,table_model_by_risk_contrasts.csv,contrast_id=footprint_collision_rate__P_star_minus_B1__fixed_medium;category=closed_loop,ci95_high,0.0,unitless,paired initialisation-group contrast,10,formal_closed_loop,closed_loop/PREDICTOR_BY_RISK_SYNTHESIS.json,contrast_id=footprint_collision_rate__P_star_minus_B1__fixed_medium;category=closed_loop.ci95_high
closed_loop_contrasts:contrast_id=footprint_collision_rate__P_star_minus_B1__fixed_medium;category=closed_loop:raw_sign_flip_p,table_model_by_risk_contrasts.csv,contrast_id=footprint_collision_rate__P_star_minus_B1__fixed_medium;category=closed_loop,raw_sign_flip_p,1.0,unitless,paired initialisation-group contrast,10,formal_closed_loop,closed_loop/PREDICTOR_BY_RISK_SYNTHESIS.json,contrast_id=footprint_collision_rate__P_star_minus_B1__fixed_medium;category=closed_loop.raw_sign_flip_p
closed_loop_contrasts:contrast_id=footprint_collision_rate__P_star_minus_B1__fixed_medium;category=closed_loop:independent_groups,table_model_by_risk_contrasts.csv,contrast_id=footprint_collision_rate__P_star_minus_B1__fixed_medium;category=closed_loop,independent_groups,10,count,paired initialisation-group contrast,10,formal_closed_loop,closed_loop/PREDICTOR_BY_RISK_SYNTHESIS.json,contrast_id=footprint_collision_rate__P_star_minus_B1__fixed_medium;category=closed_loop.independent_groups
closed_loop_contrasts:contrast_id=footprint_collision_rate__P_star_minus_B1__adaptive;category=closed_loop:effect,table_model_by_risk_contrasts.csv,contrast_id=footprint_collision_rate__P_star_minus_B1__adaptive;category=closed_loop,effect,0.0,unitless,paired initialisation-group contrast,10,formal_closed_loop,closed_loop/PREDICTOR_BY_RISK_SYNTHESIS.json,contrast_id=footprint_collision_rate__P_star_minus_B1__adaptive;category=closed_loop.effect
closed_loop_contrasts:contrast_id=footprint_collision_rate__P_star_minus_B1__adaptive;category=closed_loop:ci95_low,table_model_by_risk_contrasts.csv,contrast_id=footprint_collision_rate__P_star_minus_B1__adaptive;category=closed_loop,ci95_low,0.0,unitless,paired initialisation-group contrast,10,formal_closed_loop,closed_loop/PREDICTOR_BY_RISK_SYNTHESIS.json,contrast_id=footprint_collision_rate__P_star_minus_B1__adaptive;category=closed_loop.ci95_low
closed_loop_contrasts:contrast_id=footprint_collision_rate__P_star_minus_B1__adaptive;category=closed_loop:ci95_high,table_model_by_risk_contrasts.csv,contrast_id=footprint_collision_rate__P_star_minus_B1__adaptive;category=closed_loop,ci95_high,0.0,unitless,paired initialisation-group contrast,10,formal_closed_loop,closed_loop/PREDICTOR_BY_RISK_SYNTHESIS.json,contrast_id=footprint_collision_rate__P_star_minus_B1__adaptive;category=closed_loop.ci95_high
closed_loop_contrasts:contrast_id=footprint_collision_rate__P_star_minus_B1__adaptive;category=closed_loop:raw_sign_flip_p,table_model_by_risk_contrasts.csv,contrast_id=footprint_collision_rate__P_star_minus_B1__adaptive;category=closed_loop,raw_sign_flip_p,1.0,unitless,paired initialisation-group contrast,10,formal_closed_loop,closed_loop/PREDICTOR_BY_RISK_SYNTHESIS.json,contrast_id=footprint_collision_rate__P_star_minus_B1__adaptive;category=closed_loop.raw_sign_flip_p
closed_loop_contrasts:contrast_id=footprint_collision_rate__P_star_minus_B1__adaptive;category=closed_loop:independent_groups,table_model_by_risk_contrasts.csv,contrast_id=footprint_collision_rate__P_star_minus_B1__adaptive;category=closed_loop,independent_groups,10,count,paired initialisation-group contrast,10,formal_closed_loop,closed_loop/PREDICTOR_BY_RISK_SYNTHESIS.json,contrast_id=footprint_collision_rate__P_star_minus_B1__adaptive;category=closed_loop.independent_groups
closed_loop_contrasts:contrast_id=solver_failure_fraction__P_star_minus_B1__fixed_medium;category=closed_loop:effect,table_model_by_risk_contrasts.csv,contrast_id=solver_failure_fraction__P_star_minus_B1__fixed_medium;category=closed_loop,effect,-0.00045461836113908213,unitless,paired initialisation-group contrast,10,formal_closed_loop,closed_loop/PREDICTOR_BY_RISK_SYNTHESIS.json,contrast_id=solver_failure_fraction__P_star_minus_B1__fixed_medium;category=closed_loop.effect
closed_loop_contrasts:contrast_id=solver_failure_fraction__P_star_minus_B1__fixed_medium;category=closed_loop:ci95_low,table_model_by_risk_contrasts.csv,contrast_id=solver_failure_fraction__P_star_minus_B1__fixed_medium;category=closed_loop,ci95_low,-0.0012780360545763514,unitless,paired initialisation-group contrast,10,formal_closed_loop,closed_loop/PREDICTOR_BY_RISK_SYNTHESIS.json,contrast_id=solver_failure_fraction__P_star_minus_B1__fixed_medium;category=closed_loop.ci95_low
closed_loop_contrasts:contrast_id=solver_failure_fraction__P_star_minus_B1__fixed_medium;category=closed_loop:ci95_high,table_model_by_risk_contrasts.csv,contrast_id=solver_failure_fraction__P_star_minus_B1__fixed_medium;category=closed_loop,ci95_high,0.000277299496855284,unitless,paired initialisation-group contrast,10,formal_closed_loop,closed_loop/PREDICTOR_BY_RISK_SYNTHESIS.json,contrast_id=solver_failure_fraction__P_star_minus_B1__fixed_medium;category=closed_loop.ci95_high
closed_loop_contrasts:contrast_id=solver_failure_fraction__P_star_minus_B1__fixed_medium;category=closed_loop:raw_sign_flip_p,table_model_by_risk_contrasts.csv,contrast_id=solver_failure_fraction__P_star_minus_B1__fixed_medium;category=closed_loop,raw_sign_flip_p,0.33463414634146343,unitless,paired initialisation-group contrast,10,formal_closed_loop,closed_loop/PREDICTOR_BY_RISK_SYNTHESIS.json,contrast_id=solver_failure_fraction__P_star_minus_B1__fixed_medium;category=closed_loop.raw_sign_flip_p
closed_loop_contrasts:contrast_id=solver_failure_fraction__P_star_minus_B1__fixed_medium;category=closed_loop:independent_groups,table_model_by_risk_contrasts.csv,contrast_id=solver_failure_fraction__P_star_minus_B1__fixed_medium;category=closed_loop,independent_groups,10,count,paired initialisation-group contrast,10,formal_closed_loop,closed_loop/PREDICTOR_BY_RISK_SYNTHESIS.json,contrast_id=solver_failure_fraction__P_star_minus_B1__fixed_medium;category=closed_loop.independent_groups
closed_loop_contrasts:contrast_id=solver_failure_fraction__P_star_minus_B1__adaptive;category=closed_loop:effect,table_model_by_risk_contrasts.csv,contrast_id=solver_failure_fraction__P_star_minus_B1__adaptive;category=closed_loop,effect,0.00036170159875880304,unitless,paired initialisation-group contrast,10,formal_closed_loop,closed_loop/PREDICTOR_BY_RISK_SYNTHESIS.json,contrast_id=solver_failure_fraction__P_star_minus_B1__adaptive;category=closed_loop.effect
closed_loop_contrasts:contrast_id=solver_failure_fraction__P_star_minus_B1__adaptive;category=closed_loop:ci95_low,table_model_by_risk_contrasts.csv,contrast_id=solver_failure_fraction__P_star_minus_B1__adaptive;category=closed_loop,ci95_low,-0.0005298518700575173,unitless,paired initialisation-group contrast,10,formal_closed_loop,closed_loop/PREDICTOR_BY_RISK_SYNTHESIS.json,contrast_id=solver_failure_fraction__P_star_minus_B1__adaptive;category=closed_loop.ci95_low
closed_loop_contrasts:contrast_id=solver_failure_fraction__P_star_minus_B1__adaptive;category=closed_loop:ci95_high,table_model_by_risk_contrasts.csv,contrast_id=solver_failure_fraction__P_star_minus_B1__adaptive;category=closed_loop,ci95_high,0.0011137178105679677,unitless,paired initialisation-group contrast,10,formal_closed_loop,closed_loop/PREDICTOR_BY_RISK_SYNTHESIS.json,contrast_id=solver_failure_fraction__P_star_minus_B1__adaptive;category=closed_loop.ci95_high
closed_loop_contrasts:contrast_id=solver_failure_fraction__P_star_minus_B1__adaptive;category=closed_loop:raw_sign_flip_p,table_model_by_risk_contrasts.csv,contrast_id=solver_failure_fraction__P_star_minus_B1__adaptive;category=closed_loop,raw_sign_flip_p,0.43414634146341463,unitless,paired initialisation-group contrast,10,formal_closed_loop,closed_loop/PREDICTOR_BY_RISK_SYNTHESIS.json,contrast_id=solver_failure_fraction__P_star_minus_B1__adaptive;category=closed_loop.raw_sign_flip_p
closed_loop_contrasts:contrast_id=solver_failure_fraction__P_star_minus_B1__adaptive;category=closed_loop:independent_groups,table_model_by_risk_contrasts.csv,contrast_id=solver_failure_fraction__P_star_minus_B1__adaptive;category=closed_loop,independent_groups,10,count,paired initialisation-group contrast,10,formal_closed_loop,closed_loop/PREDICTOR_BY_RISK_SYNTHESIS.json,contrast_id=solver_failure_fraction__P_star_minus_B1__adaptive;category=closed_loop.independent_groups
closed_loop_contrasts:contrast_id=prediction_fallback_fraction__P_star_minus_B1__fixed_medium;category=closed_loop:effect,table_model_by_risk_contrasts.csv,contrast_id=prediction_fallback_fraction__P_star_minus_B1__fixed_medium;category=closed_loop,effect,-0.0005834506109166415,unitless,paired initialisation-group contrast,10,formal_closed_loop,closed_loop/PREDICTOR_BY_RISK_SYNTHESIS.json,contrast_id=prediction_fallback_fraction__P_star_minus_B1__fixed_medium;category=closed_loop.effect
closed_loop_contrasts:contrast_id=prediction_fallback_fraction__P_star_minus_B1__fixed_medium;category=closed_loop:ci95_low,table_model_by_risk_contrasts.csv,contrast_id=prediction_fallback_fraction__P_star_minus_B1__fixed_medium;category=closed_loop,ci95_low,-0.003470004361723137,unitless,paired initialisation-group contrast,10,formal_closed_loop,closed_loop/PREDICTOR_BY_RISK_SYNTHESIS.json,contrast_id=prediction_fallback_fraction__P_star_minus_B1__fixed_medium;category=closed_loop.ci95_low
closed_loop_contrasts:contrast_id=prediction_fallback_fraction__P_star_minus_B1__fixed_medium;category=closed_loop:ci95_high,table_model_by_risk_contrasts.csv,contrast_id=prediction_fallback_fraction__P_star_minus_B1__fixed_medium;category=closed_loop,ci95_high,0.0022702338090920204,unitless,paired initialisation-group contrast,10,formal_closed_loop,closed_loop/PREDICTOR_BY_RISK_SYNTHESIS.json,contrast_id=prediction_fallback_fraction__P_star_minus_B1__fixed_medium;category=closed_loop.ci95_high
closed_loop_contrasts:contrast_id=prediction_fallback_fraction__P_star_minus_B1__fixed_medium;category=closed_loop:raw_sign_flip_p,table_model_by_risk_contrasts.csv,contrast_id=prediction_fallback_fraction__P_star_minus_B1__fixed_medium;category=closed_loop,raw_sign_flip_p,0.7053658536585365,unitless,paired initialisation-group contrast,10,formal_closed_loop,closed_loop/PREDICTOR_BY_RISK_SYNTHESIS.json,contrast_id=prediction_fallback_fraction__P_star_minus_B1__fixed_medium;category=closed_loop.raw_sign_flip_p
closed_loop_contrasts:contrast_id=prediction_fallback_fraction__P_star_minus_B1__fixed_medium;category=closed_loop:independent_groups,table_model_by_risk_contrasts.csv,contrast_id=prediction_fallback_fraction__P_star_minus_B1__fixed_medium;category=closed_loop,independent_groups,10,count,paired initialisation-group contrast,10,formal_closed_loop,closed_loop/PREDICTOR_BY_RISK_SYNTHESIS.json,contrast_id=prediction_fallback_fraction__P_star_minus_B1__fixed_medium;category=closed_loop.independent_groups
closed_loop_contrasts:contrast_id=prediction_fallback_fraction__P_star_minus_B1__adaptive;category=closed_loop:effect,table_model_by_risk_contrasts.csv,contrast_id=prediction_fallback_fraction__P_star_minus_B1__adaptive;category=closed_loop,effect,0.0014524134312048742,unitless,paired initialisation-group contrast,10,formal_closed_loop,closed_loop/PREDICTOR_BY_RISK_SYNTHESIS.json,contrast_id=prediction_fallback_fraction__P_star_minus_B1__adaptive;category=closed_loop.effect
closed_loop_contrasts:contrast_id=prediction_fallback_fraction__P_star_minus_B1__adaptive;category=closed_loop:ci95_low,table_model_by_risk_contrasts.csv,contrast_id=prediction_fallback_fraction__P_star_minus_B1__adaptive;category=closed_loop,ci95_low,-0.0020916156292072226,unitless,paired initialisation-group contrast,10,formal_closed_loop,closed_loop/PREDICTOR_BY_RISK_SYNTHESIS.json,contrast_id=prediction_fallback_fraction__P_star_minus_B1__adaptive;category=closed_loop.ci95_low
closed_loop_contrasts:contrast_id=prediction_fallback_fraction__P_star_minus_B1__adaptive;category=closed_loop:ci95_high,table_model_by_risk_contrasts.csv,contrast_id=prediction_fallback_fraction__P_star_minus_B1__adaptive;category=closed_loop,ci95_high,0.004611041521458121,unitless,paired initialisation-group contrast,10,formal_closed_loop,closed_loop/PREDICTOR_BY_RISK_SYNTHESIS.json,contrast_id=prediction_fallback_fraction__P_star_minus_B1__adaptive;category=closed_loop.ci95_high
closed_loop_contrasts:contrast_id=prediction_fallback_fraction__P_star_minus_B1__adaptive;category=closed_loop:raw_sign_flip_p,table_model_by_risk_contrasts.csv,contrast_id=prediction_fallback_fraction__P_star_minus_B1__adaptive;category=closed_loop,raw_sign_flip_p,0.4419512195121951,unitless,paired initialisation-group contrast,10,formal_closed_loop,closed_loop/PREDICTOR_BY_RISK_SYNTHESIS.json,contrast_id=prediction_fallback_fraction__P_star_minus_B1__adaptive;category=closed_loop.raw_sign_flip_p
closed_loop_contrasts:contrast_id=prediction_fallback_fraction__P_star_minus_B1__adaptive;category=closed_loop:independent_groups,table_model_by_risk_contrasts.csv,contrast_id=prediction_fallback_fraction__P_star_minus_B1__adaptive;category=closed_loop,independent_groups,10,count,paired initialisation-group contrast,10,formal_closed_loop,closed_loop/PREDICTOR_BY_RISK_SYNTHESIS.json,contrast_id=prediction_fallback_fraction__P_star_minus_B1__adaptive;category=closed_loop.independent_groups
closed_loop_contrasts:contrast_id=solver_activity_fraction__P_star_minus_B1__fixed_medium;category=closed_loop:effect,table_model_by_risk_contrasts.csv,contrast_id=solver_activity_fraction__P_star_minus_B1__fixed_medium;category=closed_loop,effect,0.0,unitless,paired initialisation-group contrast,10,formal_closed_loop,closed_loop/PREDICTOR_BY_RISK_SYNTHESIS.json,contrast_id=solver_activity_fraction__P_star_minus_B1__fixed_medium;category=closed_loop.effect
closed_loop_contrasts:contrast_id=solver_activity_fraction__P_star_minus_B1__fixed_medium;category=closed_loop:ci95_low,table_model_by_risk_contrasts.csv,contrast_id=solver_activity_fraction__P_star_minus_B1__fixed_medium;category=closed_loop,ci95_low,0.0,unitless,paired initialisation-group contrast,10,formal_closed_loop,closed_loop/PREDICTOR_BY_RISK_SYNTHESIS.json,contrast_id=solver_activity_fraction__P_star_minus_B1__fixed_medium;category=closed_loop.ci95_low
closed_loop_contrasts:contrast_id=solver_activity_fraction__P_star_minus_B1__fixed_medium;category=closed_loop:ci95_high,table_model_by_risk_contrasts.csv,contrast_id=solver_activity_fraction__P_star_minus_B1__fixed_medium;category=closed_loop,ci95_high,0.0,unitless,paired initialisation-group contrast,10,formal_closed_loop,closed_loop/PREDICTOR_BY_RISK_SYNTHESIS.json,contrast_id=solver_activity_fraction__P_star_minus_B1__fixed_medium;category=closed_loop.ci95_high
closed_loop_contrasts:contrast_id=solver_activity_fraction__P_star_minus_B1__fixed_medium;category=closed_loop:raw_sign_flip_p,table_model_by_risk_contrasts.csv,contrast_id=solver_activity_fraction__P_star_minus_B1__fixed_medium;category=closed_loop,raw_sign_flip_p,1.0,unitless,paired initialisation-group contrast,10,formal_closed_loop,closed_loop/PREDICTOR_BY_RISK_SYNTHESIS.json,contrast_id=solver_activity_fraction__P_star_minus_B1__fixed_medium;category=closed_loop.raw_sign_flip_p
closed_loop_contrasts:contrast_id=solver_activity_fraction__P_star_minus_B1__fixed_medium;category=closed_loop:independent_groups,table_model_by_risk_contrasts.csv,contrast_id=solver_activity_fraction__P_star_minus_B1__fixed_medium;category=closed_loop,independent_groups,10,count,paired initialisation-group contrast,10,formal_closed_loop,closed_loop/PREDICTOR_BY_RISK_SYNTHESIS.json,contrast_id=solver_activity_fraction__P_star_minus_B1__fixed_medium;category=closed_loop.independent_groups
closed_loop_contrasts:contrast_id=solver_activity_fraction__P_star_minus_B1__adaptive;category=closed_loop:effect,table_model_by_risk_contrasts.csv,contrast_id=solver_activity_fraction__P_star_minus_B1__adaptive;category=closed_loop,effect,0.0,unitless,paired initialisation-group contrast,10,formal_closed_loop,closed_loop/PREDICTOR_BY_RISK_SYNTHESIS.json,contrast_id=solver_activity_fraction__P_star_minus_B1__adaptive;category=closed_loop.effect
closed_loop_contrasts:contrast_id=solver_activity_fraction__P_star_minus_B1__adaptive;category=closed_loop:ci95_low,table_model_by_risk_contrasts.csv,contrast_id=solver_activity_fraction__P_star_minus_B1__adaptive;category=closed_loop,ci95_low,0.0,unitless,paired initialisation-group contrast,10,formal_closed_loop,closed_loop/PREDICTOR_BY_RISK_SYNTHESIS.json,contrast_id=solver_activity_fraction__P_star_minus_B1__adaptive;category=closed_loop.ci95_low
closed_loop_contrasts:contrast_id=solver_activity_fraction__P_star_minus_B1__adaptive;category=closed_loop:ci95_high,table_model_by_risk_contrasts.csv,contrast_id=solver_activity_fraction__P_star_minus_B1__adaptive;category=closed_loop,ci95_high,0.0,unitless,paired initialisation-group contrast,10,formal_closed_loop,closed_loop/PREDICTOR_BY_RISK_SYNTHESIS.json,contrast_id=solver_activity_fraction__P_star_minus_B1__adaptive;category=closed_loop.ci95_high
closed_loop_contrasts:contrast_id=solver_activity_fraction__P_star_minus_B1__adaptive;category=closed_loop:raw_sign_flip_p,table_model_by_risk_contrasts.csv,contrast_id=solver_activity_fraction__P_star_minus_B1__adaptive;category=closed_loop,raw_sign_flip_p,1.0,unitless,paired initialisation-group contrast,10,formal_closed_loop,closed_loop/PREDICTOR_BY_RISK_SYNTHESIS.json,contrast_id=solver_activity_fraction__P_star_minus_B1__adaptive;category=closed_loop.raw_sign_flip_p
closed_loop_contrasts:contrast_id=solver_activity_fraction__P_star_minus_B1__adaptive;category=closed_loop:independent_groups,table_model_by_risk_contrasts.csv,contrast_id=solver_activity_fraction__P_star_minus_B1__adaptive;category=closed_loop,independent_groups,10,count,paired initialisation-group contrast,10,formal_closed_loop,closed_loop/PREDICTOR_BY_RISK_SYNTHESIS.json,contrast_id=solver_activity_fraction__P_star_minus_B1__adaptive;category=closed_loop.independent_groups
closed_loop_contrasts:contrast_id=supervisor_active_fraction__P_star_minus_B1__fixed_medium;category=closed_loop:effect,table_model_by_risk_contrasts.csv,contrast_id=supervisor_active_fraction__P_star_minus_B1__fixed_medium;category=closed_loop,effect,-0.0024844881507869398,unitless,paired initialisation-group contrast,10,formal_closed_loop,closed_loop/PREDICTOR_BY_RISK_SYNTHESIS.json,contrast_id=supervisor_active_fraction__P_star_minus_B1__fixed_medium;category=closed_loop.effect
closed_loop_contrasts:contrast_id=supervisor_active_fraction__P_star_minus_B1__fixed_medium;category=closed_loop:ci95_low,table_model_by_risk_contrasts.csv,contrast_id=supervisor_active_fraction__P_star_minus_B1__fixed_medium;category=closed_loop,ci95_low,-0.009661682605769646,unitless,paired initialisation-group contrast,10,formal_closed_loop,closed_loop/PREDICTOR_BY_RISK_SYNTHESIS.json,contrast_id=supervisor_active_fraction__P_star_minus_B1__fixed_medium;category=closed_loop.ci95_low
closed_loop_contrasts:contrast_id=supervisor_active_fraction__P_star_minus_B1__fixed_medium;category=closed_loop:ci95_high,table_model_by_risk_contrasts.csv,contrast_id=supervisor_active_fraction__P_star_minus_B1__fixed_medium;category=closed_loop,ci95_high,0.003963420871184453,unitless,paired initialisation-group contrast,10,formal_closed_loop,closed_loop/PREDICTOR_BY_RISK_SYNTHESIS.json,contrast_id=supervisor_active_fraction__P_star_minus_B1__fixed_medium;category=closed_loop.ci95_high
closed_loop_contrasts:contrast_id=supervisor_active_fraction__P_star_minus_B1__fixed_medium;category=closed_loop:raw_sign_flip_p,table_model_by_risk_contrasts.csv,contrast_id=supervisor_active_fraction__P_star_minus_B1__fixed_medium;category=closed_loop,raw_sign_flip_p,0.5629268292682926,unitless,paired initialisation-group contrast,10,formal_closed_loop,closed_loop/PREDICTOR_BY_RISK_SYNTHESIS.json,contrast_id=supervisor_active_fraction__P_star_minus_B1__fixed_medium;category=closed_loop.raw_sign_flip_p
closed_loop_contrasts:contrast_id=supervisor_active_fraction__P_star_minus_B1__fixed_medium;category=closed_loop:independent_groups,table_model_by_risk_contrasts.csv,contrast_id=supervisor_active_fraction__P_star_minus_B1__fixed_medium;category=closed_loop,independent_groups,10,count,paired initialisation-group contrast,10,formal_closed_loop,closed_loop/PREDICTOR_BY_RISK_SYNTHESIS.json,contrast_id=supervisor_active_fraction__P_star_minus_B1__fixed_medium;category=closed_loop.independent_groups
closed_loop_contrasts:contrast_id=supervisor_active_fraction__P_star_minus_B1__adaptive;category=closed_loop:effect,table_model_by_risk_contrasts.csv,contrast_id=supervisor_active_fraction__P_star_minus_B1__adaptive;category=closed_loop,effect,0.005062594517754121,unitless,paired initialisation-group contrast,10,formal_closed_loop,closed_loop/PREDICTOR_BY_RISK_SYNTHESIS.json,contrast_id=supervisor_active_fraction__P_star_minus_B1__adaptive;category=closed_loop.effect
closed_loop_contrasts:contrast_id=supervisor_active_fraction__P_star_minus_B1__adaptive;category=closed_loop:ci95_low,table_model_by_risk_contrasts.csv,contrast_id=supervisor_active_fraction__P_star_minus_B1__adaptive;category=closed_loop,ci95_low,-0.00021759503912900923,unitless,paired initialisation-group contrast,10,formal_closed_loop,closed_loop/PREDICTOR_BY_RISK_SYNTHESIS.json,contrast_id=supervisor_active_fraction__P_star_minus_B1__adaptive;category=closed_loop.ci95_low
closed_loop_contrasts:contrast_id=supervisor_active_fraction__P_star_minus_B1__adaptive;category=closed_loop:ci95_high,table_model_by_risk_contrasts.csv,contrast_id=supervisor_active_fraction__P_star_minus_B1__adaptive;category=closed_loop,ci95_high,0.010183165742474598,unitless,paired initialisation-group contrast,10,formal_closed_loop,closed_loop/PREDICTOR_BY_RISK_SYNTHESIS.json,contrast_id=supervisor_active_fraction__P_star_minus_B1__adaptive;category=closed_loop.ci95_high
closed_loop_contrasts:contrast_id=supervisor_active_fraction__P_star_minus_B1__adaptive;category=closed_loop:raw_sign_flip_p,table_model_by_risk_contrasts.csv,contrast_id=supervisor_active_fraction__P_star_minus_B1__adaptive;category=closed_loop,raw_sign_flip_p,0.10048780487804879,unitless,paired initialisation-group contrast,10,formal_closed_loop,closed_loop/PREDICTOR_BY_RISK_SYNTHESIS.json,contrast_id=supervisor_active_fraction__P_star_minus_B1__adaptive;category=closed_loop.raw_sign_flip_p
closed_loop_contrasts:contrast_id=supervisor_active_fraction__P_star_minus_B1__adaptive;category=closed_loop:independent_groups,table_model_by_risk_contrasts.csv,contrast_id=supervisor_active_fraction__P_star_minus_B1__adaptive;category=closed_loop,independent_groups,10,count,paired initialisation-group contrast,10,formal_closed_loop,closed_loop/PREDICTOR_BY_RISK_SYNTHESIS.json,contrast_id=supervisor_active_fraction__P_star_minus_B1__adaptive;category=closed_loop.independent_groups
closed_loop_contrasts:contrast_id=inloop_prediction_entropy__P_star_minus_B1__fixed_medium;category=closed_loop:effect,table_model_by_risk_contrasts.csv,contrast_id=inloop_prediction_entropy__P_star_minus_B1__fixed_medium;category=closed_loop,effect,0.012334590289053255,unitless,paired initialisation-group contrast,10,formal_closed_loop,closed_loop/PREDICTOR_BY_RISK_SYNTHESIS.json,contrast_id=inloop_prediction_entropy__P_star_minus_B1__fixed_medium;category=closed_loop.effect
closed_loop_contrasts:contrast_id=inloop_prediction_entropy__P_star_minus_B1__fixed_medium;category=closed_loop:ci95_low,table_model_by_risk_contrasts.csv,contrast_id=inloop_prediction_entropy__P_star_minus_B1__fixed_medium;category=closed_loop,ci95_low,0.007777152396699182,unitless,paired initialisation-group contrast,10,formal_closed_loop,closed_loop/PREDICTOR_BY_RISK_SYNTHESIS.json,contrast_id=inloop_prediction_entropy__P_star_minus_B1__fixed_medium;category=closed_loop.ci95_low
closed_loop_contrasts:contrast_id=inloop_prediction_entropy__P_star_minus_B1__fixed_medium;category=closed_loop:ci95_high,table_model_by_risk_contrasts.csv,contrast_id=inloop_prediction_entropy__P_star_minus_B1__fixed_medium;category=closed_loop,ci95_high,0.016160922809686583,unitless,paired initialisation-group contrast,10,formal_closed_loop,closed_loop/PREDICTOR_BY_RISK_SYNTHESIS.json,contrast_id=inloop_prediction_entropy__P_star_minus_B1__fixed_medium;category=closed_loop.ci95_high
closed_loop_contrasts:contrast_id=inloop_prediction_entropy__P_star_minus_B1__fixed_medium;category=closed_loop:raw_sign_flip_p,table_model_by_risk_contrasts.csv,contrast_id=inloop_prediction_entropy__P_star_minus_B1__fixed_medium;category=closed_loop,raw_sign_flip_p,0.004878048780487805,unitless,paired initialisation-group contrast,10,formal_closed_loop,closed_loop/PREDICTOR_BY_RISK_SYNTHESIS.json,contrast_id=inloop_prediction_entropy__P_star_minus_B1__fixed_medium;category=closed_loop.raw_sign_flip_p
closed_loop_contrasts:contrast_id=inloop_prediction_entropy__P_star_minus_B1__fixed_medium;category=closed_loop:independent_groups,table_model_by_risk_contrasts.csv,contrast_id=inloop_prediction_entropy__P_star_minus_B1__fixed_medium;category=closed_loop,independent_groups,10,count,paired initialisation-group contrast,10,formal_closed_loop,closed_loop/PREDICTOR_BY_RISK_SYNTHESIS.json,contrast_id=inloop_prediction_entropy__P_star_minus_B1__fixed_medium;category=closed_loop.independent_groups
closed_loop_contrasts:contrast_id=inloop_prediction_entropy__P_star_minus_B1__adaptive;category=closed_loop:effect,table_model_by_risk_contrasts.csv,contrast_id=inloop_prediction_entropy__P_star_minus_B1__adaptive;category=closed_loop,effect,0.016901127174588637,unitless,paired initialisation-group contrast,10,formal_closed_loop,closed_loop/PREDICTOR_BY_RISK_SYNTHESIS.json,contrast_id=inloop_prediction_entropy__P_star_minus_B1__adaptive;category=closed_loop.effect
closed_loop_contrasts:contrast_id=inloop_prediction_entropy__P_star_minus_B1__adaptive;category=closed_loop:ci95_low,table_model_by_risk_contrasts.csv,contrast_id=inloop_prediction_entropy__P_star_minus_B1__adaptive;category=closed_loop,ci95_low,0.013256714267958318,unitless,paired initialisation-group contrast,10,formal_closed_loop,closed_loop/PREDICTOR_BY_RISK_SYNTHESIS.json,contrast_id=inloop_prediction_entropy__P_star_minus_B1__adaptive;category=closed_loop.ci95_low
closed_loop_contrasts:contrast_id=inloop_prediction_entropy__P_star_minus_B1__adaptive;category=closed_loop:ci95_high,table_model_by_risk_contrasts.csv,contrast_id=inloop_prediction_entropy__P_star_minus_B1__adaptive;category=closed_loop,ci95_high,0.020381924449531203,unitless,paired initialisation-group contrast,10,formal_closed_loop,closed_loop/PREDICTOR_BY_RISK_SYNTHESIS.json,contrast_id=inloop_prediction_entropy__P_star_minus_B1__adaptive;category=closed_loop.ci95_high
closed_loop_contrasts:contrast_id=inloop_prediction_entropy__P_star_minus_B1__adaptive;category=closed_loop:raw_sign_flip_p,table_model_by_risk_contrasts.csv,contrast_id=inloop_prediction_entropy__P_star_minus_B1__adaptive;category=closed_loop,raw_sign_flip_p,0.002926829268292683,unitless,paired initialisation-group contrast,10,formal_closed_loop,closed_loop/PREDICTOR_BY_RISK_SYNTHESIS.json,contrast_id=inloop_prediction_entropy__P_star_minus_B1__adaptive;category=closed_loop.raw_sign_flip_p
closed_loop_contrasts:contrast_id=inloop_prediction_entropy__P_star_minus_B1__adaptive;category=closed_loop:independent_groups,table_model_by_risk_contrasts.csv,contrast_id=inloop_prediction_entropy__P_star_minus_B1__adaptive;category=closed_loop,independent_groups,10,count,paired initialisation-group contrast,10,formal_closed_loop,closed_loop/PREDICTOR_BY_RISK_SYNTHESIS.json,contrast_id=inloop_prediction_entropy__P_star_minus_B1__adaptive;category=closed_loop.independent_groups
closed_loop_contrasts:contrast_id=inloop_top1_ADE_m__P_star_minus_B1__fixed_medium;category=closed_loop:effect,table_model_by_risk_contrasts.csv,contrast_id=inloop_top1_ADE_m__P_star_minus_B1__fixed_medium;category=closed_loop,effect,-0.036866393060337774,metres,paired initialisation-group contrast,10,formal_closed_loop,closed_loop/PREDICTOR_BY_RISK_SYNTHESIS.json,contrast_id=inloop_top1_ADE_m__P_star_minus_B1__fixed_medium;category=closed_loop.effect
closed_loop_contrasts:contrast_id=inloop_top1_ADE_m__P_star_minus_B1__fixed_medium;category=closed_loop:ci95_low,table_model_by_risk_contrasts.csv,contrast_id=inloop_top1_ADE_m__P_star_minus_B1__fixed_medium;category=closed_loop,ci95_low,-0.05397095051440976,metres,paired initialisation-group contrast,10,formal_closed_loop,closed_loop/PREDICTOR_BY_RISK_SYNTHESIS.json,contrast_id=inloop_top1_ADE_m__P_star_minus_B1__fixed_medium;category=closed_loop.ci95_low
closed_loop_contrasts:contrast_id=inloop_top1_ADE_m__P_star_minus_B1__fixed_medium;category=closed_loop:ci95_high,table_model_by_risk_contrasts.csv,contrast_id=inloop_top1_ADE_m__P_star_minus_B1__fixed_medium;category=closed_loop,ci95_high,-0.02329679881387659,metres,paired initialisation-group contrast,10,formal_closed_loop,closed_loop/PREDICTOR_BY_RISK_SYNTHESIS.json,contrast_id=inloop_top1_ADE_m__P_star_minus_B1__fixed_medium;category=closed_loop.ci95_high
closed_loop_contrasts:contrast_id=inloop_top1_ADE_m__P_star_minus_B1__fixed_medium;category=closed_loop:raw_sign_flip_p,table_model_by_risk_contrasts.csv,contrast_id=inloop_top1_ADE_m__P_star_minus_B1__fixed_medium;category=closed_loop,raw_sign_flip_p,0.002926829268292683,unitless,paired initialisation-group contrast,10,formal_closed_loop,closed_loop/PREDICTOR_BY_RISK_SYNTHESIS.json,contrast_id=inloop_top1_ADE_m__P_star_minus_B1__fixed_medium;category=closed_loop.raw_sign_flip_p
closed_loop_contrasts:contrast_id=inloop_top1_ADE_m__P_star_minus_B1__fixed_medium;category=closed_loop:independent_groups,table_model_by_risk_contrasts.csv,contrast_id=inloop_top1_ADE_m__P_star_minus_B1__fixed_medium;category=closed_loop,independent_groups,10,count,paired initialisation-group contrast,10,formal_closed_loop,closed_loop/PREDICTOR_BY_RISK_SYNTHESIS.json,contrast_id=inloop_top1_ADE_m__P_star_minus_B1__fixed_medium;category=closed_loop.independent_groups
closed_loop_contrasts:contrast_id=inloop_top1_ADE_m__P_star_minus_B1__adaptive;category=closed_loop:effect,table_model_by_risk_contrasts.csv,contrast_id=inloop_top1_ADE_m__P_star_minus_B1__adaptive;category=closed_loop,effect,-0.02213973064398499,metres,paired initialisation-group contrast,10,formal_closed_loop,closed_loop/PREDICTOR_BY_RISK_SYNTHESIS.json,contrast_id=inloop_top1_ADE_m__P_star_minus_B1__adaptive;category=closed_loop.effect
closed_loop_contrasts:contrast_id=inloop_top1_ADE_m__P_star_minus_B1__adaptive;category=closed_loop:ci95_low,table_model_by_risk_contrasts.csv,contrast_id=inloop_top1_ADE_m__P_star_minus_B1__adaptive;category=closed_loop,ci95_low,-0.05465147455889634,metres,paired initialisation-group contrast,10,formal_closed_loop,closed_loop/PREDICTOR_BY_RISK_SYNTHESIS.json,contrast_id=inloop_top1_ADE_m__P_star_minus_B1__adaptive;category=closed_loop.ci95_low
closed_loop_contrasts:contrast_id=inloop_top1_ADE_m__P_star_minus_B1__adaptive;category=closed_loop:ci95_high,table_model_by_risk_contrasts.csv,contrast_id=inloop_top1_ADE_m__P_star_minus_B1__adaptive;category=closed_loop,ci95_high,0.019655553378209165,metres,paired initialisation-group contrast,10,formal_closed_loop,closed_loop/PREDICTOR_BY_RISK_SYNTHESIS.json,contrast_id=inloop_top1_ADE_m__P_star_minus_B1__adaptive;category=closed_loop.ci95_high
closed_loop_contrasts:contrast_id=inloop_top1_ADE_m__P_star_minus_B1__adaptive;category=closed_loop:raw_sign_flip_p,table_model_by_risk_contrasts.csv,contrast_id=inloop_top1_ADE_m__P_star_minus_B1__adaptive;category=closed_loop,raw_sign_flip_p,0.33463414634146343,unitless,paired initialisation-group contrast,10,formal_closed_loop,closed_loop/PREDICTOR_BY_RISK_SYNTHESIS.json,contrast_id=inloop_top1_ADE_m__P_star_minus_B1__adaptive;category=closed_loop.raw_sign_flip_p
closed_loop_contrasts:contrast_id=inloop_top1_ADE_m__P_star_minus_B1__adaptive;category=closed_loop:independent_groups,table_model_by_risk_contrasts.csv,contrast_id=inloop_top1_ADE_m__P_star_minus_B1__adaptive;category=closed_loop,independent_groups,10,count,paired initialisation-group contrast,10,formal_closed_loop,closed_loop/PREDICTOR_BY_RISK_SYNTHESIS.json,contrast_id=inloop_top1_ADE_m__P_star_minus_B1__adaptive;category=closed_loop.independent_groups
closed_loop_contrasts:contrast_id=completion_time_s__model_by_risk__adaptive_minus_fixed_medium;category=closed_loop:effect,table_model_by_risk_contrasts.csv,contrast_id=completion_time_s__model_by_risk__adaptive_minus_fixed_medium;category=closed_loop,effect,-0.3125000046566129,seconds,paired initialisation-group contrast,10,formal_closed_loop,closed_loop/PREDICTOR_BY_RISK_SYNTHESIS.json,contrast_id=completion_time_s__model_by_risk__adaptive_minus_fixed_medium;category=closed_loop.effect
closed_loop_contrasts:contrast_id=completion_time_s__model_by_risk__adaptive_minus_fixed_medium;category=closed_loop:ci95_low,table_model_by_risk_contrasts.csv,contrast_id=completion_time_s__model_by_risk__adaptive_minus_fixed_medium;category=closed_loop,ci95_low,-0.9925000147894025,seconds,paired initialisation-group contrast,10,formal_closed_loop,closed_loop/PREDICTOR_BY_RISK_SYNTHESIS.json,contrast_id=completion_time_s__model_by_risk__adaptive_minus_fixed_medium;category=closed_loop.ci95_low
closed_loop_contrasts:contrast_id=completion_time_s__model_by_risk__adaptive_minus_fixed_medium;category=closed_loop:ci95_high,table_model_by_risk_contrasts.csv,contrast_id=completion_time_s__model_by_risk__adaptive_minus_fixed_medium;category=closed_loop,ci95_high,0.412500006146729,seconds,paired initialisation-group contrast,10,formal_closed_loop,closed_loop/PREDICTOR_BY_RISK_SYNTHESIS.json,contrast_id=completion_time_s__model_by_risk__adaptive_minus_fixed_medium;category=closed_loop.ci95_high
closed_loop_contrasts:contrast_id=completion_time_s__model_by_risk__adaptive_minus_fixed_medium;category=closed_loop:raw_sign_flip_p,table_model_by_risk_contrasts.csv,contrast_id=completion_time_s__model_by_risk__adaptive_minus_fixed_medium;category=closed_loop,raw_sign_flip_p,0.4224390243902439,unitless,paired initialisation-group contrast,10,formal_closed_loop,closed_loop/PREDICTOR_BY_RISK_SYNTHESIS.json,contrast_id=completion_time_s__model_by_risk__adaptive_minus_fixed_medium;category=closed_loop.raw_sign_flip_p
closed_loop_contrasts:contrast_id=completion_time_s__model_by_risk__adaptive_minus_fixed_medium;category=closed_loop:independent_groups,table_model_by_risk_contrasts.csv,contrast_id=completion_time_s__model_by_risk__adaptive_minus_fixed_medium;category=closed_loop,independent_groups,10,count,paired initialisation-group contrast,10,formal_closed_loop,closed_loop/PREDICTOR_BY_RISK_SYNTHESIS.json,contrast_id=completion_time_s__model_by_risk__adaptive_minus_fixed_medium;category=closed_loop.independent_groups
closed_loop_contrasts:contrast_id=min_footprint_separation_m__model_by_risk__adaptive_minus_fixed_medium;category=closed_loop:effect,table_model_by_risk_contrasts.csv,contrast_id=min_footprint_separation_m__model_by_risk__adaptive_minus_fixed_medium;category=closed_loop,effect,0.026809630556774645,metres,paired initialisation-group contrast,10,formal_closed_loop,closed_loop/PREDICTOR_BY_RISK_SYNTHESIS.json,contrast_id=min_footprint_separation_m__model_by_risk__adaptive_minus_fixed_medium;category=closed_loop.effect
closed_loop_contrasts:contrast_id=min_footprint_separation_m__model_by_risk__adaptive_minus_fixed_medium;category=closed_loop:ci95_low,table_model_by_risk_contrasts.csv,contrast_id=min_footprint_separation_m__model_by_risk__adaptive_minus_fixed_medium;category=closed_loop,ci95_low,-0.006890372928839753,metres,paired initialisation-group contrast,10,formal_closed_loop,closed_loop/PREDICTOR_BY_RISK_SYNTHESIS.json,contrast_id=min_footprint_separation_m__model_by_risk__adaptive_minus_fixed_medium;category=closed_loop.ci95_low
closed_loop_contrasts:contrast_id=min_footprint_separation_m__model_by_risk__adaptive_minus_fixed_medium;category=closed_loop:ci95_high,table_model_by_risk_contrasts.csv,contrast_id=min_footprint_separation_m__model_by_risk__adaptive_minus_fixed_medium;category=closed_loop,ci95_high,0.0669912716048526,metres,paired initialisation-group contrast,10,formal_closed_loop,closed_loop/PREDICTOR_BY_RISK_SYNTHESIS.json,contrast_id=min_footprint_separation_m__model_by_risk__adaptive_minus_fixed_medium;category=closed_loop.ci95_high
closed_loop_contrasts:contrast_id=min_footprint_separation_m__model_by_risk__adaptive_minus_fixed_medium;category=closed_loop:raw_sign_flip_p,table_model_by_risk_contrasts.csv,contrast_id=min_footprint_separation_m__model_by_risk__adaptive_minus_fixed_medium;category=closed_loop,raw_sign_flip_p,0.24097560975609755,unitless,paired initialisation-group contrast,10,formal_closed_loop,closed_loop/PREDICTOR_BY_RISK_SYNTHESIS.json,contrast_id=min_footprint_separation_m__model_by_risk__adaptive_minus_fixed_medium;category=closed_loop.raw_sign_flip_p
closed_loop_contrasts:contrast_id=min_footprint_separation_m__model_by_risk__adaptive_minus_fixed_medium;category=closed_loop:independent_groups,table_model_by_risk_contrasts.csv,contrast_id=min_footprint_separation_m__model_by_risk__adaptive_minus_fixed_medium;category=closed_loop,independent_groups,10,count,paired initialisation-group contrast,10,formal_closed_loop,closed_loop/PREDICTOR_BY_RISK_SYNTHESIS.json,contrast_id=min_footprint_separation_m__model_by_risk__adaptive_minus_fixed_medium;category=closed_loop.independent_groups
closed_loop_contrasts:contrast_id=footprint_collision_rate__model_by_risk__adaptive_minus_fixed_medium;category=closed_loop:effect,table_model_by_risk_contrasts.csv,contrast_id=footprint_collision_rate__model_by_risk__adaptive_minus_fixed_medium;category=closed_loop,effect,0.0,unitless,paired initialisation-group contrast,10,formal_closed_loop,closed_loop/PREDICTOR_BY_RISK_SYNTHESIS.json,contrast_id=footprint_collision_rate__model_by_risk__adaptive_minus_fixed_medium;category=closed_loop.effect
closed_loop_contrasts:contrast_id=footprint_collision_rate__model_by_risk__adaptive_minus_fixed_medium;category=closed_loop:ci95_low,table_model_by_risk_contrasts.csv,contrast_id=footprint_collision_rate__model_by_risk__adaptive_minus_fixed_medium;category=closed_loop,ci95_low,0.0,unitless,paired initialisation-group contrast,10,formal_closed_loop,closed_loop/PREDICTOR_BY_RISK_SYNTHESIS.json,contrast_id=footprint_collision_rate__model_by_risk__adaptive_minus_fixed_medium;category=closed_loop.ci95_low
closed_loop_contrasts:contrast_id=footprint_collision_rate__model_by_risk__adaptive_minus_fixed_medium;category=closed_loop:ci95_high,table_model_by_risk_contrasts.csv,contrast_id=footprint_collision_rate__model_by_risk__adaptive_minus_fixed_medium;category=closed_loop,ci95_high,0.0,unitless,paired initialisation-group contrast,10,formal_closed_loop,closed_loop/PREDICTOR_BY_RISK_SYNTHESIS.json,contrast_id=footprint_collision_rate__model_by_risk__adaptive_minus_fixed_medium;category=closed_loop.ci95_high
closed_loop_contrasts:contrast_id=footprint_collision_rate__model_by_risk__adaptive_minus_fixed_medium;category=closed_loop:raw_sign_flip_p,table_model_by_risk_contrasts.csv,contrast_id=footprint_collision_rate__model_by_risk__adaptive_minus_fixed_medium;category=closed_loop,raw_sign_flip_p,1.0,unitless,paired initialisation-group contrast,10,formal_closed_loop,closed_loop/PREDICTOR_BY_RISK_SYNTHESIS.json,contrast_id=footprint_collision_rate__model_by_risk__adaptive_minus_fixed_medium;category=closed_loop.raw_sign_flip_p
closed_loop_contrasts:contrast_id=footprint_collision_rate__model_by_risk__adaptive_minus_fixed_medium;category=closed_loop:independent_groups,table_model_by_risk_contrasts.csv,contrast_id=footprint_collision_rate__model_by_risk__adaptive_minus_fixed_medium;category=closed_loop,independent_groups,10,count,paired initialisation-group contrast,10,formal_closed_loop,closed_loop/PREDICTOR_BY_RISK_SYNTHESIS.json,contrast_id=footprint_collision_rate__model_by_risk__adaptive_minus_fixed_medium;category=closed_loop.independent_groups
closed_loop_contrasts:contrast_id=solver_failure_fraction__model_by_risk__adaptive_minus_fixed_medium;category=closed_loop:effect,table_model_by_risk_contrasts.csv,contrast_id=solver_failure_fraction__model_by_risk__adaptive_minus_fixed_medium;category=closed_loop,effect,0.0008163199598978852,unitless,paired initialisation-group contrast,10,formal_closed_loop,closed_loop/PREDICTOR_BY_RISK_SYNTHESIS.json,contrast_id=solver_failure_fraction__model_by_risk__adaptive_minus_fixed_medium;category=closed_loop.effect
closed_loop_contrasts:contrast_id=solver_failure_fraction__model_by_risk__adaptive_minus_fixed_medium;category=closed_loop:ci95_low,table_model_by_risk_contrasts.csv,contrast_id=solver_failure_fraction__model_by_risk__adaptive_minus_fixed_medium;category=closed_loop,ci95_low,-0.0003300811642906195,unitless,paired initialisation-group contrast,10,formal_closed_loop,closed_loop/PREDICTOR_BY_RISK_SYNTHESIS.json,contrast_id=solver_failure_fraction__model_by_risk__adaptive_minus_fixed_medium;category=closed_loop.ci95_low
closed_loop_contrasts:contrast_id=solver_failure_fraction__model_by_risk__adaptive_minus_fixed_medium;category=closed_loop:ci95_high,table_model_by_risk_contrasts.csv,contrast_id=solver_failure_fraction__model_by_risk__adaptive_minus_fixed_medium;category=closed_loop,ci95_high,0.0017587345400816193,unitless,paired initialisation-group contrast,10,formal_closed_loop,closed_loop/PREDICTOR_BY_RISK_SYNTHESIS.json,contrast_id=solver_failure_fraction__model_by_risk__adaptive_minus_fixed_medium;category=closed_loop.ci95_high
closed_loop_contrasts:contrast_id=solver_failure_fraction__model_by_risk__adaptive_minus_fixed_medium;category=closed_loop:raw_sign_flip_p,table_model_by_risk_contrasts.csv,contrast_id=solver_failure_fraction__model_by_risk__adaptive_minus_fixed_medium;category=closed_loop,raw_sign_flip_p,0.18439024390243902,unitless,paired initialisation-group contrast,10,formal_closed_loop,closed_loop/PREDICTOR_BY_RISK_SYNTHESIS.json,contrast_id=solver_failure_fraction__model_by_risk__adaptive_minus_fixed_medium;category=closed_loop.raw_sign_flip_p
closed_loop_contrasts:contrast_id=solver_failure_fraction__model_by_risk__adaptive_minus_fixed_medium;category=closed_loop:independent_groups,table_model_by_risk_contrasts.csv,contrast_id=solver_failure_fraction__model_by_risk__adaptive_minus_fixed_medium;category=closed_loop,independent_groups,10,count,paired initialisation-group contrast,10,formal_closed_loop,closed_loop/PREDICTOR_BY_RISK_SYNTHESIS.json,contrast_id=solver_failure_fraction__model_by_risk__adaptive_minus_fixed_medium;category=closed_loop.independent_groups
closed_loop_contrasts:contrast_id=prediction_fallback_fraction__model_by_risk__adaptive_minus_fixed_medium;category=closed_loop:effect,table_model_by_risk_contrasts.csv,contrast_id=prediction_fallback_fraction__model_by_risk__adaptive_minus_fixed_medium;category=closed_loop,effect,0.0020358640421215156,unitless,paired initialisation-group contrast,10,formal_closed_loop,closed_loop/PREDICTOR_BY_RISK_SYNTHESIS.json,contrast_id=prediction_fallback_fraction__model_by_risk__adaptive_minus_fixed_medium;category=closed_loop.effect
closed_loop_contrasts:contrast_id=prediction_fallback_fraction__model_by_risk__adaptive_minus_fixed_medium;category=closed_loop:ci95_low,table_model_by_risk_contrasts.csv,contrast_id=prediction_fallback_fraction__model_by_risk__adaptive_minus_fixed_medium;category=closed_loop,ci95_low,-0.0025624503692984863,unitless,paired initialisation-group contrast,10,formal_closed_loop,closed_loop/PREDICTOR_BY_RISK_SYNTHESIS.json,contrast_id=prediction_fallback_fraction__model_by_risk__adaptive_minus_fixed_medium;category=closed_loop.ci95_low
closed_loop_contrasts:contrast_id=prediction_fallback_fraction__model_by_risk__adaptive_minus_fixed_medium;category=closed_loop:ci95_high,table_model_by_risk_contrasts.csv,contrast_id=prediction_fallback_fraction__model_by_risk__adaptive_minus_fixed_medium;category=closed_loop,ci95_high,0.0063842531702318975,unitless,paired initialisation-group contrast,10,formal_closed_loop,closed_loop/PREDICTOR_BY_RISK_SYNTHESIS.json,contrast_id=prediction_fallback_fraction__model_by_risk__adaptive_minus_fixed_medium;category=closed_loop.ci95_high
closed_loop_contrasts:contrast_id=prediction_fallback_fraction__model_by_risk__adaptive_minus_fixed_medium;category=closed_loop:raw_sign_flip_p,table_model_by_risk_contrasts.csv,contrast_id=prediction_fallback_fraction__model_by_risk__adaptive_minus_fixed_medium;category=closed_loop,raw_sign_flip_p,0.4029268292682927,unitless,paired initialisation-group contrast,10,formal_closed_loop,closed_loop/PREDICTOR_BY_RISK_SYNTHESIS.json,contrast_id=prediction_fallback_fraction__model_by_risk__adaptive_minus_fixed_medium;category=closed_loop.raw_sign_flip_p
closed_loop_contrasts:contrast_id=prediction_fallback_fraction__model_by_risk__adaptive_minus_fixed_medium;category=closed_loop:independent_groups,table_model_by_risk_contrasts.csv,contrast_id=prediction_fallback_fraction__model_by_risk__adaptive_minus_fixed_medium;category=closed_loop,independent_groups,10,count,paired initialisation-group contrast,10,formal_closed_loop,closed_loop/PREDICTOR_BY_RISK_SYNTHESIS.json,contrast_id=prediction_fallback_fraction__model_by_risk__adaptive_minus_fixed_medium;category=closed_loop.independent_groups
closed_loop_contrasts:contrast_id=solver_activity_fraction__model_by_risk__adaptive_minus_fixed_medium;category=closed_loop:effect,table_model_by_risk_contrasts.csv,contrast_id=solver_activity_fraction__model_by_risk__adaptive_minus_fixed_medium;category=closed_loop,effect,0.0,unitless,paired initialisation-group contrast,10,formal_closed_loop,closed_loop/PREDICTOR_BY_RISK_SYNTHESIS.json,contrast_id=solver_activity_fraction__model_by_risk__adaptive_minus_fixed_medium;category=closed_loop.effect
closed_loop_contrasts:contrast_id=solver_activity_fraction__model_by_risk__adaptive_minus_fixed_medium;category=closed_loop:ci95_low,table_model_by_risk_contrasts.csv,contrast_id=solver_activity_fraction__model_by_risk__adaptive_minus_fixed_medium;category=closed_loop,ci95_low,0.0,unitless,paired initialisation-group contrast,10,formal_closed_loop,closed_loop/PREDICTOR_BY_RISK_SYNTHESIS.json,contrast_id=solver_activity_fraction__model_by_risk__adaptive_minus_fixed_medium;category=closed_loop.ci95_low
closed_loop_contrasts:contrast_id=solver_activity_fraction__model_by_risk__adaptive_minus_fixed_medium;category=closed_loop:ci95_high,table_model_by_risk_contrasts.csv,contrast_id=solver_activity_fraction__model_by_risk__adaptive_minus_fixed_medium;category=closed_loop,ci95_high,0.0,unitless,paired initialisation-group contrast,10,formal_closed_loop,closed_loop/PREDICTOR_BY_RISK_SYNTHESIS.json,contrast_id=solver_activity_fraction__model_by_risk__adaptive_minus_fixed_medium;category=closed_loop.ci95_high
closed_loop_contrasts:contrast_id=solver_activity_fraction__model_by_risk__adaptive_minus_fixed_medium;category=closed_loop:raw_sign_flip_p,table_model_by_risk_contrasts.csv,contrast_id=solver_activity_fraction__model_by_risk__adaptive_minus_fixed_medium;category=closed_loop,raw_sign_flip_p,1.0,unitless,paired initialisation-group contrast,10,formal_closed_loop,closed_loop/PREDICTOR_BY_RISK_SYNTHESIS.json,contrast_id=solver_activity_fraction__model_by_risk__adaptive_minus_fixed_medium;category=closed_loop.raw_sign_flip_p
closed_loop_contrasts:contrast_id=solver_activity_fraction__model_by_risk__adaptive_minus_fixed_medium;category=closed_loop:independent_groups,table_model_by_risk_contrasts.csv,contrast_id=solver_activity_fraction__model_by_risk__adaptive_minus_fixed_medium;category=closed_loop,independent_groups,10,count,paired initialisation-group contrast,10,formal_closed_loop,closed_loop/PREDICTOR_BY_RISK_SYNTHESIS.json,contrast_id=solver_activity_fraction__model_by_risk__adaptive_minus_fixed_medium;category=closed_loop.independent_groups
closed_loop_contrasts:contrast_id=supervisor_active_fraction__model_by_risk__adaptive_minus_fixed_medium;category=closed_loop:effect,table_model_by_risk_contrasts.csv,contrast_id=supervisor_active_fraction__model_by_risk__adaptive_minus_fixed_medium;category=closed_loop,effect,0.007547082668541061,unitless,paired initialisation-group contrast,10,formal_closed_loop,closed_loop/PREDICTOR_BY_RISK_SYNTHESIS.json,contrast_id=supervisor_active_fraction__model_by_risk__adaptive_minus_fixed_medium;category=closed_loop.effect
closed_loop_contrasts:contrast_id=supervisor_active_fraction__model_by_risk__adaptive_minus_fixed_medium;category=closed_loop:ci95_low,table_model_by_risk_contrasts.csv,contrast_id=supervisor_active_fraction__model_by_risk__adaptive_minus_fixed_medium;category=closed_loop,ci95_low,-0.0005379441045142318,unitless,paired initialisation-group contrast,10,formal_closed_loop,closed_loop/PREDICTOR_BY_RISK_SYNTHESIS.json,contrast_id=supervisor_active_fraction__model_by_risk__adaptive_minus_fixed_medium;category=closed_loop.ci95_low
closed_loop_contrasts:contrast_id=supervisor_active_fraction__model_by_risk__adaptive_minus_fixed_medium;category=closed_loop:ci95_high,table_model_by_risk_contrasts.csv,contrast_id=supervisor_active_fraction__model_by_risk__adaptive_minus_fixed_medium;category=closed_loop,ci95_high,0.01626643208502641,unitless,paired initialisation-group contrast,10,formal_closed_loop,closed_loop/PREDICTOR_BY_RISK_SYNTHESIS.json,contrast_id=supervisor_active_fraction__model_by_risk__adaptive_minus_fixed_medium;category=closed_loop.ci95_high
closed_loop_contrasts:contrast_id=supervisor_active_fraction__model_by_risk__adaptive_minus_fixed_medium;category=closed_loop:raw_sign_flip_p,table_model_by_risk_contrasts.csv,contrast_id=supervisor_active_fraction__model_by_risk__adaptive_minus_fixed_medium;category=closed_loop,raw_sign_flip_p,0.11609756097560976,unitless,paired initialisation-group contrast,10,formal_closed_loop,closed_loop/PREDICTOR_BY_RISK_SYNTHESIS.json,contrast_id=supervisor_active_fraction__model_by_risk__adaptive_minus_fixed_medium;category=closed_loop.raw_sign_flip_p
closed_loop_contrasts:contrast_id=supervisor_active_fraction__model_by_risk__adaptive_minus_fixed_medium;category=closed_loop:independent_groups,table_model_by_risk_contrasts.csv,contrast_id=supervisor_active_fraction__model_by_risk__adaptive_minus_fixed_medium;category=closed_loop,independent_groups,10,count,paired initialisation-group contrast,10,formal_closed_loop,closed_loop/PREDICTOR_BY_RISK_SYNTHESIS.json,contrast_id=supervisor_active_fraction__model_by_risk__adaptive_minus_fixed_medium;category=closed_loop.independent_groups
closed_loop_contrasts:contrast_id=inloop_prediction_entropy__model_by_risk__adaptive_minus_fixed_medium;category=closed_loop:effect,table_model_by_risk_contrasts.csv,contrast_id=inloop_prediction_entropy__model_by_risk__adaptive_minus_fixed_medium;category=closed_loop,effect,0.004566536885535382,unitless,paired initialisation-group contrast,10,formal_closed_loop,closed_loop/PREDICTOR_BY_RISK_SYNTHESIS.json,contrast_id=inloop_prediction_entropy__model_by_risk__adaptive_minus_fixed_medium;category=closed_loop.effect
closed_loop_contrasts:contrast_id=inloop_prediction_entropy__model_by_risk__adaptive_minus_fixed_medium;category=closed_loop:ci95_low,table_model_by_risk_contrasts.csv,contrast_id=inloop_prediction_entropy__model_by_risk__adaptive_minus_fixed_medium;category=closed_loop,ci95_low,-0.00027895099009966895,unitless,paired initialisation-group contrast,10,formal_closed_loop,closed_loop/PREDICTOR_BY_RISK_SYNTHESIS.json,contrast_id=inloop_prediction_entropy__model_by_risk__adaptive_minus_fixed_medium;category=closed_loop.ci95_low
closed_loop_contrasts:contrast_id=inloop_prediction_entropy__model_by_risk__adaptive_minus_fixed_medium;category=closed_loop:ci95_high,table_model_by_risk_contrasts.csv,contrast_id=inloop_prediction_entropy__model_by_risk__adaptive_minus_fixed_medium;category=closed_loop,ci95_high,0.01150374266181803,unitless,paired initialisation-group contrast,10,formal_closed_loop,closed_loop/PREDICTOR_BY_RISK_SYNTHESIS.json,contrast_id=inloop_prediction_entropy__model_by_risk__adaptive_minus_fixed_medium;category=closed_loop.ci95_high
closed_loop_contrasts:contrast_id=inloop_prediction_entropy__model_by_risk__adaptive_minus_fixed_medium;category=closed_loop:raw_sign_flip_p,table_model_by_risk_contrasts.csv,contrast_id=inloop_prediction_entropy__model_by_risk__adaptive_minus_fixed_medium;category=closed_loop,raw_sign_flip_p,0.1551219512195122,unitless,paired initialisation-group contrast,10,formal_closed_loop,closed_loop/PREDICTOR_BY_RISK_SYNTHESIS.json,contrast_id=inloop_prediction_entropy__model_by_risk__adaptive_minus_fixed_medium;category=closed_loop.raw_sign_flip_p
closed_loop_contrasts:contrast_id=inloop_prediction_entropy__model_by_risk__adaptive_minus_fixed_medium;category=closed_loop:independent_groups,table_model_by_risk_contrasts.csv,contrast_id=inloop_prediction_entropy__model_by_risk__adaptive_minus_fixed_medium;category=closed_loop,independent_groups,10,count,paired initialisation-group contrast,10,formal_closed_loop,closed_loop/PREDICTOR_BY_RISK_SYNTHESIS.json,contrast_id=inloop_prediction_entropy__model_by_risk__adaptive_minus_fixed_medium;category=closed_loop.independent_groups
closed_loop_contrasts:contrast_id=inloop_top1_ADE_m__model_by_risk__adaptive_minus_fixed_medium;category=closed_loop:effect,table_model_by_risk_contrasts.csv,contrast_id=inloop_top1_ADE_m__model_by_risk__adaptive_minus_fixed_medium;category=closed_loop,effect,0.014726662416352787,metres,paired initialisation-group contrast,10,formal_closed_loop,closed_loop/PREDICTOR_BY_RISK_SYNTHESIS.json,contrast_id=inloop_top1_ADE_m__model_by_risk__adaptive_minus_fixed_medium;category=closed_loop.effect
closed_loop_contrasts:contrast_id=inloop_top1_ADE_m__model_by_risk__adaptive_minus_fixed_medium;category=closed_loop:ci95_low,table_model_by_risk_contrasts.csv,contrast_id=inloop_top1_ADE_m__model_by_risk__adaptive_minus_fixed_medium;category=closed_loop,ci95_low,-0.009030817882131077,metres,paired initialisation-group contrast,10,formal_closed_loop,closed_loop/PREDICTOR_BY_RISK_SYNTHESIS.json,contrast_id=inloop_top1_ADE_m__model_by_risk__adaptive_minus_fixed_medium;category=closed_loop.ci95_low
closed_loop_contrasts:contrast_id=inloop_top1_ADE_m__model_by_risk__adaptive_minus_fixed_medium;category=closed_loop:ci95_high,table_model_by_risk_contrasts.csv,contrast_id=inloop_top1_ADE_m__model_by_risk__adaptive_minus_fixed_medium;category=closed_loop,ci95_high,0.05679393153683341,metres,paired initialisation-group contrast,10,formal_closed_loop,closed_loop/PREDICTOR_BY_RISK_SYNTHESIS.json,contrast_id=inloop_top1_ADE_m__model_by_risk__adaptive_minus_fixed_medium;category=closed_loop.ci95_high
closed_loop_contrasts:contrast_id=inloop_top1_ADE_m__model_by_risk__adaptive_minus_fixed_medium;category=closed_loop:raw_sign_flip_p,table_model_by_risk_contrasts.csv,contrast_id=inloop_top1_ADE_m__model_by_risk__adaptive_minus_fixed_medium;category=closed_loop,raw_sign_flip_p,0.9414634146341463,unitless,paired initialisation-group contrast,10,formal_closed_loop,closed_loop/PREDICTOR_BY_RISK_SYNTHESIS.json,contrast_id=inloop_top1_ADE_m__model_by_risk__adaptive_minus_fixed_medium;category=closed_loop.raw_sign_flip_p
closed_loop_contrasts:contrast_id=inloop_top1_ADE_m__model_by_risk__adaptive_minus_fixed_medium;category=closed_loop:independent_groups,table_model_by_risk_contrasts.csv,contrast_id=inloop_top1_ADE_m__model_by_risk__adaptive_minus_fixed_medium;category=closed_loop,independent_groups,10,count,paired initialisation-group contrast,10,formal_closed_loop,closed_loop/PREDICTOR_BY_RISK_SYNTHESIS.json,contrast_id=inloop_top1_ADE_m__model_by_risk__adaptive_minus_fixed_medium;category=closed_loop.independent_groups
b1_allocation:contrast_id=B1_minus_mlp_full_large;category=adaptation_allocation:effect,table_b1_adaptation_allocation.csv,contrast_id=B1_minus_mlp_full_large;category=adaptation_allocation,effect,0.020280615488688154,nats per valid prediction step,macro mean over declared grouping unit,5,retrospective_held_out,postprocess/offline_synthesis.json,contrast_id=B1_minus_mlp_full_large;category=adaptation_allocation.effect
b1_allocation:contrast_id=B1_minus_mlp_full_large;category=adaptation_allocation:ci95_low,table_b1_adaptation_allocation.csv,contrast_id=B1_minus_mlp_full_large;category=adaptation_allocation,ci95_low,0.01589811642964681,nats per valid prediction step,macro mean over declared grouping unit,5,retrospective_held_out,postprocess/offline_synthesis.json,contrast_id=B1_minus_mlp_full_large;category=adaptation_allocation.ci95_low
b1_allocation:contrast_id=B1_minus_mlp_full_large;category=adaptation_allocation:ci95_high,table_b1_adaptation_allocation.csv,contrast_id=B1_minus_mlp_full_large;category=adaptation_allocation,ci95_high,0.02489811579386393,nats per valid prediction step,macro mean over declared grouping unit,5,retrospective_held_out,postprocess/offline_synthesis.json,contrast_id=B1_minus_mlp_full_large;category=adaptation_allocation.ci95_high
b1_allocation:contrast_id=B1_minus_mlp_full_large;category=adaptation_allocation:raw_sign_flip_p,table_b1_adaptation_allocation.csv,contrast_id=B1_minus_mlp_full_large;category=adaptation_allocation,raw_sign_flip_p,0.09090909090909091,unitless,macro mean over declared grouping unit,5,retrospective_held_out,postprocess/offline_synthesis.json,contrast_id=B1_minus_mlp_full_large;category=adaptation_allocation.raw_sign_flip_p
b1_allocation:contrast_id=B1_minus_mlp_full_large;category=adaptation_allocation:independent_groups,table_b1_adaptation_allocation.csv,contrast_id=B1_minus_mlp_full_large;category=adaptation_allocation,independent_groups,5,count,macro mean over declared grouping unit,5,retrospective_held_out,postprocess/offline_synthesis.json,contrast_id=B1_minus_mlp_full_large;category=adaptation_allocation.independent_groups
b1_allocation:contrast_id=B1_minus_transformer_full_large;category=adaptation_allocation:effect,table_b1_adaptation_allocation.csv,contrast_id=B1_minus_transformer_full_large;category=adaptation_allocation,effect,0.02698844273885091,nats per valid prediction step,macro mean over declared grouping unit,5,retrospective_held_out,postprocess/offline_synthesis.json,contrast_id=B1_minus_transformer_full_large;category=adaptation_allocation.effect
b1_allocation:contrast_id=B1_minus_transformer_full_large;category=adaptation_allocation:ci95_low,table_b1_adaptation_allocation.csv,contrast_id=B1_minus_transformer_full_large;category=adaptation_allocation,ci95_low,0.024020210901896162,nats per valid prediction step,macro mean over declared grouping unit,5,retrospective_held_out,postprocess/offline_synthesis.json,contrast_id=B1_minus_transformer_full_large;category=adaptation_allocation.ci95_low
b1_allocation:contrast_id=B1_minus_transformer_full_large;category=adaptation_allocation:ci95_high,table_b1_adaptation_allocation.csv,contrast_id=B1_minus_transformer_full_large;category=adaptation_allocation,ci95_high,0.029987780253092445,nats per valid prediction step,macro mean over declared grouping unit,5,retrospective_held_out,postprocess/offline_synthesis.json,contrast_id=B1_minus_transformer_full_large;category=adaptation_allocation.ci95_high
b1_allocation:contrast_id=B1_minus_transformer_full_large;category=adaptation_allocation:raw_sign_flip_p,table_b1_adaptation_allocation.csv,contrast_id=B1_minus_transformer_full_large;category=adaptation_allocation,raw_sign_flip_p,0.09090909090909091,unitless,macro mean over declared grouping unit,5,retrospective_held_out,postprocess/offline_synthesis.json,contrast_id=B1_minus_transformer_full_large;category=adaptation_allocation.raw_sign_flip_p
b1_allocation:contrast_id=B1_minus_transformer_full_large;category=adaptation_allocation:independent_groups,table_b1_adaptation_allocation.csv,contrast_id=B1_minus_transformer_full_large;category=adaptation_allocation,independent_groups,5,count,macro mean over declared grouping unit,5,retrospective_held_out,postprocess/offline_synthesis.json,contrast_id=B1_minus_transformer_full_large;category=adaptation_allocation.independent_groups
